Type,Air temperature [K],Process temperature [K],Rotational speed [rpm],Torque [Nm],Tool wear [min]
0.5,0.7282608695652115,0.6419753086419746,0.39587628865979374,0.6323529411764707,0.2134387351778656
0.5,0.18478260869564878,0.3209876543209944,0.31752577319587627,0.6176470588235294,0.5217391304347826
0.5,0.6195652173912976,0.7283950617283992,0.25979381443298966,0.6029411764705883,0.541501976284585
0.0,0.3913043478260789,0.5061728395061778,0.3340206185567012,0.7996323529411766,0.3320158102766798
0.0,0.19565217391303946,0.3456790123456841,0.7766323024054982,0.29227941176470584,0.1976284584980237
1.0,0.3260869565217348,0.3950617283950635,0.7395189003436426,0.3492647058823529,0.03162055335968379
0.5,0.5869565217391255,0.654320987654323,0.13058419243986252,0.7261029411764707,0.4110671936758893
1.0,0.25,0.4074074074074119,0.33676975945017196,0.5036764705882354,0.20158102766798416
0.5,0.9347826086956488,0.9259259259259238,0.604810996563574,0.511029411764706,0.31225296442687744
1.0,0.21739130434782084,0.3580246913580325,0.361512027491409,0.536764705882353,0.43083003952569165
0.0,0.3913043478260789,0.5432098765432158,0.40962199312714764,0.5459558823529412,0.7391304347826086
0.0,0.28260869565216495,0.3580246913580325,0.7189003436426118,0.3088235294117647,0.458498023715415
0.0,0.4239130434782581,0.6172839506172849,0.511340206185567,0.43198529411764697,0.691699604743083
0.0,0.3369565217391255,0.3333333333333357,0.4769759450171822,0.5018382352941178,0.7075098814229248
0.5,0.5543478260869534,0.5061728395061778,0.3477663230240551,0.6323529411764707,0.0
0.0,0.36956521739129755,0.518518518518519,0.6171821305841925,0.3713235294117647,0.8023715415019762
0.0,0.2608695652173836,0.3703703703703738,0.11134020618556706,0.8750000000000002,0.5652173913043478
0.0,0.3913043478260789,0.5308641975308674,0.5443298969072168,0.38602941176470584,0.7233201581027667
0.0,0.30434782608695343,0.3703703703703738,0.5498281786941583,0.36948529411764697,0.03952569169960474
0.0,0.9565217391304373,0.9259259259259238,0.36563573883161515,0.6856617647058825,0.16996047430830039
0.0,0.7826086956521721,0.6666666666666714,0.5539518900343645,0.3933823529411765,0.7944664031620553
1.0,0.4239130434782581,0.3827160493827222,1.0,0.15624999999999986,0.4110671936758893
0.0,0.46739130434782794,0.5555555555555571,0.4123711340206184,0.6470588235294119,0.035573122529644265
1.0,0.6195652173912976,0.8024691358024683,0.44123711340206206,0.5055147058823529,0.4624505928853755
0.0,0.4130434782608674,0.5925925925925952,0.30378006872852237,0.8933823529411766,0.25296442687747034
0.0,0.7717391304347743,0.5555555555555571,0.2515463917525773,0.5937500000000001,0.6640316205533596
0.0,0.4130434782608674,0.5925925925925952,0.5003436426116838,0.4375,0.24505928853754938
0.0,0.5760869565217348,0.48148148148148806,0.7670103092783505,0.3161764705882353,0.5810276679841897
0.0,0.6956521739130395,0.6790123456790127,0.5786941580756015,0.46139705882352944,0.2964426877470355
0.0,0.1630434782608674,0.22222222222222143,0.24604810996563575,0.7720588235294119,0.16996047430830039
0.0,0.5869565217391255,0.7530864197530889,0.4371134020618559,0.6341911764705883,0.07509881422924901
0.0,0.46739130434782794,0.654320987654323,0.3601374570446736,0.46875,0.49011857707509876
0.0,0.19565217391303946,0.3209876543209944,0.32302405498281805,0.7591911764705884,0.7075098814229248
0.0,0.5869565217391255,0.6049382716049436,0.48384879725085916,0.6084558823529412,0.5770750988142292
0.5,0.3913043478260789,0.308641975308646,0.28041237113402073,0.9338235294117649,0.11857707509881422
0.0,0.36956521739129755,0.5061728395061778,0.2556701030927835,0.7444852941176472,0.8379446640316205
0.0,0.4782608695652115,0.4197530864197603,0.24604810996563575,0.78125,0.5494071146245059
0.0,0.5869565217391255,0.46913580246913966,0.4673539518900345,0.49816176470588236,0.23320158102766797
0.5,0.8369565217391255,0.8765432098765444,0.65979381443299,0.35477941176470584,0.4110671936758893
0.5,0.5543478260869534,0.7407407407407405,0.9127147766323027,0.20955882352941166,0.7075098814229248
0.5,0.7282608695652115,0.6666666666666714,0.3271477663230242,0.661764705882353,0.6284584980237153
0.0,0.3260869565217348,0.2962962962963047,0.21718213058419256,0.8382352941176472,0.3557312252964427
0.0,0.3913043478260789,0.5679012345679055,0.39587628865979374,0.5753676470588236,0.46640316205533594
0.0,0.29347826086956275,0.3456790123456841,0.7340206185567011,0.2555147058823528,0.8023715415019762
0.0,0.7934782608695627,0.7037037037037024,0.7835051546391756,0.23897058823529402,0.5059288537549407
0.0,0.19565217391303946,0.308641975308646,0.24604810996563575,0.698529411764706,0.19367588932806323
0.0,0.9239130434782581,0.864197530864196,0.6817869415807563,0.3033088235294117,0.7035573122529644
0.0,0.35869565217391397,0.5061728395061778,0.6446735395189003,0.4007352941176471,0.8181818181818181
0.0,0.6847826086956488,0.6666666666666714,1.0,0.15992647058823514,0.40316205533596833
0.5,0.7608695652173907,0.6790123456790127,0.4632302405498283,0.43933823529411775,0.308300395256917
0.5,0.3152173913043441,0.4074074074074119,0.3326460481099658,0.6397058823529412,0.30039525691699603
0.0,0.1630434782608674,0.2716049382716008,0.7436426116838488,0.2867647058823528,0.46640316205533594
0.5,0.20652173913043015,0.3209876543209944,0.8357388316151204,0.27941176470588225,0.16996047430830039
0.0,0.5326086956521721,0.5555555555555571,0.5938144329896908,0.34375,0.0909090909090909
0.0,0.6195652173912976,0.6172839506172849,0.30652920962199315,0.5919117647058825,0.4861660079051383
1.0,0.36956521739129755,0.44444444444444997,0.32164948453608244,0.5974264705882353,0.7509881422924901
0.5,0.30434782608695343,0.2716049382716008,0.4508591065292098,0.5,0.0
0.0,0.6739130434782581,0.5679012345679055,0.33951890034364274,0.5294117647058825,0.11067193675889328
0.0,0.6304347826086953,0.6666666666666714,0.7463917525773196,0.2996323529411764,0.6719367588932806
0.5,0.1630434782608674,0.2592592592592595,0.6817869415807563,0.3676470588235293,0.5612648221343873
0.0,0.3152173913043441,0.3333333333333357,0.4247422680412374,0.6819852941176472,0.2845849802371541
0.5,0.22826086956521152,0.4074074074074119,0.48384879725085916,0.44485294117647056,0.5810276679841897
0.5,0.3913043478260789,0.3950617283950635,0.4384879725085913,0.4908088235294118,0.11857707509881422
0.0,0.4347826086956488,0.4197530864197603,0.5264604810996563,0.48345588235294124,0.5810276679841897
0.0,0.3260869565217348,0.308641975308646,0.6804123711340209,0.2867647058823528,0.26482213438735175
0.5,0.6195652173912976,0.654320987654323,0.35051546391752586,0.47426470588235303,0.7865612648221343
0.0,0.6739130434782581,0.6666666666666714,0.36563573883161515,0.6764705882352943,0.5098814229249011
0.5,0.5652173913043441,0.7283950617283992,0.423367697594502,0.48345588235294124,0.7865612648221343
0.0,0.5760869565217348,0.5308641975308674,0.35326460481099664,0.6746323529411765,0.6877470355731224
0.5,0.6521739130434767,0.6296296296296333,0.39450171821305835,0.5220588235294119,0.22134387351778656
0.5,0.20652173913043015,0.3333333333333357,0.9553264604810998,0.2426470588235293,0.43478260869565216
0.0,0.38043478260869534,0.3827160493827222,0.48797250859106533,0.5808823529411765,0.21739130434782608
0.0,0.5543478260869534,0.5308641975308674,0.8261168384879727,0.244485294117647,0.15019762845849802
0.0,0.6847826086956488,0.6666666666666714,0.329896907216495,0.5808823529411765,0.41897233201581024
0.5,0.36956521739129755,0.48148148148148806,0.35189003436426125,0.6911764705882354,0.12648221343873517
0.0,0.6739130434782581,0.6172839506172849,0.36701030927835054,0.4724264705882353,0.8853754940711462
0.5,0.29347826086956275,0.2962962962963047,0.5278350515463917,0.4375,0.7509881422924901
0.5,0.7499999999999929,0.7283950617283992,0.5828178694158077,0.45772058823529416,0.31225296442687744
0.0,0.5760869565217348,0.5802469135802468,0.448109965635739,0.6341911764705883,0.46640316205533594
0.5,0.2391304347826022,0.45679012345679126,0.36426116838487976,0.6525735294117647,0.5494071146245059
0.0,0.21739130434782084,0.3703703703703738,0.44398625429553285,0.5036764705882354,0.4426877470355731
0.0,0.5217391304347814,0.7160493827160508,1.0,0.07720588235294099,0.4861660079051383
1.0,0.7282608695652115,0.6419753086419746,0.7024054982817871,0.29779411764705876,0.8774703557312252
0.0,0.4239130434782581,0.3333333333333357,0.30927835051546393,0.6544117647058825,0.13833992094861658
0.5,0.7391304347826093,0.6172839506172849,0.2694158075601376,0.6433823529411765,0.8418972332015809
0.5,0.5108695652173907,0.4320987654321016,0.6419243986254295,0.36029411764705876,0.015810276679841896
0.0,0.6630434782608603,0.6296296296296333,0.361512027491409,0.5790441176470589,0.08300395256916995
0.0,0.5978260869565162,0.5679012345679055,0.5072164948453608,0.37683823529411753,0.20553359683794464
1.0,0.4782608695652115,0.4320987654321016,0.5553264604810999,0.3676470588235293,0.5612648221343873
0.5,0.1630434782608674,0.2716049382716008,0.927835051546392,0.22794117647058812,0.458498023715415
1.0,0.29347826086956275,0.24691358024691112,0.5209621993127147,0.4411764705882353,0.7351778656126482
0.0,0.6195652173912976,0.6419753086419746,0.7024054982817871,0.3125,0.25296442687747034
0.0,0.043478260869562746,0.04938271604938649,0.2405498281786942,0.7647058823529413,0.4703557312252964
0.5,0.4347826086956488,0.6172839506172849,0.2831615120274915,0.6636029411764707,0.8774703557312252
0.0,0.5978260869565162,0.49382716049382935,0.2817869415807561,0.599264705882353,0.7075098814229248
0.0,0.35869565217391397,0.49382716049382935,0.6309278350515464,0.3786764705882353,0.3913043478260869
0.0,0.5543478260869534,0.7160493827160508,0.44536082474226824,0.5845588235294119,0.5889328063241106
0.0,0.5543478260869534,0.5925925925925952,1.0,0.031249999999999806,0.04743083003952569
0.0,0.6521739130434767,0.5925925925925952,0.270790378006873,0.641544117647059,0.27667984189723316
0.0,0.5108695652173907,0.48148148148148806,0.723024054982818,0.29227941176470584,0.37154150197628455
0.0,0.6630434782608603,0.5679012345679055,1.0,0.06985294117647042,0.6679841897233201
0.0,0.7717391304347743,0.6419753086419746,0.4137457044673538,0.49264705882352944,0.33992094861660077
0.5,0.21739130434782084,0.3580246913580325,0.5718213058419246,0.3051470588235293,0.5573122529644269
0.5,0.9673913043478208,0.9753086419753103,0.35189003436426125,0.568014705882353,0.5968379446640316
0.0,0.3913043478260789,0.5308641975308674,0.7573883161512027,0.26654411764705876,0.2292490118577075
0.0,0.22826086956521152,0.4320987654321016,0.6213058419243986,0.375,0.11067193675889328
0.0,0.7391304347826093,0.6790123456790127,0.3931271477663232,0.625,0.0
0.0,0.7173913043478208,0.6419753086419746,0.4371134020618559,0.5055147058823529,0.023715415019762844
0.0,0.20652173913043015,0.3456790123456841,0.5250859106529209,0.5275735294117647,0.49407114624505927
0.5,0.29347826086956275,0.3950617283950635,0.23505154639175263,0.7095588235294118,0.26877470355731226
0.0,0.5326086956521721,0.7283950617283992,1.0,0.15073529411764694,0.07509881422924901
0.0,0.17391304347825098,0.2839506172839492,0.5195876288659793,0.33639705882352944,0.043478260869565216
1.0,0.891304347826086,0.8765432098765444,0.32439862542955344,0.7904411764705883,0.3320158102766798
0.0,0.20652173913043015,0.3456790123456841,0.448109965635739,0.49264705882352944,0.7154150197628458
0.0,0.7391304347826093,0.7160493827160508,1.0,0.13419117647058812,0.08300395256916995
0.0,0.5760869565217348,0.6296296296296333,0.2886597938144331,0.7058823529411766,0.4703557312252964
0.0,0.7934782608695627,0.827160493827158,0.3161512027491409,0.5294117647058825,0.15810276679841895
1.0,0.36956521739129755,0.49382716049382935,0.7271477663230241,0.3125,0.2924901185770751
0.0,0.1521739130434696,0.2839506172839492,0.389003436426117,0.6966911764705884,0.7786561264822134
0.5,0.5652173913043441,0.7654320987654302,0.27766323024054995,0.5882352941176471,0.07905138339920947
0.0,0.6521739130434767,0.6666666666666714,0.5388316151202752,0.41360294117647056,0.21739130434782608
0.5,0.6086956521739069,0.654320987654323,0.548453608247423,0.39522058823529405,0.5138339920948616
0.0,0.9130434782608674,0.864197530864196,0.3120274914089347,0.755514705882353,0.4861660079051383
1.0,0.6195652173912976,0.6419753086419746,0.4494845360824744,0.4503676470588235,0.08300395256916995
0.5,0.9021739130434767,0.864197530864196,1.0,0.08823529411764694,0.14624505928853754
0.5,0.2391304347826022,0.4197530864197603,0.511340206185567,0.4724264705882353,0.6956521739130435
0.5,0.25,0.3333333333333357,0.5512027491408937,0.46875,0.3675889328063241
0.0,0.7608695652173907,0.7407407407407405,1.0,0.09926470588235278,0.35968379446640314
0.0,0.29347826086956275,0.3456790123456841,0.7491408934707904,0.22977941176470576,0.49011857707509876
0.0,0.8043478260869534,0.827160493827158,0.4247422680412374,0.6158088235294118,0.992094861660079
1.0,0.19565217391303946,0.2839506172839492,0.5374570446735398,0.4779411764705882,0.9051383399209486
0.0,0.5434782608695627,0.4320987654321016,0.6611683848797254,0.36029411764705876,0.1976284584980237
0.0,0.5326086956521721,0.49382716049382935,0.38487972508591084,0.4411764705882353,0.05533596837944664
0.0,0.3260869565217348,0.45679012345679126,0.25841924398625427,0.599264705882353,0.3794466403162055
0.0,0.7065217391304301,0.6172839506172849,0.5896907216494847,0.3308823529411764,0.2924901185770751
0.0,0.4021739130434767,0.5555555555555571,0.4783505154639176,0.41360294117647056,0.40316205533596833
0.5,0.7499999999999929,0.6913580246913611,0.47010309278350526,0.4466911764705883,0.03952569169960474
0.5,0.4239130434782581,0.3333333333333357,0.22268041237113412,0.7058823529411766,0.22134387351778656
0.5,0.5326086956521721,0.46913580246913966,0.45635738831615136,0.604779411764706,0.3517786561264822
0.0,0.6847826086956488,0.6172839506172849,0.7079037800687287,0.31066176470588225,0.5177865612648221
0.0,0.4999999999999929,0.5802469135802468,0.3450171821305843,0.604779411764706,0.7035573122529644
0.0,0.35869565217391397,0.4074074074074119,0.4137457044673538,0.6102941176470589,0.015810276679841896
0.0,0.6086956521739069,0.654320987654323,1.0,0.055147058823529244,0.616600790513834
0.0,0.7173913043478208,0.6296296296296333,0.31890034364261166,0.8345588235294119,0.31225296442687744
0.5,0.3152173913043441,0.3209876543209944,0.38487972508591084,0.5606617647058824,0.7865612648221343
0.0,0.3152173913043441,0.3950617283950635,0.2735395189003438,0.5919117647058825,0.3359683794466403
0.5,0.35869565217391397,0.4197530864197603,0.5759450171821308,0.4503676470588235,0.8023715415019762
0.0,0.5652173913043441,0.518518518518519,0.42886597938144355,0.5,0.5849802371541502
0.0,0.5978260869565162,0.5555555555555571,0.9374570446735397,0.18382352941176458,0.13043478260869565
0.0,0.30434782608695343,0.3580246913580325,0.536082474226804,0.5441176470588236,0.05533596837944664
0.0,0.19565217391303946,0.2962962962963047,0.38213058419243984,0.4375,0.8972332015810276
1.0,0.7608695652173907,0.7530864197530889,0.4219931271477666,0.5514705882352942,0.15019762845849802
0.0,0.6304347826086953,0.6049382716049436,0.6089347079037801,0.41176470588235303,0.27667984189723316
0.0,0.5543478260869534,0.5925925925925952,0.5635738831615122,0.3676470588235293,0.10276679841897232
0.5,0.21739130434782084,0.3456790123456841,0.7450171821305842,0.2738970588235293,0.5454545454545454
0.0,0.7826086956521721,0.5925925925925952,0.48384879725085916,0.5220588235294119,0.608695652173913
0.5,0.7499999999999929,0.6172839506172849,0.5951890034364262,0.3713235294117647,0.6561264822134387
0.0,0.20652173913043015,0.3580246913580325,0.6432989690721649,0.3400735294117647,0.758893280632411
0.0,0.19565217391303946,0.2592592592592595,0.6432989690721649,0.3216911764705882,0.3557312252964427
0.5,0.09782608695651618,0.18518518518518334,0.5278350515463917,0.40441176470588225,0.03162055335968379
0.0,0.5434782608695627,0.7037037037037024,0.20618556701030943,0.7334558823529413,0.05138339920948616
0.0,0.4891304347826093,0.4320987654321016,0.31890034364261166,0.5477941176470589,0.8300395256916996
1.0,0.35869565217391397,0.46913580246913966,0.3463917525773197,0.6911764705882354,0.32411067193675885
0.0,0.7173913043478208,0.6296296296296333,1.0,0.16360294117647042,0.24505928853754938
0.0,0.7391304347826093,0.6296296296296333,0.5457044673539522,0.41360294117647056,0.023715415019762844
0.0,0.7717391304347743,0.6666666666666714,1.0,0.14889705882352924,0.3043478260869565
0.5,0.35869565217391397,0.5061728395061778,0.3450171821305843,0.5900735294117647,0.45454545454545453
0.0,0.17391304347825098,0.2592592592592595,0.16082474226804133,0.7224264705882354,0.3952569169960474
0.0,0.3260869565217348,0.3456790123456841,0.6817869415807563,0.34558823529411764,0.5691699604743082
0.0,0.1630434782608674,0.2716049382716008,0.23230240549828185,0.8033088235294119,0.01976284584980237
1.0,0.7499999999999929,0.6790123456790127,0.7202749140893472,0.28308823529411753,0.48221343873517786
0.0,0.36956521739129755,0.518518518518519,0.32439862542955344,0.630514705882353,0.25296442687747034
0.0,0.3152173913043441,0.23456790123456983,0.47147766323024065,0.3345588235294117,0.826086956521739
0.0,0.5652173913043441,0.49382716049382935,0.566323024054983,0.5514705882352942,0.7747035573122529
0.0,0.8152173913043441,0.6049382716049436,0.32439862542955344,0.5588235294117648,0.8023715415019762
0.5,0.7282608695652115,0.6296296296296333,0.6061855670103093,0.41176470588235303,0.015810276679841896
0.0,0.4239130434782581,0.3456790123456841,0.39725085910652913,0.5863970588235295,0.7707509881422925
0.5,0.4239130434782581,0.3456790123456841,0.7890034364261171,0.2959558823529411,0.592885375494071
1.0,0.8260869565217348,0.654320987654323,0.4137457044673538,0.6599264705882354,0.5138339920948616
0.0,0.2717391304347814,0.3456790123456841,0.38487972508591084,0.5,0.758893280632411
0.0,0.20652173913043015,0.3580246913580325,0.22955326460481107,0.7389705882352943,0.1541501976284585
1.0,0.2391304347826022,0.3580246913580325,0.5058419243986254,0.4761029411764707,0.02766798418972332
0.5,0.9021739130434767,0.8395061728395063,0.6034364261168386,0.3841911764705883,0.05533596837944664
0.0,0.1630434782608674,0.2716049382716008,0.7285223367697595,0.3308823529411764,0.18972332015810275
1.0,0.6413043478260789,0.5061728395061778,0.7436426116838488,0.26102941176470573,0.5968379446640316
0.0,0.5978260869565162,0.827160493827158,0.270790378006873,0.5827205882352942,0.5098814229249011
0.0,0.4782608695652115,0.48148148148148806,0.529209621993127,0.4411764705882353,0.6877470355731224
0.5,0.30434782608695343,0.20987654320987303,0.22955326460481107,0.7977941176470591,0.7509881422924901
0.0,0.20652173913043015,0.2716049382716008,0.511340206185567,0.4466911764705883,0.6482213438735177
0.5,0.5434782608695627,0.5802469135802468,0.17182130584192445,0.6783088235294119,0.14624505928853754
1.0,0.3260869565217348,0.4074074074074119,0.41512027491408965,0.47058823529411764,0.03952569169960474
0.0,0.5217391304347814,0.45679012345679126,0.3917525773195878,0.6397058823529412,0.11067193675889328
0.5,0.4999999999999929,0.4197530864197603,0.24329896907216497,0.8088235294117647,0.03952569169960474
0.0,0.6521739130434767,0.654320987654323,0.5099656357388316,0.4430147058823529,0.8142292490118577
0.0,0.44565217391303946,0.3580246913580325,0.44536082474226824,0.5091911764705883,0.7154150197628458
0.0,0.3369565217391255,0.44444444444444997,0.3120274914089347,0.6397058823529412,0.09486166007905138
0.0,0.7608695652173907,0.7160493827160508,0.3010309278350516,0.6341911764705883,0.007905138339920948
0.0,0.6086956521739069,0.6419753086419746,0.4522336769759452,0.5588235294117648,0.24505928853754938
0.0,0.38043478260869534,0.3456790123456841,0.7807560137457044,0.29779411764705876,0.12252964426877469
0.0,0.2717391304347814,0.23456790123456983,0.6034364261168386,0.3216911764705882,0.24505928853754938
0.5,0.5108695652173907,0.46913580246913966,0.9773195876288661,0.17647058823529396,0.31225296442687744
0.0,0.2391304347826022,0.3950617283950635,0.7835051546391756,0.20588235294117638,0.7707509881422925
1.0,0.25,0.3827160493827222,0.2982817869415808,0.5808823529411765,0.7154150197628458
0.5,0.7499999999999929,0.6666666666666714,0.4783505154639176,0.3841911764705883,0.6245059288537549
0.0,0.9239130434782581,0.9012345679012341,0.6391752577319587,0.36948529411764697,0.8181818181818181
0.0,0.5760869565217348,0.6172839506172849,0.3147766323024055,0.7518382352941179,0.3162055335968379
0.0,0.21739130434782084,0.3209876543209944,0.13745704467353947,0.8786764705882355,0.4703557312252964
0.0,0.25,0.3580246913580325,0.4962199312714777,0.5974264705882353,0.05928853754940711
0.5,0.5326086956521721,0.654320987654323,1.0,0.03492647058823509,0.5691699604743082
0.0,0.7717391304347743,0.5432098765432158,0.6556701030927834,0.34558823529411764,0.3675889328063241
0.0,0.9130434782608674,0.827160493827158,0.7340206185567011,0.33823529411764697,0.5691699604743082
0.5,0.4891304347826093,0.44444444444444997,0.6487972508591064,0.33639705882352944,0.83399209486166
0.0,0.4782608695652115,0.6666666666666714,0.5580756013745707,0.4338235294117647,0.533596837944664
0.0,0.2391304347826022,0.45679012345679126,0.6625429553264608,0.4007352941176471,0.5612648221343873
0.5,0.6739130434782581,0.5308641975308674,0.3422680412371135,0.5845588235294119,0.19367588932806323
0.5,0.30434782608695343,0.2962962962963047,0.39587628865979374,0.568014705882353,0.3162055335968379
0.0,0.45652173913043015,0.5432098765432158,0.57319587628866,0.41176470588235303,0.1976284584980237
0.0,0.6195652173912976,0.6049382716049436,0.4467353951890036,0.4595588235294117,0.8142292490118577
0.5,0.6956521739130395,0.6172839506172849,0.6749140893470793,0.31433823529411753,0.2885375494071146
0.0,0.21739130434782084,0.3333333333333357,0.4137457044673538,0.6231617647058825,0.2569169960474308
0.5,0.7499999999999929,0.5432098765432158,0.3477663230240551,0.599264705882353,0.035573122529644265
0.5,0.9021739130434767,0.8765432098765444,0.716151202749141,0.37316176470588236,0.06324110671936758
1.0,0.3478260869565162,0.48148148148148806,0.5649484536082476,0.3805147058823529,0.35968379446640314
0.0,0.5760869565217348,0.5555555555555571,0.20618556701030943,0.7022058823529412,0.03162055335968379
0.5,0.7391304347826093,0.6049382716049436,0.479725085910653,0.47977941176470584,0.007905138339920948
0.0,0.19565217391303946,0.308641975308646,1.0,0.05330882352941155,0.7154150197628458
0.0,0.44565217391303946,0.3580246913580325,0.33951890034364274,0.8014705882352942,0.691699604743083
0.0,0.6195652173912976,0.6172839506172849,0.1814432989690722,0.8161764705882355,0.6877470355731224
1.0,0.28260869565216495,0.3456790123456841,0.29553264604811,0.5845588235294119,0.7272727272727272
0.0,0.7173913043478208,0.6296296296296333,0.3560137457044674,0.641544117647059,0.3636363636363636
0.0,0.44565217391303946,0.44444444444444997,0.30652920962199315,0.6213235294117648,0.7312252964426877
1.0,0.4347826086956488,0.5802469135802468,0.47010309278350526,0.6011029411764707,0.1067193675889328
0.0,0.5108695652173907,0.7160493827160508,0.38075601374570445,0.5294117647058825,0.3201581027667984
0.0,0.3152173913043441,0.4197530864197603,0.5498281786941583,0.43198529411764697,0.6561264822134387
1.0,0.6086956521739069,0.7654320987654302,1.0,0.06801470588235278,0.16996047430830039
0.0,0.46739130434782794,0.6419753086419746,0.41786941580756043,0.5165441176470589,0.541501976284585
0.5,0.3478260869565162,0.48148148148148806,0.45910652920962214,0.48897058823529416,0.3320158102766798
0.0,0.5760869565217348,0.5308641975308674,0.39450171821305835,0.5073529411764706,0.6798418972332015
0.0,0.4130434782608674,0.6049382716049436,0.5621993127147769,0.4466911764705883,0.17391304347826086
0.0,0.7826086956521721,0.5679012345679055,0.7147766323024056,0.34558823529411764,0.2608695652173913
0.0,0.3913043478260789,0.5308641975308674,0.2886597938144331,0.6709558823529412,0.07114624505928853
0.5,0.3478260869565162,0.44444444444444997,0.8151202749140896,0.2647058823529411,0.19367588932806323
0.0,0.2391304347826022,0.308641975308646,0.44123711340206206,0.5128676470588236,0.5573122529644269
0.5,0.2608695652173836,0.4074074074074119,0.49896907216494846,0.5441176470588236,0.15019762845849802
1.0,0.22826086956521152,0.308641975308646,0.26254295532646066,0.6268382352941178,0.7865612648221343
0.0,0.6956521739130395,0.6049382716049436,0.6762886597938147,0.29227941176470584,0.2608695652173913
0.0,0.6195652173912976,0.7654320987654302,0.99106529209622,0.19669117647058812,0.7826086956521738
0.0,0.7608695652173907,0.5432098765432158,0.2542955326460481,0.7003676470588236,0.14229249011857706
0.0,0.3260869565217348,0.4197530864197603,0.6158075601374571,0.33639705882352944,0.7707509881422925
0.5,0.4239130434782581,0.4197530864197603,0.46048109965635753,0.4025735294117647,0.023715415019762844
0.5,0.2391304347826022,0.2839506172839492,0.5388316151202752,0.4816176470588236,0.5573122529644269
0.0,0.46739130434782794,0.4320987654321016,0.34914089347079047,0.4963235294117647,0.8656126482213438
0.5,0.5652173913043441,0.7037037037037024,0.7903780068728525,0.2720588235294117,0.1818181818181818
0.5,0.20652173913043015,0.2716049382716008,0.6378006872852233,0.4540441176470589,0.616600790513834
0.0,0.5217391304347814,0.44444444444444997,0.23642611683848802,0.7941176470588236,0.5138339920948616
0.5,0.29347826086956275,0.3456790123456841,0.7065292096219933,0.3713235294117647,0.2292490118577075
1.0,0.25,0.48148148148148806,0.3450171821305843,0.6507352941176472,0.849802371541502
0.0,0.5869565217391255,0.6419753086419746,0.6625429553264608,0.3051470588235293,0.40316205533596833
0.0,0.5978260869565162,0.7654320987654302,0.4536082474226806,0.4871323529411764,0.0909090909090909
0.0,0.8369565217391255,0.6790123456790127,0.29415807560137464,0.693014705882353,0.8023715415019762
0.5,0.7173913043478208,0.6172839506172849,0.47147766323024065,0.4558823529411765,0.27667984189723316
1.0,0.28260869565216495,0.24691358024691112,0.40687285223367686,0.5588235294117648,0.38339920948616596
0.5,0.6630434782608603,0.6049382716049436,0.3999999999999999,0.6268382352941178,0.1067193675889328
0.0,0.3369565217391255,0.3209876543209944,0.34914089347079047,0.5496323529411765,0.7351778656126482
0.5,0.5108695652173907,0.44444444444444997,0.33676975945017196,0.5128676470588236,0.4624505928853755
0.5,0.5652173913043441,0.46913580246913966,0.20893470790378021,0.6819852941176472,0.23320158102766797
0.5,0.5434782608695627,0.6913580246913611,0.2872852233676977,0.7536764705882354,0.49407114624505927
0.0,0.5760869565217348,0.5308641975308674,0.3711340206185567,0.7536764705882354,0.40711462450592883
0.0,0.28260869565216495,0.2592592592592595,0.45498281786941597,0.4540441176470589,0.308300395256917
0.0,0.38043478260869534,0.48148148148148806,0.3766323024054983,0.6838235294117648,0.4110671936758893
0.0,0.03260869565217206,0.03703703703703809,0.5512027491408937,0.5073529411764706,0.6877470355731224
0.5,0.2608695652173836,0.4320987654321016,0.7752577319587628,0.2941176470588235,0.6007905138339921
0.0,0.5434782608695627,0.7160493827160508,0.7243986254295534,0.23529411764705874,0.16996047430830039
0.5,0.5326086956521721,0.7283950617283992,0.47010309278350526,0.6378676470588236,0.5770750988142292
0.0,0.38043478260869534,0.5308641975308674,0.33539518900343657,0.6158088235294118,0.4229249011857707
0.0,0.35869565217391397,0.45679012345679126,0.20206185567010326,0.7849264705882355,0.11067193675889328
0.5,0.2608695652173836,0.19753086419753174,0.270790378006873,0.6691176470588237,0.14229249011857706
0.0,0.22826086956521152,0.308641975308646,0.647422680412371,0.38602941176470584,0.1541501976284585
0.5,0.7826086956521721,0.7160493827160508,0.43024054982817894,0.5202205882352942,0.849802371541502
0.0,0.5108695652173907,0.48148148148148806,0.3903780068728524,0.6102941176470589,0.20158102766798416
0.5,0.14130434782608603,0.22222222222222143,0.7780068728522336,0.26102941176470573,0.1976284584980237
0.5,0.7934782608695627,0.8148148148148167,0.3931271477663232,0.7720588235294119,0.9999999999999999
0.0,0.3152173913043441,0.3827160493827222,0.18419243986254297,0.8750000000000002,0.13438735177865613
0.0,0.05434782608695343,0.09876543209876587,0.5498281786941583,0.4099264705882353,0.4387351778656126
0.0,0.22826086956521152,0.3333333333333357,0.27628865979381456,0.6948529411764707,0.8695652173913043
1.0,0.6413043478260789,0.6049382716049436,0.2529209621993127,0.7205882352941178,0.2727272727272727
0.0,0.5978260869565162,0.7530864197530889,1.0,0.16544117647058812,0.826086956521739
0.5,0.5978260869565162,0.6172839506172849,1.0,0.17647058823529396,0.14229249011857706
1.0,0.6956521739130395,0.5555555555555571,0.6213058419243986,0.3308823529411764,0.1660079051383399
0.0,0.7282608695652115,0.654320987654323,0.3463917525773197,0.6084558823529412,0.5691699604743082
0.0,0.5543478260869534,0.7407407407407405,0.47422680412371143,0.5,0.20158102766798416
1.0,0.5760869565217348,0.7407407407407405,0.50446735395189,0.37683823529411753,0.3636363636363636
0.5,0.20652173913043015,0.3209876543209944,0.21718213058419256,0.8161764705882355,0.3952569169960474
0.0,0.4021739130434767,0.3456790123456841,0.5374570446735398,0.4650735294117647,0.7667984189723319
0.5,0.7717391304347743,0.7530864197530889,0.5347079037800686,0.34375,0.19367588932806323
0.5,0.19565217391303946,0.2839506172839492,0.7175257731958764,0.23529411764705874,0.6284584980237153
0.0,0.4347826086956488,0.3456790123456841,0.5786941580756015,0.3658088235294118,0.2924901185770751
0.0,0.38043478260869534,0.3950617283950635,0.4934707903780069,0.36029411764705876,0.7470355731225296
0.5,0.2391304347826022,0.3456790123456841,0.4343642611683851,0.5863970588235295,0.15810276679841895
0.0,0.3260869565217348,0.2962962962963047,0.9237113402061858,0.15992647058823514,0.34782608695652173
0.5,0.6304347826086953,0.5308641975308674,0.36426116838487976,0.6488970588235295,0.05533596837944664
0.0,0.7391304347826093,0.6790123456790127,0.4013745704467353,0.6268382352941178,0.7826086956521738
1.0,0.5978260869565162,0.518518518518519,1.0,0.11764705882352924,0.7667984189723319
1.0,0.5978260869565162,0.7654320987654302,0.361512027491409,0.6562500000000001,0.09881422924901186
0.0,0.5869565217391255,0.5802469135802468,0.2721649484536084,0.7316176470588237,0.8102766798418972
0.0,0.7282608695652115,0.6790123456790127,0.36563573883161515,0.5900735294117647,0.05928853754940711
0.5,0.4891304347826093,0.5308641975308674,0.6378006872852233,0.3841911764705883,0.6798418972332015
0.0,0.4891304347826093,0.6913580246913611,0.7683848797250858,0.3161764705882353,0.09486166007905138
0.5,0.6304347826086953,0.6913580246913611,0.9182130584192443,0.18382352941176458,0.12252964426877469
0.0,0.2391304347826022,0.3950617283950635,0.30515463917525776,0.636029411764706,0.7391304347826086
0.5,0.5543478260869534,0.45679012345679126,0.26666666666666683,0.5386029411764707,0.7193675889328063
0.5,0.6956521739130395,0.654320987654323,0.19656357388316148,0.625,0.5375494071146245
0.0,0.3152173913043441,0.3209876543209944,0.32164948453608244,0.7022058823529412,0.5573122529644269
0.0,0.44565217391303946,0.3456790123456841,0.9305841924398628,0.18566176470588222,0.30039525691699603
0.5,0.5978260869565162,0.5802469135802468,0.4810996563573884,0.42647058823529416,0.23320158102766797
0.5,0.17391304347825098,0.2716049382716008,0.2982817869415808,0.5882352941176471,0.5691699604743082
0.0,0.5434782608695627,0.518518518518519,0.30927835051546393,0.7959558823529413,0.04743083003952569
0.0,0.30434782608695343,0.4074074074074119,0.3697594501718213,0.43014705882352944,0.37549407114624506
0.0,0.5326086956521721,0.7037037037037024,0.4494845360824744,0.5661764705882354,0.37549407114624506
0.0,0.3913043478260789,0.518518518518519,0.5800687285223369,0.3400735294117647,0.38735177865612647
0.0,0.7065217391304301,0.6172839506172849,0.654295532646048,0.3786764705882353,0.26877470355731226
0.5,0.5434782608695627,0.48148148148148806,0.3450171821305843,0.5459558823529412,0.541501976284585
0.0,0.3152173913043441,0.3209876543209944,1.0,0.11764705882352924,0.3557312252964427
0.0,0.2391304347826022,0.48148148148148806,0.19793814432989687,0.6966911764705884,0.0
0.0,0.5108695652173907,0.4320987654321016,0.5470790378006876,0.3970588235294117,0.07114624505928853
0.0,0.9021739130434767,0.8518518518518547,0.45910652920962214,0.4908088235294118,0.40711462450592883
0.5,0.5652173913043441,0.45679012345679126,0.6694158075601377,0.35477941176470584,0.14624505928853754
1.0,0.7826086956521721,0.7777777777777786,0.25979381443298966,0.536764705882353,0.7075098814229248
0.5,0.7717391304347743,0.7037037037037024,0.6969072164948455,0.3088235294117647,0.5059288537549407
0.0,0.22826086956521152,0.3456790123456841,0.7202749140893472,0.39522058823529405,0.32806324110671936
0.5,0.4891304347826093,0.44444444444444997,0.6804123711340209,0.41176470588235303,0.8221343873517786
0.0,0.4021739130434767,0.3580246913580325,0.22130584192439873,0.8768382352941178,0.4743083003952569
0.5,0.7173913043478208,0.6172839506172849,0.41786941580756043,0.6286764705882354,0.2885375494071146
0.0,0.5217391304347814,0.4197530864197603,0.5264604810996563,0.3841911764705883,0.8458498023715414
0.0,0.3152173913043441,0.3950617283950635,0.23092783505154646,0.5919117647058825,0.2608695652173913
0.5,0.35869565217391397,0.4320987654321016,0.19656357388316148,0.6213235294117648,0.17391304347826086
0.5,0.46739130434782794,0.44444444444444997,0.529209621993127,0.36029411764705876,0.4426877470355731
0.5,0.30434782608695343,0.3950617283950635,0.3422680412371135,0.4852941176470589,0.2569169960474308
0.0,0.35869565217391397,0.4074074074074119,0.39587628865979374,0.641544117647059,0.0
0.5,0.45652173913043015,0.5432098765432158,0.26254295532646066,0.8878676470588238,0.26482213438735175
0.0,0.6195652173912976,0.7283950617283992,0.4027491408934707,0.511029411764706,0.608695652173913
0.0,0.5543478260869534,0.518518518518519,0.2859106529209623,0.5643382352941178,0.2924901185770751
0.5,0.7499999999999929,0.7037037037037024,0.3628865979381444,0.5974264705882353,0.13043478260869565
0.5,0.6630434782608603,0.6049382716049436,0.3999999999999999,0.40808823529411764,0.3438735177865612
0.0,0.44565217391303946,0.44444444444444997,0.2721649484536084,0.6544117647058825,0.458498023715415
0.0,0.36956521739129755,0.5061728395061778,0.5195876288659793,0.5165441176470589,0.43083003952569165
0.5,0.38043478260869534,0.49382716049382935,0.42886597938144355,0.4650735294117647,0.6205533596837944
0.0,0.3260869565217348,0.2962962962963047,0.4632302405498283,0.6121323529411765,0.3162055335968379
0.5,0.7826086956521721,0.7037037037037024,0.6336769759450172,0.3474264705882353,0.8893280632411067
0.0,0.29347826086956275,0.3950617283950635,0.3271477663230242,0.5165441176470589,0.3043478260869565
0.0,0.2717391304347814,0.4320987654321016,0.31890034364261166,0.8106617647058825,0.13438735177865613
0.0,0.22826086956521152,0.3456790123456841,0.30378006872852237,0.4852941176470589,0.2134387351778656
0.5,0.7282608695652115,0.6913580246913611,0.7656357388316151,0.2738970588235293,0.0909090909090909
0.0,0.4239130434782581,0.3333333333333357,0.36838487972508593,0.5330882352941176,0.11067193675889328
0.0,0.3152173913043441,0.23456790123456983,0.27628865979381456,0.7665441176470589,0.32411067193675885
0.5,0.3260869565217348,0.48148148148148806,0.7051546391752579,0.2628676470588235,0.7667984189723319
0.0,0.5869565217391255,0.6666666666666714,0.3560137457044674,0.6893382352941178,0.541501976284585
0.0,0.6630434782608603,0.6296296296296333,0.7285223367697595,0.3088235294117647,0.3913043478260869
0.0,0.17391304347825098,0.24691358024691112,0.666666666666667,0.4246323529411764,0.6996047430830039
0.5,0.03260869565217206,0.04938271604938649,0.6639175257731962,0.28125,0.43478260869565216
0.5,0.3478260869565162,0.3580246913580325,1.0,0.1360294117647057,0.1976284584980237
1.0,0.28260869565216495,0.2716049382716008,0.3271477663230242,0.8400735294117649,0.3675889328063241
0.0,0.6413043478260789,0.6049382716049436,0.8838487972508591,0.20588235294117638,0.3320158102766798
0.0,0.6195652173912976,0.8024691358024683,0.47010309278350526,0.49816176470588236,0.24110671936758893
0.5,0.3152173913043441,0.3827160493827222,0.6556701030927834,0.28308823529411753,0.2292490118577075
0.5,0.28260869565216495,0.3703703703703738,0.8013745704467357,0.25367647058823517,0.4387351778656126
0.5,0.5108695652173907,0.7037037037037024,0.5017182130584192,0.5477941176470589,0.7114624505928854
0.0,0.6847826086956488,0.5061728395061778,0.5773195876288661,0.3878676470588235,0.3517786561264822
0.5,0.7608695652173907,0.6419753086419746,0.6309278350515464,0.3584558823529411,0.0
0.5,0.5434782608695627,0.7407407407407405,0.5264604810996563,0.4338235294117647,0.3320158102766798
0.5,0.03260869565217206,0.04938271604938649,0.3436426116838489,0.6139705882352943,0.09486166007905138
0.0,0.5760869565217348,0.7530864197530889,0.6652920962199316,0.2647058823529411,0.20553359683794464
0.0,0.5108695652173907,0.48148148148148806,0.361512027491409,0.641544117647059,0.1541501976284585
0.5,0.22826086956521152,0.3950617283950635,0.45635738831615136,0.6158088235294118,0.541501976284585
0.5,0.2717391304347814,0.2716049382716008,0.7670103092783505,0.26654411764705876,0.13833992094861658
0.0,0.4891304347826093,0.6790123456790127,1.0,0.06985294117647042,0.5691699604743082
0.5,0.6086956521739069,0.5308641975308674,0.34089347079037813,0.6213235294117648,0.7944664031620553
1.0,0.21739130434782084,0.3333333333333357,0.9567010309278352,0.18933823529411756,0.3557312252964427
0.0,0.3478260869565162,0.308641975308646,0.37938144329896906,0.5091911764705883,0.6719367588932806
1.0,0.2391304347826022,0.3580246913580325,0.2570446735395189,0.8474264705882355,0.5454545454545454
0.0,0.22826086956521152,0.3333333333333357,0.2378006872852234,0.7242647058823531,0.19367588932806323
0.5,0.6304347826086953,0.827160493827158,0.8810996563573883,0.22610294117647048,0.4980237154150197
0.5,0.4347826086956488,0.3456790123456841,0.32439862542955344,0.6727941176470589,0.3675889328063241
0.0,0.4999999999999929,0.5308641975308674,0.38350515463917545,0.6084558823529412,0.6403162055335968
1.0,0.2391304347826022,0.3950617283950635,0.41649484536082504,0.45772058823529416,0.7786561264822134
0.0,0.25,0.3580246913580325,0.6817869415807563,0.3180147058823529,0.3201581027667984
0.0,0.5108695652173907,0.7160493827160508,0.7986254295532649,0.2849264705882353,0.32806324110671936
0.0,0.3260869565217348,0.2962962962963047,0.4948453608247423,0.3878676470588235,0.32411067193675885
0.0,0.28260869565216495,0.4074074074074119,0.541580756013746,0.42279411764705876,0.15810276679841895
0.0,0.3478260869565162,0.3827160493827222,0.2254295532646049,0.8511029411764708,0.45454545454545453
1.0,0.22826086956521152,0.3703703703703738,0.48659793814432994,0.6158088235294118,0.5770750988142292
0.0,0.5217391304347814,0.44444444444444997,0.6158075601374571,0.3529411764705882,0.7865612648221343
0.0,0.4891304347826093,0.45679012345679126,0.4013745704467353,0.4522058823529411,0.09881422924901186
0.0,0.11956521739129755,0.22222222222222143,0.2240549828178695,0.6433823529411765,0.3913043478260869
0.0,0.4347826086956488,0.3827160493827222,0.6584192439862542,0.36948529411764697,0.6798418972332015
0.0,0.5326086956521721,0.7283950617283992,0.47147766323024065,0.42095588235294124,0.6324110671936758
0.0,0.4021739130434767,0.4197530864197603,0.48797250859106533,0.47426470588235303,0.6996047430830039
0.5,0.36956521739129755,0.5061728395061778,0.36701030927835054,0.661764705882353,0.28063241106719367
0.5,0.0760869565217348,0.11111111111111427,0.6323024054982818,0.4411764705882353,0.47826086956521735
0.0,0.2717391304347814,0.18518518518518334,0.2515463917525773,0.7996323529411766,0.6877470355731224
0.5,0.6521739130434767,0.6296296296296333,0.448109965635739,0.41360294117647056,0.2134387351778656
0.0,0.6739130434782581,0.5925925925925952,0.6089347079037801,0.38602941176470584,0.5691699604743082
1.0,0.4347826086956488,0.4074074074074119,0.7752577319587628,0.31066176470588225,0.5573122529644269
0.0,0.9673913043478208,0.9506172839506135,0.654295532646048,0.3474264705882353,0.0909090909090909
0.0,0.4782608695652115,0.4197530864197603,0.4329896907216497,0.5202205882352942,0.8221343873517786
0.5,0.9021739130434767,0.8148148148148167,0.6350515463917525,0.36029411764705876,0.8814229249011857
0.0,0.5652173913043441,0.5308641975308674,0.389003436426117,0.6580882352941178,0.8221343873517786
0.0,0.35869565217391397,0.5555555555555571,0.5512027491408937,0.43198529411764697,0.03952569169960474
0.5,0.36956521739129755,0.48148148148148806,0.11821305841924401,0.8143382352941178,0.49011857707509876
0.5,0.38043478260869534,0.48148148148148806,0.5594501718213061,0.3970588235294117,0.5889328063241106
0.5,0.3478260869565162,0.44444444444444997,0.5278350515463917,0.4411764705882353,0.525691699604743
0.0,0.7173913043478208,0.5802469135802468,0.597938144329897,0.4558823529411765,0.2727272727272727
0.0,0.5108695652173907,0.4197530864197603,0.32027491408934705,0.5827205882352942,0.0
0.5,0.7173913043478208,0.6296296296296333,0.5429553264604814,0.4852941176470589,0.1541501976284585
0.0,0.20652173913043015,0.2716049382716008,0.1938144329896907,0.6764705882352943,0.6600790513833992
0.0,0.043478260869562746,0.07407407407407618,0.44261168384879745,0.39522058823529405,0.38339920948616596
0.5,0.3369565217391255,0.46913580246913966,0.4756013745704468,0.4779411764705882,0.5059288537549407
0.0,0.4999999999999929,0.5925925925925952,0.5099656357388316,0.3676470588235293,0.8418972332015809
1.0,0.8260869565217348,0.8148148148148167,0.46872852233676987,0.625,0.691699604743083
0.0,0.7608695652173907,0.6913580246913611,0.3725085910652921,0.5330882352941176,0.3794466403162055
0.0,0.2391304347826022,0.3580246913580325,0.5058419243986254,0.4816176470588236,0.7984189723320158
0.0,0.2717391304347814,0.3209876543209944,0.4247422680412374,0.5882352941176471,0.6719367588932806
0.5,0.17391304347825098,0.2592592592592595,0.35463917525773203,0.6966911764705884,0.5138339920948616
0.0,0.3260869565217348,0.3333333333333357,0.44261168384879745,0.5312500000000001,0.6719367588932806
0.5,0.8260869565217348,0.8395061728395063,1.0,0.15441176470588222,0.0909090909090909
0.0,0.5869565217391255,0.518518518518519,0.29553264604811,0.5827205882352942,0.6956521739130435
0.5,0.6630434782608603,0.6790123456790127,0.7683848797250858,0.25183823529411753,0.16996047430830039
0.5,0.5543478260869534,0.48148148148148806,0.5429553264604814,0.3897058823529411,0.023715415019762844
1.0,0.7173913043478208,0.6419753086419746,0.5800687285223369,0.39522058823529405,0.41897233201581024
0.0,0.22826086956521152,0.3333333333333357,0.4206185567010312,0.5661764705882354,0.015810276679841896
0.5,0.3152173913043441,0.4074074074074119,0.2542955326460481,0.6893382352941178,0.592885375494071
0.0,0.7499999999999929,0.6666666666666714,0.2515463917525773,0.6580882352941178,0.43478260869565216
1.0,0.7173913043478208,0.5925925925925952,0.41786941580756043,0.4944852941176472,0.7391304347826086
0.0,0.4891304347826093,0.4320987654321016,0.3725085910652921,0.4283088235294118,0.8023715415019762
0.5,0.29347826086956275,0.23456790123456983,0.41786941580756043,0.6231617647058825,0.458498023715415
0.5,0.38043478260869534,0.3703703703703738,0.5154639175257731,0.46691176470588247,0.17391304347826086
0.0,0.4021739130434767,0.5802469135802468,0.23505154639175263,0.6764705882352943,0.37154150197628455
0.0,0.8043478260869534,0.8024691358024683,0.2859106529209623,0.7352941176470589,0.6482213438735177
0.5,0.7173913043478208,0.5925925925925952,0.5800687285223369,0.5055147058823529,0.5138339920948616
0.0,0.7608695652173907,0.6296296296296333,0.40824742268041225,0.5698529411764706,0.02766798418972332
0.0,0.28260869565216495,0.23456790123456983,0.7958762886597941,0.22977941176470576,0.5375494071146245
0.0,0.021739130434781373,0.04938271604938649,0.5567010309278353,0.4099264705882353,0.5098814229249011
0.0,0.22826086956521152,0.3333333333333357,0.3477663230240551,0.6102941176470589,0.49011857707509876
0.0,0.6413043478260789,0.6419753086419746,0.33676975945017196,0.6856617647058825,0.5573122529644269
0.5,0.4021739130434767,0.6049382716049436,0.5759450171821308,0.3933823529411765,0.5573122529644269
0.5,0.891304347826086,0.8888888888888857,0.5553264604810999,0.5863970588235295,0.3320158102766798
0.5,0.5326086956521721,0.49382716049382935,0.329896907216495,0.573529411764706,0.5691699604743082
0.5,0.7499999999999929,0.7160493827160508,0.42749140893470816,0.4908088235294118,0.14229249011857706
0.0,0.6630434782608603,0.6296296296296333,0.6075601374570447,0.4007352941176471,0.7391304347826086
1.0,0.2391304347826022,0.3209876543209944,0.6955326460481102,0.3161764705882353,0.2134387351778656
0.5,0.6956521739130395,0.6666666666666714,0.6185567010309279,0.43933823529411775,0.45454545454545453
0.0,0.5543478260869534,0.7530864197530889,0.36426116838487976,0.5404411764705883,0.05533596837944664
0.0,0.4891304347826093,0.48148148148148806,0.4920962199312715,0.5312500000000001,0.3359683794466403
0.0,0.5434782608695627,0.5679012345679055,0.6336769759450172,0.3915441176470589,0.20553359683794464
0.0,0.44565217391303946,0.4320987654321016,0.622680412371134,0.39889705882352944,0.18972332015810275
0.0,0.7391304347826093,0.5432098765432158,0.38350515463917545,0.6213235294117648,0.6679841897233201
0.5,0.4782608695652115,0.654320987654323,0.4646048109965637,0.5496323529411765,0.3359683794466403
0.0,0.29347826086956275,0.24691358024691112,0.44536082474226824,0.4761029411764707,0.7984189723320158
0.0,0.3152173913043441,0.3209876543209944,0.3986254295532645,0.5330882352941176,0.5217391304347826
0.0,0.9239130434782581,0.9135802469135825,0.48797250859106533,0.4963235294117647,0.592885375494071
0.0,0.3913043478260789,0.5555555555555571,0.38075601374570445,0.5,0.5098814229249011
0.5,0.3913043478260789,0.3333333333333357,0.9058419243986258,0.244485294117647,0.01976284584980237
0.5,0.7065217391304301,0.5555555555555571,0.3697594501718213,0.5422794117647058,0.0
0.0,0.4130434782608674,0.3333333333333357,0.7216494845360826,0.34558823529411764,0.2569169960474308
0.0,0.38043478260869534,0.3950617283950635,0.39450171821305835,0.5238970588235294,0.8221343873517786
0.0,0.7934782608695627,0.5802469135802468,0.270790378006873,0.9926470588235297,0.3162055335968379
0.0,0.5217391304347814,0.46913580246913966,0.2542955326460481,0.7003676470588236,0.13438735177865613
0.0,0.7065217391304301,0.6666666666666714,0.4494845360824744,0.4430147058823529,0.7786561264822134
0.5,0.25,0.3209876543209944,0.65979381443299,0.2996323529411764,0.5296442687747035
0.0,0.7173913043478208,0.49382716049382935,0.7573883161512027,0.35110294117647056,0.0
0.0,0.8695652173913047,0.864197530864196,0.6529209621993126,0.32904411764705876,0.5612648221343873
0.0,0.8695652173913047,0.7283950617283992,0.4343642611683851,0.5845588235294119,0.8814229249011857
0.5,0.4021739130434767,0.5679012345679055,0.6790378006872855,0.38235294117647056,0.26482213438735175
0.0,0.22826086956521152,0.3209876543209944,0.9429553264604813,0.16544117647058812,0.09486166007905138
1.0,0.3913043478260789,0.5925925925925952,0.3587628865979382,0.49816176470588236,0.07509881422924901
0.5,0.7173913043478208,0.6419753086419746,0.39587628865979374,0.5661764705882354,0.17786561264822134
0.0,0.6195652173912976,0.6172839506172849,0.40687285223367686,0.6066176470588236,0.7272727272727272
0.0,0.4239130434782581,0.3703703703703738,0.4756013745704468,0.5349264705882353,0.7747035573122529
0.5,0.20652173913043015,0.3580246913580325,0.37938144329896906,0.5202205882352942,0.22134387351778656
0.0,0.4239130434782581,0.4197530864197603,0.4123711340206184,0.6029411764705883,0.007905138339920948
0.0,0.5543478260869534,0.48148148148148806,0.5154639175257731,0.4650735294117647,0.826086956521739
1.0,0.7717391304347743,0.6666666666666714,0.5635738831615122,0.3584558823529411,0.7747035573122529
0.0,0.6521739130434767,0.5925925925925952,0.30515463917525776,0.6066176470588236,0.24901185770750986
0.0,0.7717391304347743,0.7530864197530889,0.38487972508591084,0.5625,0.5573122529644269
0.0,0.21739130434782084,0.2839506172839492,0.4810996563573884,0.42647058823529416,0.23320158102766797
0.5,0.3152173913043441,0.4074074074074119,0.4673539518900345,0.5091911764705883,0.758893280632411
0.5,0.2608695652173836,0.3209876543209944,0.5209621993127147,0.4411764705882353,0.2924901185770751
0.5,0.5434782608695627,0.7530864197530889,0.4329896907216497,0.5937500000000001,0.7154150197628458
0.0,0.45652173913043015,0.4197530864197603,0.23092783505154646,0.5386029411764707,0.8577075098814229
1.0,0.5978260869565162,0.45679012345679126,0.4206185567010312,0.5128676470588236,0.4110671936758893
0.0,0.5543478260869534,0.5061728395061778,0.2391752577319588,0.729779411764706,0.26877470355731226
0.5,0.36956521739129755,0.5432098765432158,0.654295532646048,0.3915441176470589,0.1818181818181818
0.0,0.6521739130434767,0.6666666666666714,0.4618556701030929,0.48345588235294124,0.007905138339920948
0.5,0.043478260869562746,0.07407407407407618,0.747766323024055,0.28860294117647056,0.16996047430830039
1.0,0.5543478260869534,0.6172839506172849,0.6707903780068731,0.43198529411764697,0.5019762845849802
1.0,0.9130434782608674,0.8395061728395063,0.48384879725085916,0.4191176470588236,0.608695652173913
0.0,0.5217391304347814,0.4197530864197603,0.2542955326460481,0.8437500000000002,0.33992094861660077
0.0,0.3152173913043441,0.3950617283950635,0.7436426116838488,0.28125,0.3201581027667984
0.5,0.30434782608695343,0.2592592592592595,0.46048109965635753,0.5863970588235295,0.2134387351778656
0.0,0.9021739130434767,0.8395061728395063,0.361512027491409,0.6654411764705883,0.6403162055335968
0.5,0.5869565217391255,0.7654320987654302,0.2721649484536084,0.7775735294117649,0.14229249011857706
0.0,0.9130434782608674,0.8148148148148167,0.2969072164948454,0.6084558823529412,0.47826086956521735
0.0,0.5869565217391255,0.6296296296296333,0.4508591065292098,0.6176470588235294,0.3557312252964427
0.0,0.36956521739129755,0.5432098765432158,0.36426116838487976,0.7683823529411766,0.2608695652173913
0.0,0.6086956521739069,0.7777777777777786,0.3752577319587629,0.5698529411764706,0.8300395256916996
0.0,0.3913043478260789,0.5432098765432158,0.5621993127147769,0.5257352941176471,0.3162055335968379
0.0,0.08695652173912549,0.17283950617284205,1.0,0.18198529411764694,0.07905138339920947
0.5,0.2608695652173836,0.45679012345679126,0.4027491408934707,0.568014705882353,0.5612648221343873
0.5,0.38043478260869534,0.5555555555555571,0.5676975945017184,0.4540441176470589,0.2964426877470355
0.0,0.8695652173913047,0.7407407407407405,0.4673539518900345,0.41727941176470584,0.8577075098814229
0.5,0.21739130434782084,0.2592592592592595,0.5085910652920962,0.6470588235294119,0.6758893280632411
0.0,0.2391304347826022,0.3827160493827222,0.19793814432989687,0.6893382352941178,0.6284584980237153
0.0,0.5543478260869534,0.46913580246913966,0.5154639175257731,0.47977941176470584,0.14624505928853754
0.0,0.28260869565216495,0.4197530864197603,0.4659793814432991,0.4430147058823529,0.05138339920948616
0.0,0.6847826086956488,0.6790123456790127,0.329896907216495,0.5533088235294118,0.3517786561264822
0.0,0.6521739130434767,0.5308641975308674,0.3711340206185567,0.5165441176470589,0.02766798418972332
0.0,0.7934782608695627,0.654320987654323,0.6075601374570447,0.4852941176470589,0.6007905138339921
1.0,0.5652173913043441,0.7037037037037024,0.7024054982817871,0.27022058823529405,0.23320158102766797
0.5,0.30434782608695343,0.3456790123456841,0.29415807560137464,0.7665441176470589,0.06719367588932806
0.0,0.6739130434782581,0.6049382716049436,0.5759450171821308,0.3841911764705883,0.48221343873517786
0.0,0.7499999999999929,0.6913580246913611,0.29415807560137464,0.6176470588235294,0.37154150197628455
0.0,0.7826086956521721,0.7654320987654302,0.3903780068728524,0.636029411764706,0.3043478260869565
0.5,0.30434782608695343,0.3209876543209944,0.3917525773195878,0.5275735294117647,0.8063241106719367
0.0,0.5652173913043441,0.49382716049382935,0.3120274914089347,0.8860294117647061,0.6205533596837944
0.0,0.9130434782608674,0.8765432098765444,0.3697594501718213,0.7077205882352942,0.1660079051383399
0.0,0.20652173913043015,0.2716049382716008,0.4467353951890036,0.47058823529411764,0.5770750988142292
0.5,0.7173913043478208,0.6419753086419746,0.3477663230240551,0.6139705882352943,0.10276679841897232
0.0,0.6956521739130395,0.654320987654323,0.57319587628866,0.4246323529411764,0.7312252964426877
0.0,0.3913043478260789,0.5061728395061778,0.5030927835051546,0.5386029411764707,0.0909090909090909
1.0,0.5652173913043441,0.6296296296296333,0.6364261168384879,0.3253676470588235,0.5217391304347826
0.0,0.21739130434782084,0.3580246913580325,0.4632302405498283,0.3805147058823529,0.05533596837944664
0.5,0.3913043478260789,0.5432098765432158,0.4343642611683851,0.5073529411764706,0.24110671936758893
0.0,0.4891304347826093,0.6666666666666714,0.8962199312714776,0.22242647058823514,0.6877470355731224
1.0,0.46739130434782794,0.4320987654321016,0.5896907216494847,0.43198529411764697,0.13833992094861658
0.5,0.2717391304347814,0.2592592592592595,0.6240549828178694,0.35477941176470584,0.07114624505928853
0.0,0.38043478260869534,0.3333333333333357,0.4343642611683851,0.4852941176470589,0.03162055335968379
0.5,0.6195652173912976,0.790123456790127,0.6817869415807563,0.2867647058823528,0.6640316205533596
0.0,0.3260869565217348,0.5308641975308674,0.3766323024054983,0.5716911764705883,0.43478260869565216
0.0,0.8043478260869534,0.8024691358024683,0.32577319587628883,0.7095588235294118,0.6205533596837944
1.0,0.5869565217391255,0.5555555555555571,0.2694158075601376,0.9650735294117649,0.8221343873517786
0.0,0.6304347826086953,0.5555555555555571,0.6721649484536085,0.3915441176470589,0.20553359683794464
0.0,0.6086956521739069,0.7037037037037024,1.0,0.1580882352941175,0.4150197628458498
0.0,0.9021739130434767,0.8518518518518547,0.6020618556701032,0.38235294117647056,0.7272727272727272
0.0,0.5869565217391255,0.5679012345679055,0.6790378006872855,0.3970588235294117,0.225296442687747
0.0,0.35869565217391397,0.3333333333333357,0.1951890034364261,0.8621323529411766,0.15810276679841895
0.0,0.9021739130434767,0.864197530864196,0.3587628865979382,0.641544117647059,0.7826086956521738
0.0,0.5543478260869534,0.49382716049382935,0.2969072164948454,0.5937500000000001,0.6284584980237153
0.0,0.7499999999999929,0.7037037037037024,1.0,0.11764705882352924,0.12252964426877469
0.5,0.28260869565216495,0.3827160493827222,0.5085910652920962,0.4558823529411765,0.2134387351778656
0.5,0.3369565217391255,0.308641975308646,0.4054982817869415,0.4558823529411765,0.7430830039525691
0.0,0.2608695652173836,0.3950617283950635,0.5594501718213061,0.49816176470588236,0.04743083003952569
0.0,0.891304347826086,0.8765432098765444,0.9745704467353953,0.17463235294117638,0.3794466403162055
0.0,0.46739130434782794,0.4320987654321016,0.5553264604810999,0.3786764705882353,0.07905138339920947
1.0,0.7282608695652115,0.518518518518519,0.6020618556701032,0.39889705882352944,0.616600790513834
0.5,0.25,0.2962962962963047,0.29003436426116846,0.8198529411764708,0.48221343873517786
1.0,0.5869565217391255,0.6913580246913611,0.2831615120274915,0.7408088235294119,0.2608695652173913
1.0,0.29347826086956275,0.3703703703703738,0.5058419243986254,0.49264705882352944,0.3913043478260869
1.0,0.9456521739130395,0.9259259259259238,0.479725085910653,0.5569852941176472,0.3794466403162055
0.0,0.8804347826086882,0.7407407407407405,0.423367697594502,0.5422794117647058,0.7114624505928854
0.5,0.6413043478260789,0.827160493827158,0.3573883161512028,0.4375,0.3913043478260869
0.0,0.7173913043478208,0.6049382716049436,0.41099656357388303,0.4871323529411764,0.12648221343873517
0.0,0.6630434782608603,0.6049382716049436,0.24604810996563575,0.7444852941176472,0.4110671936758893
0.0,0.29347826086956275,0.4320987654321016,0.4934707903780069,0.4908088235294118,0.3359683794466403
0.0,0.35869565217391397,0.48148148148148806,0.5017182130584192,0.5128676470588236,0.41897233201581024
0.0,0.3369565217391255,0.3827160493827222,0.3986254295532645,0.5018382352941178,0.4387351778656126
0.0,0.7499999999999929,0.7037037037037024,0.45498281786941597,0.45772058823529416,0.21739130434782608
1.0,0.2608695652173836,0.3209876543209944,0.4398625429553267,0.5183823529411765,0.3992094861660079
0.0,0.5978260869565162,0.6296296296296333,0.3285223367697596,0.5937500000000001,0.20158102766798416
0.5,0.30434782608695343,0.23456790123456983,1.0,0.11764705882352924,0.592885375494071
0.0,0.5108695652173907,0.48148148148148806,0.7835051546391756,0.29227941176470584,0.20158102766798416
1.0,0.8695652173913047,0.7037037037037024,0.7202749140893472,0.2775735294117646,0.21739130434782608
1.0,0.1521739130434696,0.22222222222222143,0.6034364261168386,0.38235294117647056,0.15019762845849802
0.5,0.8043478260869534,0.7407407407407405,0.8467353951890035,0.22610294117647048,0.6996047430830039
0.0,0.5543478260869534,0.49382716049382935,0.5718213058419246,0.36397058823529416,0.28063241106719367
0.0,0.7608695652173907,0.6913580246913611,0.6130584192439863,0.3915441176470589,0.5098814229249011
0.5,0.21739130434782084,0.3333333333333357,0.7120274914089348,0.39889705882352944,0.38339920948616596
0.0,0.28260869565216495,0.4074074074074119,0.29003436426116846,0.6341911764705883,0.11067193675889328
0.0,0.18478260869564878,0.2716049382716008,0.2501718213058419,0.641544117647059,0.6640316205533596
0.0,0.38043478260869534,0.4197530864197603,0.2501718213058419,0.729779411764706,0.4387351778656126
0.0,0.3152173913043441,0.23456790123456983,0.44536082474226824,0.44852941176470595,0.7035573122529644
0.0,0.35869565217391397,0.48148148148148806,0.30515463917525776,0.6893382352941178,0.7747035573122529
0.5,0.7391304347826093,0.6419753086419746,1.0,0.18933823529411756,0.20158102766798416
0.0,0.5760869565217348,0.654320987654323,0.5429553264604814,0.5128676470588236,0.3438735177865612
1.0,0.7717391304347743,0.6419753086419746,0.37938144329896906,0.5128676470588236,0.6877470355731224
0.5,0.28260869565216495,0.4074074074074119,1.0,0.020220588235293907,0.32411067193675885
0.5,0.35869565217391397,0.4074074074074119,0.43024054982817894,0.5147058823529411,0.023715415019762844
0.0,0.7282608695652115,0.5061728395061778,0.39587628865979374,0.8327205882352944,0.5731225296442687
0.0,0.5326086956521721,0.5308641975308674,0.4467353951890036,0.6341911764705883,0.6798418972332015
0.5,0.21739130434782084,0.3827160493827222,0.5745704467353954,0.3658088235294118,0.5177865612648221
0.0,0.22826086956521152,0.3580246913580325,0.3725085910652921,0.6176470588235294,0.450592885375494
0.0,0.28260869565216495,0.518518518518519,0.41786941580756043,0.5919117647058825,0.7233201581027667
0.0,0.22826086956521152,0.3580246913580325,0.6061855670103093,0.43014705882352944,0.458498023715415
0.0,0.5760869565217348,0.46913580246913966,0.41649484536082504,0.6764705882352943,0.11462450592885375
0.5,0.4130434782608674,0.3333333333333357,0.2254295532646049,0.7150735294117648,0.28063241106719367
0.0,0.5543478260869534,0.6296296296296333,0.24742268041237114,0.7941176470588236,0.5770750988142292
0.0,0.46739130434782794,0.5555555555555571,0.4192439862542958,0.5496323529411765,0.3201581027667984
0.0,0.5978260869565162,0.6913580246913611,0.4632302405498283,0.6011029411764707,0.5573122529644269
0.0,0.9239130434782581,0.864197530864196,0.33814432989690735,0.5312500000000001,0.7509881422924901
0.0,0.5760869565217348,0.5308641975308674,0.19931271477663226,0.7371323529411765,0.3675889328063241
0.0,0.6195652173912976,0.790123456790127,0.6969072164948455,0.32904411764705876,0.7905138339920948
0.5,0.5326086956521721,0.7037037037037024,0.3876288659793816,0.4724264705882353,0.26877470355731226
0.0,0.8478260869565233,0.8395061728395063,0.3917525773195878,0.667279411764706,0.5533596837944663
0.0,0.4021739130434767,0.5432098765432158,0.4632302405498283,0.5238970588235294,0.3359683794466403
0.5,0.5978260869565162,0.5802469135802468,0.3876288659793816,0.48897058823529416,0.24505928853754938
0.5,0.2608695652173836,0.48148148148148806,0.5883161512027493,0.41176470588235303,0.683794466403162
0.5,0.5543478260869534,0.5061728395061778,0.25841924398625427,0.5808823529411765,0.5375494071146245
0.0,0.3369565217391255,0.5432098765432158,0.39450171821305835,0.5404411764705883,0.37154150197628455
0.0,0.4782608695652115,0.6419753086419746,0.44398625429553285,0.5018382352941178,0.7707509881422925
0.0,0.3913043478260789,0.518518518518519,0.32439862542955344,0.4963235294117647,0.24505928853754938
0.0,0.5869565217391255,0.6666666666666714,1.0,0.027573529411764525,0.533596837944664
0.5,0.7391304347826093,0.6913580246913611,0.47147766323024065,0.5919117647058825,0.8063241106719367
0.5,0.28260869565216495,0.48148148148148806,0.4769759450171822,0.4779411764705882,0.49011857707509876
0.5,0.5543478260869534,0.5925925925925952,0.654295532646048,0.34191176470588225,0.16205533596837943
0.0,0.5108695652173907,0.5061728395061778,0.4206185567010312,0.511029411764706,0.308300395256917
0.5,0.5217391304347814,0.4197530864197603,0.5017182130584192,0.4632352941176471,0.10276679841897232
0.0,0.891304347826086,0.7777777777777786,0.2721649484536084,0.7665441176470589,0.11857707509881422
0.0,0.7065217391304301,0.6296296296296333,0.5347079037800686,0.37683823529411753,0.7509881422924901
0.0,0.4782608695652115,0.5679012345679055,0.4632302405498283,0.45772058823529416,0.015810276679841896
0.0,0.9130434782608674,0.9012345679012341,0.723024054982818,0.27941176470588225,0.17391304347826086
0.0,0.5434782608695627,0.7530864197530889,0.5264604810996563,0.44852941176470595,0.035573122529644265
0.0,0.7391304347826093,0.6296296296296333,0.8302405498281789,0.2628676470588235,0.9209486166007904
0.0,0.7173913043478208,0.6049382716049436,0.2240549828178695,1.0,0.3359683794466403
0.0,0.6195652173912976,0.654320987654323,0.3697594501718213,0.7941176470588236,0.13043478260869565
0.5,0.2391304347826022,0.3950617283950635,0.50446735395189,0.45772058823529416,0.04743083003952569
0.0,0.2391304347826022,0.3456790123456841,0.2817869415807561,0.49816176470588236,0.43478260869565216
0.0,0.6739130434782581,0.6666666666666714,0.7738831615120274,0.2775735294117646,0.3992094861660079
0.5,0.8152173913043441,0.8148148148148167,0.12920962199312713,1.0,0.924901185770751
0.0,0.2391304347826022,0.3333333333333357,0.4948453608247423,0.49816176470588236,0.6324110671936758
0.0,0.6630434782608603,0.6296296296296333,0.26666666666666683,0.7426470588235295,0.015810276679841896
0.0,0.7826086956521721,0.6419753086419746,0.22268041237113412,0.8106617647058825,0.38339920948616596
0.0,0.29347826086956275,0.48148148148148806,0.6391752577319587,0.40441176470588225,0.16205533596837943
0.5,0.5869565217391255,0.5432098765432158,0.4329896907216497,0.5036764705882354,0.6403162055335968
1.0,0.9239130434782581,0.8888888888888857,0.2886597938144331,0.6029411764705883,0.7272727272727272
1.0,0.4130434782608674,0.5802469135802468,0.27628865979381456,0.7665441176470589,0.4110671936758893
0.0,0.5434782608695627,0.518518518518519,0.511340206185567,0.49816176470588236,0.8023715415019762
0.0,0.9347826086956488,0.864197530864196,0.4948453608247423,0.47058823529411764,0.6996047430830039
0.5,0.5652173913043441,0.49382716049382935,0.2378006872852234,0.7003676470588236,0.541501976284585
0.5,0.4347826086956488,0.6419753086419746,0.9044673539518904,0.22610294117647048,0.007905138339920948
0.0,0.3260869565217348,0.2839506172839492,0.4371134020618559,0.5422794117647058,0.33992094861660077
0.0,0.4130434782608674,0.5555555555555571,0.7243986254295534,0.3088235294117647,0.03162055335968379
0.5,0.5434782608695627,0.45679012345679126,0.6103092783505155,0.37316176470588236,0.592885375494071
0.0,0.7717391304347743,0.7530864197530889,0.2969072164948454,0.7003676470588236,0.3913043478260869
0.0,0.30434782608695343,0.46913580246913966,0.41099656357388303,0.5330882352941176,0.18972332015810275
0.0,0.5760869565217348,0.7777777777777786,0.5470790378006876,0.3180147058823529,0.5059288537549407
1.0,0.5652173913043441,0.7407407407407405,0.3931271477663232,0.6893382352941178,0.691699604743083
0.0,0.1630434782608674,0.23456790123456983,0.18694158075601375,0.6599264705882354,0.5612648221343873
0.5,0.21739130434782084,0.3209876543209944,0.5869415807560139,0.3566176470588236,0.11462450592885375
0.0,0.4239130434782581,0.5679012345679055,0.3587628865979382,0.5018382352941178,0.0909090909090909
0.0,0.9021739130434767,0.8888888888888857,0.5773195876288661,0.35110294117647056,0.20948616600790512
0.0,0.9347826086956488,0.9259259259259238,0.43024054982817894,0.5,0.3952569169960474
1.0,0.3913043478260789,0.5555555555555571,0.5003436426116838,0.45772058823529416,0.6561264822134387
0.0,0.22826086956521152,0.3456790123456841,0.17457044673539523,0.7224264705882354,0.5138339920948616
0.0,0.7499999999999929,0.6296296296296333,0.29553264604811,0.6268382352941178,0.17786561264822134
0.5,0.7173913043478208,0.6419753086419746,0.8178694158075603,0.2867647058823528,0.40711462450592883
0.5,0.2608695652173836,0.4074074074074119,0.4618556701030929,0.5073529411764706,0.13833992094861658
0.0,0.35869565217391397,0.44444444444444997,0.7340206185567011,0.2720588235294117,0.5652173913043478
0.0,0.2717391304347814,0.3333333333333357,0.4810996563573884,0.3621323529411764,0.7509881422924901
0.0,0.5652173913043441,0.6049382716049436,0.45498281786941597,0.5955882352941178,0.03162055335968379
0.5,0.6630434782608603,0.6049382716049436,0.5457044673539522,0.4283088235294118,0.43478260869565216
0.0,0.2391304347826022,0.3580246913580325,0.3903780068728524,0.4816176470588236,0.2845849802371541
0.0,0.7173913043478208,0.5802469135802468,0.6075601374570447,0.40441176470588225,0.28063241106719367
0.5,0.4999999999999929,0.6790123456790127,0.5649484536082476,0.41727941176470584,0.6403162055335968
0.0,0.25,0.4197530864197603,0.38625429553264623,0.667279411764706,0.6877470355731224
0.5,0.9021739130434767,0.8765432098765444,1.0,0.0,0.10276679841897232
1.0,0.3913043478260789,0.6049382716049436,0.4824742268041238,0.4779411764705882,0.8418972332015809
0.0,0.5760869565217348,0.7407407407407405,0.7780068728522336,0.31433823529411753,0.2845849802371541
0.0,0.20652173913043015,0.2839506172839492,0.9635738831615122,0.2316176470588234,0.6442687747035573
0.5,0.5652173913043441,0.5555555555555571,0.5539518900343645,0.4007352941176471,0.901185770750988
0.0,0.3369565217391255,0.4197530864197603,0.41099656357388303,0.5459558823529412,0.5494071146245059
0.5,0.5869565217391255,0.6049382716049436,1.0,0.11580882352941166,0.40316205533596833
0.0,0.4891304347826093,0.5555555555555571,1.0,0.19669117647058812,0.6561264822134387
0.0,0.3369565217391255,0.308641975308646,0.9374570446735397,0.26102941176470573,0.7667984189723319
0.5,0.46739130434782794,0.5555555555555571,0.6213058419243986,0.3161764705882353,0.27667984189723316
0.0,0.7717391304347743,0.5802469135802468,0.48522336769759455,0.4724264705882353,0.5612648221343873
0.0,0.021739130434781373,0.03703703703703809,0.39587628865979374,0.4852941176470589,0.6600790513833992
0.0,0.25,0.3580246913580325,0.33951890034364274,0.6341911764705883,0.6679841897233201
0.0,0.4239130434782581,0.3333333333333357,0.46872852233676987,0.48897058823529416,0.0
0.5,0.7065217391304301,0.6172839506172849,0.3587628865979382,0.6452205882352942,0.20948616600790512
0.5,0.9021739130434767,0.864197530864196,0.8206185567010311,0.27022058823529405,0.45454545454545453
0.0,0.7934782608695627,0.7160493827160508,0.3766323024054983,0.8639705882352942,0.6679841897233201
0.0,0.6630434782608603,0.5925925925925952,0.5539518900343645,0.3878676470588235,0.8221343873517786
0.0,0.21739130434782084,0.2839506172839492,0.38350515463917545,0.6654411764705883,0.24110671936758893
0.0,0.7608695652173907,0.7160493827160508,0.4659793814432991,0.4540441176470589,0.21739130434782608
0.0,0.5652173913043441,0.5925925925925952,0.7243986254295534,0.2555147058823528,0.11067193675889328
0.0,0.6195652173912976,0.6419753086419746,0.44536082474226824,0.43933823529411775,0.7865612648221343
0.5,0.6521739130434767,0.6666666666666714,0.7010309278350517,0.32904411764705876,0.13438735177865613
0.0,0.6739130434782581,0.6049382716049436,0.5457044673539522,0.5716911764705883,0.5612648221343873
0.0,0.4999999999999929,0.48148148148148806,0.17319587628865984,0.6783088235294119,0.4980237154150197
0.0,0.6956521739130395,0.518518518518519,0.6034364261168386,0.45772058823529416,0.3675889328063241
0.0,0.20652173913043015,0.3209876543209944,0.3450171821305843,0.4944852941176472,0.45454545454545453
0.0,0.5869565217391255,0.6790123456790127,0.9759450171821307,0.2113970588235293,0.09486166007905138
0.0,0.28260869565216495,0.2839506172839492,0.44261168384879745,0.6139705882352943,0.023715415019762844
0.5,0.22826086956521152,0.3456790123456841,0.6460481099656357,0.3566176470588236,0.3320158102766798
0.0,0.5326086956521721,0.49382716049382935,0.14707903780068743,0.8805147058823533,0.05928853754940711
0.0,0.29347826086956275,0.2592592592592595,0.6240549828178694,0.37683823529411753,0.47826086956521735
0.0,0.6956521739130395,0.5555555555555571,0.36701030927835054,0.6488970588235295,0.04743083003952569
0.0,0.6521739130434767,0.6913580246913611,0.46872852233676987,0.5459558823529412,0.8418972332015809
0.5,0.7608695652173907,0.7654320987654302,0.4673539518900345,0.5422794117647058,0.6284584980237153
0.0,0.5978260869565162,0.6296296296296333,0.5443298969072168,0.43014705882352944,0.12252964426877469
0.5,0.3152173913043441,0.3950617283950635,0.6130584192439863,0.41727941176470584,0.05928853754940711
0.0,0.38043478260869534,0.5679012345679055,0.529209621993127,0.4411764705882353,0.38339920948616596
0.0,0.36956521739129755,0.49382716049382935,0.30927835051546393,0.604779411764706,0.3913043478260869
0.5,0.5543478260869534,0.7407407407407405,0.5319587628865978,0.4761029411764707,0.01976284584980237
0.0,0.35869565217391397,0.44444444444444997,0.5072164948453608,0.4558823529411765,0.691699604743083
0.0,0.5869565217391255,0.7654320987654302,0.31752577319587627,0.6875000000000001,0.8774703557312252
0.5,0.4999999999999929,0.46913580246913966,0.33539518900343657,0.8290441176470589,0.23320158102766797
0.5,0.29347826086956275,0.4074074074074119,0.3725085910652921,0.4724264705882353,0.13438735177865613
0.0,0.7499999999999929,0.6419753086419746,0.4646048109965637,0.3897058823529411,0.19367588932806323
0.5,0.25,0.48148148148148806,0.5828178694158077,0.42279411764705876,0.225296442687747
0.5,0.2717391304347814,0.44444444444444997,1.0,0.05330882352941155,0.14229249011857706
0.5,0.30434782608695343,0.2716049382716008,0.5512027491408937,0.44485294117647056,0.11462450592885375
0.5,0.1630434782608674,0.22222222222222143,0.4783505154639176,0.43933823529411775,0.533596837944664
0.0,0.29347826086956275,0.3703703703703738,0.13745704467353947,1.0,0.7470355731225296
0.0,0.3152173913043441,0.4074074074074119,0.841237113402062,0.3033088235294117,0.35968379446640314
0.0,0.8152173913043441,0.790123456790127,1.0,0.1378676470588234,0.22134387351778656
0.0,0.38043478260869534,0.5061728395061778,0.5347079037800686,0.44852941176470595,0.5494071146245059
0.0,0.891304347826086,0.827160493827158,0.43024054982817894,0.568014705882353,0.07905138339920947
0.0,0.3478260869565162,0.44444444444444997,0.41649484536082504,0.5863970588235295,0.4703557312252964
0.0,0.35869565217391397,0.308641975308646,0.30515463917525776,0.7095588235294118,0.6640316205533596
0.5,0.6413043478260789,0.6172839506172849,1.0,0.17830882352941166,0.11067193675889328
0.0,0.5760869565217348,0.7530864197530889,0.45773195876288675,0.5882352941176471,0.8932806324110671
0.5,0.7608695652173907,0.7407407407407405,0.7106529209621995,0.3308823529411764,0.5138339920948616
0.0,0.6195652173912976,0.6790123456790127,0.47147766323024065,0.5533088235294118,0.10276679841897232
0.5,0.17391304347825098,0.3333333333333357,0.3876288659793816,0.6268382352941178,0.7351778656126482
0.0,0.3478260869565162,0.49382716049382935,0.3697594501718213,0.5477941176470589,0.4743083003952569
0.0,0.8478260869565233,0.6790123456790127,0.36701030927835054,0.5018382352941178,0.8656126482213438
0.0,0.3913043478260789,0.5432098765432158,0.5965635738831616,0.46691176470588247,0.2292490118577075
0.5,0.5978260869565162,0.49382716049382935,0.8013745704467357,0.2775735294117646,0.7233201581027667
0.0,0.3478260869565162,0.46913580246913966,0.5223367697594501,0.5827205882352942,0.5217391304347826
0.5,0.5543478260869534,0.48148148148148806,0.6969072164948455,0.41727941176470584,0.6482213438735177
0.0,0.6956521739130395,0.6666666666666714,0.654295532646048,0.3676470588235293,0.8142292490118577
0.5,0.8695652173913047,0.8518518518518547,0.3147766323024055,0.630514705882353,0.541501976284585
0.0,0.8804347826086882,0.7654320987654302,0.1786941580756014,0.9393382352941178,0.23320158102766797
1.0,0.20652173913043015,0.3580246913580325,0.4371134020618559,0.6213235294117648,0.38735177865612647
0.5,0.7934782608695627,0.5802469135802468,0.5168384879725085,0.4099264705882353,0.09881422924901186
0.5,0.7282608695652115,0.5802469135802468,0.5869415807560139,0.36948529411764697,0.533596837944664
0.5,0.05434782608695343,0.08641975308641747,0.22955326460481107,0.7150735294117648,0.2727272727272727
1.0,0.25,0.3580246913580325,0.4054982817869415,0.6231617647058825,0.3359683794466403
0.0,0.4782608695652115,0.654320987654323,1.0,0.15073529411764694,0.7944664031620553
0.5,0.5760869565217348,0.7037037037037024,0.4123711340206184,0.5073529411764706,0.21739130434782608
0.5,0.8804347826086882,0.7530864197530889,0.30652920962199315,0.5496323529411765,0.7786561264822134
0.5,0.7934782608695627,0.5925925925925952,0.4893470790378007,0.3841911764705883,0.8063241106719367
0.0,0.9456521739130395,0.8765432098765444,0.5140893470790378,0.5496323529411765,0.7826086956521738
0.0,0.03260869565217206,0.06172839506172778,0.1635738831615121,0.7720588235294119,0.19367588932806323
0.0,0.3369565217391255,0.5432098765432158,0.5017182130584192,0.41176470588235303,0.3636363636363636
1.0,0.8152173913043441,0.8395061728395063,0.34914089347079047,0.6121323529411765,0.015810276679841896
0.0,0.3152173913043441,0.45679012345679126,0.3161512027491409,0.7371323529411765,0.31225296442687744
0.0,0.5434782608695627,0.6666666666666714,0.6982817869415809,0.2904411764705882,0.6245059288537549
0.0,0.30434782608695343,0.5308641975308674,0.529209621993127,0.5165441176470589,0.19367588932806323
0.5,0.4347826086956488,0.3333333333333357,0.5140893470790378,0.4540441176470589,0.8023715415019762
0.0,0.29347826086956275,0.3827160493827222,0.4508591065292098,0.5900735294117647,0.7075098814229248
0.0,0.6739130434782581,0.5925925925925952,0.3134020618556701,0.5827205882352942,0.4624505928853755
0.0,0.4891304347826093,0.5925925925925952,0.4508591065292098,0.4779411764705882,0.849802371541502
0.0,0.3260869565217348,0.5432098765432158,0.48797250859106533,0.6084558823529412,0.3913043478260869
0.0,0.3152173913043441,0.3827160493827222,0.3766323024054983,0.6286764705882354,0.07114624505928853
0.5,0.6630434782608603,0.6790123456790127,0.423367697594502,0.43566176470588236,0.09881422924901186
0.5,0.20652173913043015,0.3209876543209944,0.361512027491409,0.568014705882353,0.1818181818181818
1.0,0.1630434782608674,0.2962962962963047,0.44536082474226824,0.568014705882353,0.8774703557312252
0.5,0.891304347826086,0.8395061728395063,0.2542955326460481,0.7022058823529412,0.6798418972332015
1.0,0.3152173913043441,0.4074074074074119,0.4893470790378007,0.48345588235294124,0.3952569169960474
0.5,0.45652173913043015,0.654320987654323,0.389003436426117,0.5606617647058824,0.5375494071146245
0.0,0.5978260869565162,0.6296296296296333,0.4371134020618559,0.604779411764706,0.5770750988142292
0.0,0.28260869565216495,0.4074074074074119,0.45910652920962214,0.5036764705882354,0.11857707509881422
1.0,0.30434782608695343,0.518518518518519,0.7120274914089348,0.2996323529411764,0.23715415019762845
0.0,0.4239130434782581,0.4197530864197603,0.6006872852233678,0.39522058823529405,0.4229249011857707
0.5,0.7065217391304301,0.5679012345679055,0.40824742268041225,0.6194852941176472,0.23715415019762845
0.5,0.22826086956521152,0.3827160493827222,0.5567010309278353,0.3878676470588235,0.4861660079051383
0.0,0.46739130434782794,0.44444444444444997,0.536082474226804,0.40441176470588225,0.45454545454545453
0.5,0.5869565217391255,0.46913580246913966,0.3725085910652921,0.5698529411764706,0.16205533596837943
0.0,0.5869565217391255,0.8148148148148167,0.3463917525773197,0.7536764705882354,0.26482213438735175
1.0,0.5652173913043441,0.7283950617283992,0.423367697594502,0.5312500000000001,0.38339920948616596
0.0,0.9347826086956488,0.9135802469135825,0.1951890034364261,0.9209558823529413,0.5138339920948616
0.0,0.891304347826086,0.8888888888888857,0.4618556701030929,0.5882352941176471,0.4387351778656126
0.0,0.891304347826086,0.8888888888888857,0.45773195876288675,0.573529411764706,0.5059288537549407
1.0,0.4891304347826093,0.5555555555555571,0.5567010309278353,0.37683823529411753,0.6640316205533596
0.0,0.6413043478260789,0.654320987654323,0.5567010309278353,0.3676470588235293,0.225296442687747
0.5,0.11956521739129755,0.22222222222222143,0.7092783505154641,0.34191176470588225,0.2845849802371541
0.5,0.3152173913043441,0.3950617283950635,0.21718213058419256,0.7647058823529413,0.2964426877470355
0.0,0.2608695652173836,0.3703703703703738,0.4206185567010312,0.625,0.7430830039525691
0.0,0.4891304347826093,0.4197530864197603,0.6103092783505155,0.4154411764705882,0.8102766798418972
1.0,0.6304347826086953,0.5308641975308674,0.41512027491408965,0.5018382352941178,0.0909090909090909
0.5,0.3478260869565162,0.46913580246913966,0.4329896907216497,0.5882352941176471,0.3636363636363636
0.5,0.5217391304347814,0.5802469135802468,0.42886597938144355,0.4466911764705883,0.3043478260869565
0.0,0.21739130434782084,0.3456790123456841,0.4522336769759452,0.6378676470588236,0.1067193675889328
0.0,0.9021739130434767,0.7530864197530889,0.7807560137457044,0.36948529411764697,0.3913043478260869
0.5,0.3913043478260789,0.5061728395061778,1.0,0.16360294117647042,0.4150197628458498
0.5,0.2391304347826022,0.3456790123456841,0.6103092783505155,0.3161764705882353,0.6442687747035573
0.0,0.7608695652173907,0.7160493827160508,0.5457044673539522,0.4191176470588236,0.16205533596837943
0.0,0.30434782608695343,0.2962962962963047,0.6158075601374571,0.3676470588235293,0.2569169960474308
0.0,0.4782608695652115,0.4320987654321016,0.6213058419243986,0.3161764705882353,0.6640316205533596
0.5,0.3260869565217348,0.4074074074074119,0.4632302405498283,0.5238970588235294,0.3675889328063241
0.0,0.6521739130434767,0.5432098765432158,0.49896907216494846,0.5294117647058825,0.035573122529644265
0.0,0.5217391304347814,0.7283950617283992,0.49759450171821307,0.4375,0.2924901185770751
0.0,0.3260869565217348,0.3333333333333357,0.5841924398625431,0.44485294117647056,0.6877470355731224
1.0,0.9347826086956488,0.9012345679012341,0.479725085910653,0.42647058823529416,0.5612648221343873
0.0,0.5326086956521721,0.5679012345679055,0.4756013745704468,0.4761029411764707,0.18972332015810275
0.0,0.4347826086956488,0.3456790123456841,0.8302405498281789,0.244485294117647,0.20553359683794464
0.5,0.45652173913043015,0.6172839506172849,0.4398625429553267,0.4908088235294118,0.37549407114624506
0.0,0.5869565217391255,0.6913580246913611,0.48659793814432994,0.41176470588235303,0.18972332015810275
0.0,0.6739130434782581,0.6666666666666714,0.3999999999999999,0.5937500000000001,0.38339920948616596
1.0,0.5978260869565162,0.5925925925925952,0.5690721649484538,0.33639705882352944,0.7628458498023715
0.0,0.3913043478260789,0.48148148148148806,0.5786941580756015,0.3933823529411765,0.7786561264822134
0.0,0.5543478260869534,0.5555555555555571,0.4962199312714777,0.43014705882352944,0.03952569169960474
0.0,0.3478260869565162,0.46913580246913966,0.27766323024054995,0.7279411764705883,0.44664031620553357
0.5,0.29347826086956275,0.4197530864197603,0.5580756013745707,0.40441176470588225,0.15810276679841895
0.0,0.29347826086956275,0.4320987654321016,0.7738831615120274,0.29227941176470584,0.15019762845849802
0.5,0.3478260869565162,0.48148148148148806,0.3752577319587629,0.6507352941176472,0.4229249011857707
0.5,0.4891304347826093,0.49382716049382935,0.20893470790378021,0.8988970588235297,0.5296442687747035
0.0,0.29347826086956275,0.3703703703703738,0.8288659793814435,0.24632352941176458,0.8142292490118577
0.5,0.22826086956521152,0.3580246913580325,0.4137457044673538,0.5477941176470589,0.3162055335968379
0.0,0.35869565217391397,0.3209876543209944,0.34914089347079047,0.5073529411764706,0.7075098814229248
0.0,0.6195652173912976,0.5925925925925952,0.3587628865979382,0.48897058823529416,0.38735177865612647
0.5,0.5978260869565162,0.5679012345679055,0.9621993127147768,0.21507352941176458,0.37549407114624506
0.0,0.6413043478260789,0.5679012345679055,0.5223367697594501,0.47426470588235303,0.23320158102766797
0.5,0.7499999999999929,0.7037037037037024,0.629553264604811,0.34558823529411764,0.24505928853754938
0.0,0.17391304347825098,0.23456790123456983,0.36701030927835054,0.5919117647058825,0.4703557312252964
1.0,0.3260869565217348,0.4320987654321016,0.4371134020618559,0.5441176470588236,0.06324110671936758
0.0,0.38043478260869534,0.49382716049382935,0.7862542955326464,0.28860294117647056,0.6007905138339921
1.0,0.3913043478260789,0.49382716049382935,0.3285223367697596,0.6580882352941178,0.6363636363636364
1.0,0.2608695652173836,0.17283950617284205,0.9443298969072167,0.17830882352941166,0.02766798418972332
0.5,0.2717391304347814,0.5061728395061778,0.865979381443299,0.23345588235294104,0.8023715415019762
0.5,0.3152173913043441,0.2839506172839492,1.0,0.16360294117647042,0.12648221343873517
0.5,0.4347826086956488,0.3333333333333357,0.4123711340206184,0.5404411764705883,0.32806324110671936
1.0,0.6521739130434767,0.654320987654323,0.566323024054983,0.4375,0.7272727272727272
0.5,0.3913043478260789,0.3580246913580325,0.4893470790378007,0.5073529411764706,0.5177865612648221
0.0,0.5434782608695627,0.5555555555555571,0.27628865979381456,0.661764705882353,0.14229249011857706
0.0,0.4891304347826093,0.44444444444444997,0.1800687285223368,0.9613970588235294,0.8379446640316205
0.5,0.5652173913043441,0.6790123456790127,0.5264604810996563,0.4375,0.8102766798418972
0.0,0.8369565217391255,0.8148148148148167,0.4371134020618559,0.5441176470588236,0.4426877470355731
0.5,0.6086956521739069,0.7530864197530889,0.927835051546392,0.21507352941176458,0.09881422924901186
0.5,0.9456521739130395,0.9382716049382722,0.9292096219931274,0.2628676470588235,0.34782608695652173
0.0,0.5869565217391255,0.7777777777777786,0.32027491408934705,0.704044117647059,0.1976284584980237
0.0,0.8369565217391255,0.6790123456790127,0.779381443298969,0.244485294117647,0.7667984189723319
0.0,0.5760869565217348,0.7160493827160508,0.3999999999999999,0.6286764705882354,0.24901185770750986
0.5,0.45652173913043015,0.44444444444444997,0.4646048109965637,0.5275735294117647,0.3043478260869565
0.0,0.7065217391304301,0.6049382716049436,1.0,0.0,0.49011857707509876
0.0,0.5652173913043441,0.7777777777777786,0.42611683848797277,0.4816176470588236,0.6047430830039525
0.5,0.6521739130434767,0.654320987654323,0.32164948453608244,0.6378676470588236,0.7786561264822134
0.5,0.2391304347826022,0.3456790123456841,0.32027491408934705,0.693014705882353,0.023715415019762844
0.0,0.6739130434782581,0.6790123456790127,0.7312714776632303,0.2941176470588235,0.1541501976284585
0.5,0.5869565217391255,0.6666666666666714,0.2817869415807561,0.6819852941176472,0.3794466403162055
0.5,0.6739130434782581,0.6172839506172849,0.4013745704467353,0.47426470588235303,0.05533596837944664
0.0,0.38043478260869534,0.49382716049382935,0.8013745704467357,0.3088235294117647,0.6324110671936758
0.0,0.2717391304347814,0.3703703703703738,0.32439862542955344,0.5772058823529412,0.24505928853754938
0.5,0.5108695652173907,0.49382716049382935,0.6652920962199316,0.2904411764705882,0.4426877470355731
0.5,0.5543478260869534,0.5308641975308674,0.5388316151202752,0.5422794117647058,0.7351778656126482
1.0,0.2391304347826022,0.3456790123456841,0.5347079037800686,0.48345588235294124,0.18577075098814227
0.0,0.5652173913043441,0.5555555555555571,0.8192439862542957,0.24080882352941166,0.1067193675889328
0.0,0.8804347826086882,0.7160493827160508,0.35189003436426125,0.698529411764706,0.5059288537549407
0.0,0.3913043478260789,0.5432098765432158,0.566323024054983,0.4503676470588235,0.3952569169960474
0.0,0.7717391304347743,0.5432098765432158,0.3587628865979382,0.568014705882353,0.4110671936758893
0.0,0.3260869565217348,0.3333333333333357,0.4343642611683851,0.5625,0.6798418972332015
0.5,0.7717391304347743,0.7530864197530889,0.26116838487972527,0.6948529411764707,0.525691699604743
0.0,0.7717391304347743,0.7160493827160508,0.5800687285223369,0.49816176470588236,0.2292490118577075
0.5,0.8478260869565233,0.6666666666666714,0.5855670103092785,0.41727941176470584,0.05138339920948616
1.0,0.22826086956521152,0.2716049382716008,0.30515463917525776,0.7205882352941178,0.5177865612648221
1.0,0.22826086956521152,0.4074074074074119,0.4123711340206184,0.5257352941176471,0.616600790513834
0.5,0.5108695652173907,0.48148148148148806,0.6185567010309279,0.43014705882352944,0.20948616600790512
0.0,0.7717391304347743,0.7654320987654302,0.691408934707904,0.31433823529411753,0.8063241106719367
0.0,0.9347826086956488,0.9012345679012341,0.629553264604811,0.34191176470588225,0.826086956521739
0.0,0.7934782608695627,0.5802469135802468,0.4756013745704468,0.5496323529411765,0.2964426877470355
1.0,0.5543478260869534,0.6790123456790127,0.44123711340206206,0.5974264705882353,0.7114624505928854
0.5,0.7934782608695627,0.8024691358024683,0.2542955326460481,0.8033088235294119,0.6640316205533596
1.0,0.36956521739129755,0.3333333333333357,0.3628865979381444,0.5514705882352942,0.7786561264822134
0.5,0.1521739130434696,0.2592592592592595,0.12371134020618557,1.0,0.4150197628458498
1.0,0.4021739130434767,0.3827160493827222,0.29415807560137464,0.8400735294117649,0.7865612648221343
0.0,0.4782608695652115,0.48148148148148806,0.26254295532646066,0.6966911764705884,0.6363636363636364
0.5,0.46739130434782794,0.5432098765432158,0.39450171821305835,0.6121323529411765,0.30039525691699603
0.5,0.7717391304347743,0.6666666666666714,0.9883161512027492,0.17647058823529396,0.7786561264822134
0.5,0.4239130434782581,0.5802469135802468,0.21580756013745717,0.7205882352941178,0.13438735177865613
0.5,0.4130434782608674,0.6049382716049436,0.38625429553264623,0.5588235294117648,0.3162055335968379
0.0,0.8260869565217348,0.8024691358024683,0.7711340206185566,0.19852941176470576,0.3794466403162055
0.0,0.891304347826086,0.790123456790127,0.6955326460481102,0.3308823529411764,0.0
0.0,0.3913043478260789,0.5555555555555571,0.26666666666666683,0.7389705882352943,0.7312252964426877
0.0,0.5434782608695627,0.4320987654321016,0.6625429553264608,0.41176470588235303,0.7747035573122529
0.0,0.8152173913043441,0.8024691358024683,0.46872852233676987,0.43566176470588236,0.20553359683794464
0.0,0.4239130434782581,0.3456790123456841,0.3711340206185567,0.6213235294117648,0.24901185770750986
0.0,0.09782608695651618,0.19753086419753174,0.9800687285223368,0.2113970588235293,0.15810276679841895
0.0,0.3478260869565162,0.44444444444444997,0.6254295532646048,0.37316176470588236,0.43083003952569165
0.5,0.9239130434782581,0.827160493827158,0.5896907216494847,0.3786764705882353,0.8023715415019762
0.0,0.5217391304347814,0.4197530864197603,0.31890034364261166,0.6231617647058825,0.3043478260869565
0.0,0.2391304347826022,0.308641975308646,0.6584192439862542,0.3400735294117647,0.011857707509881422
0.0,0.021739130434781373,0.03703703703703809,0.5896907216494847,0.44852941176470595,0.06324110671936758
0.0,0.45652173913043015,0.3827160493827222,1.0,0.13970588235294099,0.6482213438735177
0.5,0.38043478260869534,0.49382716049382935,0.5786941580756015,0.41360294117647056,0.5889328063241106
0.0,0.28260869565216495,0.3333333333333357,0.6570446735395188,0.511029411764706,0.691699604743083
0.0,0.4239130434782581,0.3456790123456841,0.897594501718213,0.244485294117647,0.2727272727272727
0.0,0.8152173913043441,0.6419753086419746,0.6432989690721649,0.40808823529411764,0.15019762845849802
0.5,0.5869565217391255,0.6296296296296333,0.4137457044673538,0.6176470588235294,0.2964426877470355
1.0,0.8043478260869534,0.7777777777777786,0.4343642611683851,0.5275735294117647,0.2569169960474308
0.0,0.3913043478260789,0.5432098765432158,0.26529209621993144,0.7150735294117648,0.758893280632411
0.0,0.9456521739130395,0.9259259259259238,0.6378006872852233,0.3272058823529411,0.47826086956521735
0.0,0.891304347826086,0.8395061728395063,0.39725085910652913,0.6176470588235294,0.6640316205533596
1.0,0.5434782608695627,0.49382716049382935,0.5690721649484538,0.3308823529411764,0.5691699604743082
0.0,0.3913043478260789,0.3580246913580325,0.8288659793814435,0.20772058823529402,0.8418972332015809
0.0,0.20652173913043015,0.3333333333333357,0.4013745704467353,0.5386029411764707,0.16205533596837943
1.0,0.4782608695652115,0.4320987654321016,0.18419243986254297,0.7849264705882355,0.3438735177865612
0.0,0.6521739130434767,0.6419753086419746,0.5883161512027493,0.3878676470588235,0.6205533596837944
0.0,0.3369565217391255,0.3950617283950635,0.7395189003436426,0.30698529411764697,0.4229249011857707
0.5,0.6739130434782581,0.6666666666666714,0.32164948453608244,0.5,0.37154150197628455
0.0,0.28260869565216495,0.4074074074074119,0.29415807560137464,0.5716911764705883,0.458498023715415
0.5,0.20652173913043015,0.3456790123456841,0.2542955326460481,0.6194852941176472,0.7312252964426877
0.0,0.7826086956521721,0.7777777777777786,0.3340206185567012,0.5772058823529412,0.6996047430830039
1.0,0.3152173913043441,0.3827160493827222,0.36838487972508593,0.7187500000000001,0.6047430830039525
0.0,0.3913043478260789,0.46913580246913966,0.6556701030927834,0.33639705882352944,0.6679841897233201
0.5,0.8586956521739069,0.6790123456790127,0.7147766323024056,0.35110294117647056,0.13043478260869565
0.0,0.5652173913043441,0.7654320987654302,0.361512027491409,0.6727941176470589,0.14624505928853754
0.0,0.28260869565216495,0.2592592592592595,0.3147766323024055,0.5919117647058825,0.4110671936758893
0.0,0.6956521739130395,0.518518518518519,0.20481099656357404,0.6654411764705883,0.7391304347826086
0.0,0.4130434782608674,0.5925925925925952,0.3450171821305843,0.661764705882353,0.30039525691699603
0.5,0.30434782608695343,0.2839506172839492,1.0,0.14705882352941166,0.11462450592885375
0.0,0.8043478260869534,0.6172839506172849,0.3161512027491409,0.8253676470588238,0.07509881422924901
0.0,0.9130434782608674,0.9135802469135825,0.7601374570446735,0.40441176470588225,0.1976284584980237
0.0,0.3152173913043441,0.24691358024691112,0.46048109965635753,0.46875,0.3438735177865612
0.0,0.6195652173912976,0.6790123456790127,0.2680412371134022,0.6158088235294118,0.24505928853754938
0.0,0.44565217391303946,0.44444444444444997,0.5168384879725085,0.42647058823529416,0.7786561264822134
0.0,0.7826086956521721,0.7160493827160508,0.8714776632302406,0.24999999999999986,0.758893280632411
1.0,0.5434782608695627,0.518518518518519,0.6996563573883163,0.3180147058823529,0.5138339920948616
0.0,0.6521739130434767,0.5925925925925952,0.23230240549828185,0.7334558823529413,0.41897233201581024
0.0,0.5869565217391255,0.5308641975308674,0.6927835051546394,0.31066176470588225,0.6956521739130435
0.0,0.2717391304347814,0.22222222222222143,0.38487972508591084,0.7058823529411766,0.4229249011857707
0.5,0.4021739130434767,0.5308641975308674,0.6859106529209624,0.3161764705882353,0.20948616600790512
0.5,0.36956521739129755,0.518518518518519,0.36563573883161515,0.7389705882352943,0.5691699604743082
0.0,0.4999999999999929,0.46913580246913966,0.24879725085910653,0.7077205882352942,0.6956521739130435
0.0,0.6956521739130395,0.6049382716049436,0.3271477663230242,0.6102941176470589,0.4426877470355731
0.0,0.6739130434782581,0.5802469135802468,0.4398625429553267,0.5202205882352942,0.5968379446640316
0.0,0.7934782608695627,0.7777777777777786,0.38350515463917545,0.6011029411764707,0.683794466403162
0.0,0.4021739130434767,0.518518518518519,0.3340206185567012,0.5863970588235295,0.37154150197628455
0.0,0.8804347826086882,0.8024691358024683,0.23230240549828185,1.0,0.20553359683794464
0.0,0.3260869565217348,0.3580246913580325,0.45498281786941597,0.46875,0.5612648221343873
0.5,0.28260869565216495,0.2592592592592595,0.3876288659793816,0.5643382352941178,0.41897233201581024
0.5,0.22826086956521152,0.3456790123456841,0.5470790378006876,0.34191176470588225,0.30039525691699603
1.0,0.4239130434782581,0.3950617283950635,0.747766323024055,0.24999999999999986,0.37549407114624506
0.0,0.22826086956521152,0.3456790123456841,0.4219931271477666,0.6323529411764707,0.2727272727272727
0.0,0.38043478260869534,0.308641975308646,0.37800687285223367,0.7463235294117648,0.08300395256916995
0.0,0.6847826086956488,0.6296296296296333,0.5443298969072168,0.3915441176470589,0.592885375494071
0.0,0.6413043478260789,0.5679012345679055,0.4522336769759452,0.604779411764706,0.30039525691699603
0.0,0.6086956521739069,0.6666666666666714,0.3422680412371135,0.5128676470588236,0.09486166007905138
0.0,0.5869565217391255,0.6296296296296333,0.5896907216494847,0.3253676470588235,0.15019762845849802
0.5,0.7499999999999929,0.5432098765432158,0.5553264604810999,0.4007352941176471,0.06719367588932806
0.0,0.5652173913043441,0.5679012345679055,0.7079037800687287,0.34375,0.03162055335968379
0.0,0.3152173913043441,0.3703703703703738,0.38350515463917545,0.6544117647058825,0.20158102766798416
0.5,0.7608695652173907,0.7037037037037024,0.45635738831615136,0.5036764705882354,0.11857707509881422
0.5,0.28260869565216495,0.5061728395061778,0.7216494845360826,0.31433823529411753,0.13833992094861658
0.0,0.8695652173913047,0.7037037037037024,0.7752577319587628,0.23529411764705874,0.91699604743083
0.0,0.7065217391304301,0.5679012345679055,0.43161512027491433,0.5257352941176471,0.24901185770750986
0.0,0.38043478260869534,0.5308641975308674,0.4948453608247423,0.43933823529411775,0.5810276679841897
0.0,0.21739130434782084,0.3209876543209944,0.4343642611683851,0.5716911764705883,0.05138339920948616
0.5,0.8260869565217348,0.8518518518518547,0.3106529209621993,0.6176470588235294,0.32411067193675885
0.0,0.3260869565217348,0.4197530864197603,0.2996563573883162,0.5974264705882353,0.8379446640316205
0.0,0.3913043478260789,0.5308641975308674,0.8604810996563574,0.2647058823529411,0.450592885375494
0.5,0.28260869565216495,0.22222222222222143,0.6584192439862542,0.3308823529411764,0.8379446640316205
0.0,0.45652173913043015,0.3703703703703738,0.38213058419243984,0.604779411764706,0.683794466403162
0.5,0.6956521739130395,0.6296296296296333,1.0,0.16176470588235284,0.7826086956521738
0.0,0.17391304347825098,0.3209876543209944,0.47422680412371143,0.4779411764705882,0.7470355731225296
0.0,0.5760869565217348,0.6419753086419746,0.41649484536082504,0.46139705882352944,0.33992094861660077
0.0,0.6195652173912976,0.5432098765432158,0.536082474226804,0.36397058823529416,0.0
0.0,0.3152173913043441,0.2716049382716008,0.3587628865979382,0.6727941176470589,0.5573122529644269
0.0,0.9130434782608674,0.8765432098765444,0.48797250859106533,0.5128676470588236,0.23320158102766797
0.0,0.9347826086956488,0.9382716049382722,0.3106529209621993,0.7132352941176472,0.47826086956521735
0.0,0.4347826086956488,0.4074074074074119,0.4783505154639176,0.4761029411764707,0.25296442687747034
0.0,0.8260869565217348,0.827160493827158,0.38213058419243984,0.5312500000000001,0.7747035573122529
0.0,0.19565217391303946,0.2716049382716008,0.4508591065292098,0.5863970588235295,0.34782608695652173
0.0,0.2391304347826022,0.44444444444444997,0.5443298969072168,0.4540441176470589,0.07905138339920947
0.0,0.4347826086956488,0.3580246913580325,0.4206185567010312,0.6764705882352943,0.7549407114624506
0.0,0.4021739130434767,0.3580246913580325,0.40962199312714764,0.6176470588235294,0.4426877470355731
0.5,0.6413043478260789,0.6666666666666714,0.5580756013745707,0.39522058823529405,0.015810276679841896
0.5,0.30434782608695343,0.2716049382716008,0.8123711340206188,0.2904411764705882,0.6956521739130435
0.0,0.7065217391304301,0.49382716049382935,0.3766323024054983,0.5974264705882353,0.9209486166007904
0.5,0.6630434782608603,0.6296296296296333,0.7835051546391756,0.3216911764705882,0.4110671936758893
0.5,0.4130434782608674,0.3580246913580325,0.45498281786941597,0.5937500000000001,0.7312252964426877
0.0,0.3913043478260789,0.3580246913580325,0.5388316151202752,0.3566176470588236,0.46640316205533594
0.0,0.891304347826086,0.7283950617283992,0.26529209621993144,0.6194852941176472,0.24505928853754938
0.0,0.4891304347826093,0.6666666666666714,0.33539518900343657,0.5459558823529412,0.7154150197628458
0.0,0.6739130434782581,0.5925925925925952,0.29140893470790385,0.6599264705882354,0.6324110671936758
0.5,0.6304347826086953,0.6790123456790127,0.2969072164948454,0.6727941176470589,0.18972332015810275
0.5,0.9130434782608674,0.8765432098765444,0.536082474226804,0.45772058823529416,0.8142292490118577
0.5,0.3478260869565162,0.44444444444444997,0.47285223367697604,0.4650735294117647,0.6719367588932806
0.0,0.4130434782608674,0.3456790123456841,0.39450171821305835,0.4963235294117647,0.5731225296442687
0.5,0.3260869565217348,0.3950617283950635,0.30515463917525776,0.6783088235294119,0.0909090909090909
0.0,0.46739130434782794,0.5555555555555571,0.4137457044673538,0.6286764705882354,0.05928853754940711
0.0,0.5434782608695627,0.7160493827160508,0.6405498281786941,0.35110294117647056,0.14229249011857706
0.5,0.30434782608695343,0.3827160493827222,0.6323024054982818,0.4558823529411765,0.04743083003952569
0.0,0.7717391304347743,0.7160493827160508,0.8481099656357389,0.22058823529411756,0.17786561264822134
0.5,0.29347826086956275,0.4320987654321016,0.536082474226804,0.5312500000000001,0.13833992094861658
0.5,0.9347826086956488,0.9012345679012341,1.0,0.17830882352941166,0.43478260869565216
0.0,0.6521739130434767,0.5432098765432158,0.536082474226804,0.43198529411764697,0.7272727272727272
0.5,0.5652173913043441,0.5308641975308674,0.33951890034364274,0.5643382352941178,0.38735177865612647
0.5,0.4891304347826093,0.46913580246913966,0.3917525773195878,0.5588235294117648,0.6047430830039525
0.0,0.2391304347826022,0.2962962962963047,0.6364261168384879,0.3272058823529411,0.5770750988142292
0.5,0.22826086956521152,0.2962962962963047,0.7780068728522336,0.2738970588235293,0.27667984189723316
0.0,0.30434782608695343,0.2962962962963047,0.8563573883161513,0.26654411764705876,0.24901185770750986
0.5,0.22826086956521152,0.3456790123456841,0.5938144329896908,0.5386029411764707,0.7509881422924901
0.0,0.5543478260869534,0.6790123456790127,0.2515463917525773,0.9044117647058825,0.07114624505928853
0.0,0.3369565217391255,0.46913580246913966,0.5182130584192439,0.4375,0.4624505928853755
0.0,0.36956521739129755,0.518518518518519,0.5127147766323024,0.4724264705882353,0.8221343873517786
0.5,0.4999999999999929,0.45679012345679126,0.99106529209622,0.2426470588235293,0.023715415019762844
0.0,0.9130434782608674,0.8765432098765444,0.2694158075601376,0.6158088235294118,0.17391304347826086
0.0,0.3369565217391255,0.5308641975308674,0.5374570446735398,0.5772058823529412,0.0909090909090909
0.0,0.7717391304347743,0.5679012345679055,0.2831615120274915,0.7058823529411766,0.6442687747035573
0.0,0.5108695652173907,0.44444444444444997,0.9883161512027492,0.1801470588235293,0.4743083003952569
0.0,0.2391304347826022,0.3580246913580325,0.5883161512027493,0.4466911764705883,0.11857707509881422
0.0,0.6739130434782581,0.5925925925925952,0.7340206185567011,0.29227941176470584,0.533596837944664
0.0,0.5760869565217348,0.7407407407407405,0.529209621993127,0.4963235294117647,0.0
0.0,0.3369565217391255,0.48148148148148806,0.42749140893470816,0.4595588235294117,0.5691699604743082
0.0,0.6630434782608603,0.5802469135802468,0.7821305841924402,0.35110294117647056,0.3794466403162055
0.0,0.4999999999999929,0.5802469135802468,0.4522336769759452,0.6286764705882354,0.592885375494071
0.0,0.4021739130434767,0.45679012345679126,0.865979381443299,0.23345588235294104,0.3517786561264822
0.5,0.4891304347826093,0.5308641975308674,0.3147766323024055,0.6488970588235295,0.6482213438735177
0.5,0.44565217391303946,0.3703703703703738,0.4384879725085913,0.7316176470588237,0.8102766798418972
0.0,0.5326086956521721,0.7037037037037024,0.4054982817869415,0.4540441176470589,0.5731225296442687
0.0,0.30434782608695343,0.2592592592592595,0.5457044673539522,0.41360294117647056,0.4703557312252964
0.5,0.9239130434782581,0.9012345679012341,0.4756013745704468,0.5919117647058825,0.44664031620553357
0.0,0.6630434782608603,0.654320987654323,0.22817869415807568,0.7444852941176472,0.6205533596837944
0.0,0.4130434782608674,0.5802469135802468,0.4824742268041238,0.5974264705882353,0.3636363636363636
0.0,0.6630434782608603,0.6172839506172849,0.46872852233676987,0.46875,0.37549407114624506
0.0,0.8369565217391255,0.6790123456790127,0.5951890034364262,0.36948529411764697,0.2727272727272727
0.5,0.6739130434782581,0.5802469135802468,0.2886597938144331,0.78125,0.43083003952569165
0.0,0.7934782608695627,0.5679012345679055,0.6584192439862542,0.3933823529411765,0.05533596837944664
0.5,0.4347826086956488,0.4320987654321016,0.22817869415807568,0.6158088235294118,0.12252964426877469
1.0,0.6304347826086953,0.6296296296296333,0.8577319587628867,0.23897058823529402,0.47826086956521735
0.5,0.9130434782608674,0.7777777777777786,1.0,0.0,0.28063241106719367
1.0,0.6086956521739069,0.6913580246913611,0.6872852233676978,0.2959558823529411,0.7233201581027667
1.0,0.9130434782608674,0.8518518518518547,0.4756013745704468,0.41727941176470584,0.5454545454545454
0.0,0.6847826086956488,0.6049382716049436,0.2103092783505156,0.8823529411764708,0.2885375494071146
0.0,0.22826086956521152,0.4074074074074119,0.5704467353951892,0.3529411764705882,0.6561264822134387
0.5,0.5326086956521721,0.7283950617283992,0.47422680412371143,0.5147058823529411,0.6205533596837944
0.5,0.35869565217391397,0.3209876543209944,0.7546391752577319,0.29227941176470584,0.11462450592885375
0.5,0.7282608695652115,0.6296296296296333,0.8453608247422681,0.18933823529411756,0.7509881422924901
0.0,0.7608695652173907,0.654320987654323,0.33539518900343657,0.6286764705882354,0.6482213438735177
0.0,0.5217391304347814,0.6913580246913611,0.50446735395189,0.5422794117647058,0.3636363636363636
0.5,0.3260869565217348,0.2592592592592595,0.22268041237113412,0.7830882352941178,0.450592885375494
0.5,0.1630434782608674,0.2716049382716008,0.3436426116838489,0.6452205882352942,0.5019762845849802
0.0,0.29347826086956275,0.2592592592592595,0.9223367697594504,0.18198529411764694,0.31225296442687744
0.0,0.7608695652173907,0.7530864197530889,0.36701030927835054,0.5882352941176471,0.38735177865612647
0.5,0.6521739130434767,0.5308641975308674,0.7257731958762887,0.36029411764705876,0.7984189723320158
1.0,0.29347826086956275,0.2839506172839492,0.42749140893470816,0.6966911764705884,0.27667984189723316
0.0,0.5217391304347814,0.46913580246913966,0.6762886597938147,0.3658088235294118,0.225296442687747
0.0,0.1630434782608674,0.2839506172839492,0.5402061855670106,0.46875,0.035573122529644265
0.0,0.4239130434782581,0.3456790123456841,0.29278350515463925,0.8786764705882355,0.23320158102766797
0.0,0.5434782608695627,0.4197530864197603,0.27491408934707917,0.6102941176470589,0.6758893280632411
1.0,0.7499999999999929,0.7407407407407405,0.33676975945017196,0.6194852941176472,0.5810276679841897
0.0,0.36956521739129755,0.5061728395061778,0.7243986254295534,0.29779411764705876,0.5731225296442687
0.0,0.5326086956521721,0.6913580246913611,0.4384879725085913,0.4430147058823529,0.28063241106719367
0.5,0.6521739130434767,0.518518518518519,0.5457044673539522,0.42647058823529416,0.8418972332015809
0.5,0.28260869565216495,0.3456790123456841,0.38625429553264623,0.5147058823529411,0.6205533596837944
0.0,0.7499999999999929,0.6172839506172849,0.8261168384879727,0.22242647058823514,0.35968379446640314
0.5,0.6086956521739069,0.790123456790127,0.9388316151202751,0.18749999999999986,0.616600790513834
0.0,0.2717391304347814,0.4074074074074119,0.39587628865979374,0.5220588235294119,0.0
0.0,0.5217391304347814,0.49382716049382935,1.0,0.08639705882352924,0.683794466403162
1.0,0.38043478260869534,0.5555555555555571,0.740893470790378,0.2720588235294117,0.22134387351778656
1.0,0.22826086956521152,0.3209876543209944,0.8288659793814435,0.2683823529411764,0.3952569169960474
0.5,0.7065217391304301,0.5679012345679055,0.684536082474227,0.3658088235294118,0.07509881422924901
0.0,0.28260869565216495,0.19753086419753174,0.45910652920962214,0.43933823529411775,0.04743083003952569
0.5,0.30434782608695343,0.2839506172839492,0.5154639175257731,0.5349264705882353,0.2885375494071146
0.5,0.5543478260869534,0.5061728395061778,0.7656357388316151,0.32352941176470584,0.7707509881422925
0.0,0.5869565217391255,0.7654320987654302,0.3450171821305843,0.641544117647059,0.7075098814229248
0.0,0.9130434782608674,0.827160493827158,0.7560137457044673,0.25183823529411753,0.5138339920948616
0.0,0.7391304347826093,0.6913580246913611,0.4247422680412374,0.5661764705882354,0.7747035573122529
1.0,0.2391304347826022,0.2962962962963047,0.5223367697594501,0.46691176470588247,0.4624505928853755
1.0,0.7282608695652115,0.5925925925925952,0.8852233676975945,0.21323529411764694,0.5454545454545454
0.5,0.6304347826086953,0.5925925925925952,0.597938144329897,0.36397058823529416,0.47826086956521735
1.0,0.5760869565217348,0.7160493827160508,0.15670103092783516,0.8713235294117649,0.09486166007905138
0.5,0.5543478260869534,0.7530864197530889,0.26666666666666683,0.6397058823529412,0.7430830039525691
0.0,0.28260869565216495,0.23456790123456983,0.43024054982817894,0.4632352941176471,0.15810276679841895
0.5,0.7608695652173907,0.7530864197530889,0.9773195876288661,0.18749999999999986,0.49011857707509876
0.0,0.2608695652173836,0.3950617283950635,0.6790378006872855,0.28125,0.07509881422924901
0.5,0.29347826086956275,0.22222222222222143,0.4893470790378007,0.43198529411764697,0.38735177865612647
0.0,0.20652173913043015,0.3580246913580325,0.44123711340206206,0.5036764705882354,0.8458498023715414
0.0,0.7608695652173907,0.6296296296296333,0.7628865979381443,0.24816176470588228,0.8418972332015809
0.5,0.44565217391303946,0.3950617283950635,0.39725085910652913,0.5275735294117647,0.7944664031620553
0.5,0.5434782608695627,0.4320987654321016,0.44261168384879745,0.6452205882352942,0.6442687747035573
0.0,0.1630434782608674,0.2716049382716008,0.44123711340206206,0.3786764705882353,0.4861660079051383
0.0,0.5760869565217348,0.7407407407407405,0.7917525773195879,0.2591911764705881,0.4387351778656126
1.0,0.3152173913043441,0.23456790123456983,0.20618556701030943,0.7886029411764708,0.0
0.0,0.35869565217391397,0.5308641975308674,0.479725085910653,0.5220588235294119,0.25296442687747034
0.0,0.22826086956521152,0.3456790123456841,0.4371134020618559,0.6580882352941178,0.2964426877470355
0.0,0.9239130434782581,0.9135802469135825,0.12096219931271479,0.8437500000000002,0.8418972332015809
0.0,0.44565217391303946,0.6296296296296333,0.35189003436426125,0.641544117647059,0.43083003952569165
0.0,0.5108695652173907,0.6913580246913611,0.4467353951890036,0.5257352941176471,0.11067193675889328
0.0,0.6956521739130395,0.5555555555555571,0.41649484536082504,0.704044117647059,0.03162055335968379
1.0,0.4782608695652115,0.4320987654321016,0.2570446735395189,0.5882352941176471,0.5019762845849802
0.5,0.4347826086956488,0.3703703703703738,0.1663230240549829,0.7113970588235295,0.7312252964426877
0.0,0.6847826086956488,0.6296296296296333,0.30790378006872854,0.5441176470588236,0.011857707509881422
0.0,0.6739130434782581,0.6172839506172849,0.21305841924398639,0.6783088235294119,0.31225296442687744
0.5,0.29347826086956275,0.3580246913580325,0.11821305841924401,0.7904411764705883,0.2569169960474308
0.0,0.19565217391303946,0.308641975308646,0.32164948453608244,0.7058823529411766,0.7351778656126482
0.0,0.7608695652173907,0.6419753086419746,0.7587628865979381,0.28125,0.7035573122529644
0.0,0.45652173913043015,0.44444444444444997,1.0,0.17830882352941166,0.07114624505928853
0.0,0.19565217391303946,0.2592592592592595,0.3271477663230242,0.8750000000000002,0.525691699604743
0.0,0.1630434782608674,0.2716049382716008,0.3463917525773197,0.599264705882353,0.27667984189723316
0.5,0.8043478260869534,0.7407407407407405,0.8123711340206188,0.31433823529411753,0.01976284584980237
0.0,0.2391304347826022,0.44444444444444997,0.41512027491408965,0.4779411764705882,0.7786561264822134
0.0,0.3152173913043441,0.3950617283950635,0.7821305841924402,0.23345588235294104,0.10276679841897232
0.0,0.20652173913043015,0.3456790123456841,0.38213058419243984,0.568014705882353,0.6758893280632411
0.0,0.05434782608695343,0.11111111111111427,0.4673539518900345,0.6194852941176472,0.3913043478260869
0.0,0.8695652173913047,0.7160493827160508,0.33539518900343657,0.786764705882353,0.26482213438735175
0.0,0.3260869565217348,0.4197530864197603,0.5072164948453608,0.5551470588235294,0.4861660079051383
0.5,0.5978260869565162,0.7777777777777786,0.14570446735395204,1.0,0.6284584980237153
0.5,0.30434782608695343,0.3456790123456841,0.4054982817869415,0.6084558823529412,0.011857707509881422
0.0,0.9021739130434767,0.8395061728395063,0.16219931271477672,0.911764705882353,0.3992094861660079
0.0,0.6956521739130395,0.654320987654323,0.4934707903780069,0.5404411764705883,0.5691699604743082
1.0,0.4891304347826093,0.5555555555555571,0.3340206185567012,0.6783088235294119,0.6363636363636364
0.0,0.7826086956521721,0.7777777777777786,0.6941580756013748,0.31433823529411753,0.1660079051383399
0.0,0.9130434782608674,0.8148148148148167,0.24879725085910653,0.7022058823529412,0.4150197628458498
0.5,0.4021739130434767,0.5308641975308674,1.0,0.12316176470588222,0.4387351778656126
0.0,0.3260869565217348,0.46913580246913966,0.5140893470790378,0.43933823529411775,0.5296442687747035
0.5,0.4782608695652115,0.4320987654321016,0.7106529209621995,0.2959558823529411,0.7075098814229248
0.0,0.1630434782608674,0.2592592592592595,0.5457044673539522,0.4908088235294118,0.49011857707509876
1.0,0.30434782608695343,0.2839506172839492,0.5525773195876291,0.41360294117647056,0.6284584980237153
0.0,0.5543478260869534,0.5802469135802468,0.16219931271477672,0.8088235294117647,0.1818181818181818
0.0,0.3152173913043441,0.2716049382716008,0.31752577319587627,0.7738970588235294,0.5494071146245059
0.0,0.4782608695652115,0.5555555555555571,0.3986254295532645,0.5625,0.11067193675889328
0.0,0.5869565217391255,0.5061728395061778,0.22268041237113412,0.7647058823529413,0.6758893280632411
0.5,0.7282608695652115,0.6049382716049436,0.42749140893470816,0.5091911764705883,0.09486166007905138
1.0,0.7499999999999929,0.6913580246913611,0.7986254295532649,0.30147058823529405,0.01976284584980237
1.0,0.4782608695652115,0.44444444444444997,0.448109965635739,0.4595588235294117,0.8458498023715414
0.0,0.9021739130434767,0.9012345679012341,0.5594501718213061,0.46875,0.2134387351778656
1.0,0.35869565217391397,0.48148148148148806,0.38625429553264623,0.5459558823529412,0.06324110671936758
0.0,0.8695652173913047,0.7530864197530889,0.9264604810996566,0.21507352941176458,0.26482213438735175
0.5,0.2608695652173836,0.3950617283950635,0.5567010309278353,0.4099264705882353,0.035573122529644265
0.0,0.7717391304347743,0.5679012345679055,0.42749140893470816,0.43014705882352944,0.45454545454545453
0.5,0.35869565217391397,0.46913580246913966,0.566323024054983,0.3878676470588235,0.27667984189723316
0.0,0.46739130434782794,0.4197530864197603,0.6501718213058418,0.42279411764705876,0.3201581027667984
0.0,0.3478260869565162,0.44444444444444997,0.6350515463917525,0.37683823529411753,0.458498023715415
0.0,0.3152173913043441,0.3209876543209944,1.0,0.0955882352941175,0.6640316205533596
0.5,0.7826086956521721,0.7530864197530889,1.0,0.11580882352941166,0.2924901185770751
0.5,0.6304347826086953,0.6049382716049436,0.3587628865979382,0.7334558823529413,0.13833992094861658
0.0,0.8804347826086882,0.7654320987654302,0.44398625429553285,0.46691176470588247,0.10276679841897232
0.0,0.7065217391304301,0.5432098765432158,0.7835051546391756,0.27941176470588225,0.2292490118577075
1.0,0.6304347826086953,0.6913580246913611,1.0,0.06985294117647042,0.16996047430830039
0.0,0.021739130434781373,0.02469135802468969,0.5140893470790378,0.43014705882352944,0.04743083003952569
1.0,0.3152173913043441,0.23456790123456983,0.4013745704467353,0.6580882352941178,0.8063241106719367
0.0,0.7717391304347743,0.6666666666666714,0.6405498281786941,0.3933823529411765,0.7272727272727272
0.5,0.9130434782608674,0.8888888888888857,0.37938144329896906,0.7334558823529413,0.1818181818181818
0.0,0.3152173913043441,0.4074074074074119,0.6075601374570447,0.3474264705882353,0.6126482213438734
0.5,0.30434782608695343,0.4074074074074119,0.5017182130584192,0.4283088235294118,0.7470355731225296
0.5,0.5543478260869534,0.6790123456790127,0.9113402061855673,0.19485294117647042,0.525691699604743
0.5,0.3152173913043441,0.3827160493827222,0.39587628865979374,0.5220588235294119,0.592885375494071
0.0,0.7173913043478208,0.6296296296296333,0.4824742268041238,0.4816176470588236,0.3557312252964427
0.0,0.4999999999999929,0.46913580246913966,1.0,0.13970588235294099,0.6521739130434783
0.0,0.7391304347826093,0.6790123456790127,0.3931271477663232,0.8529411764705885,0.6047430830039525
0.0,0.22826086956521152,0.308641975308646,0.17731958762886602,0.7224264705882354,0.83399209486166
0.5,0.5326086956521721,0.48148148148148806,0.5333333333333332,0.42279411764705876,0.14229249011857706
1.0,0.5869565217391255,0.7407407407407405,0.9567010309278352,0.19852941176470576,0.18577075098814227
0.0,0.10869565217390686,0.17283950617284205,0.5388316151202752,0.375,0.7351778656126482
0.0,0.5760869565217348,0.5679012345679055,0.33814432989690735,0.6948529411764707,0.09881422924901186
1.0,0.2608695652173836,0.3827160493827222,0.4137457044673538,0.568014705882353,0.3794466403162055
0.0,0.03260869565217206,0.04938271604938649,0.4206185567010312,0.5220588235294119,0.616600790513834
1.0,0.3260869565217348,0.4197530864197603,0.6570446735395188,0.31985294117647056,0.49407114624505927
0.5,0.30434782608695343,0.3827160493827222,0.3106529209621993,0.6452205882352942,0.27667984189723316
0.5,0.30434782608695343,0.2962962962963047,0.3903780068728524,0.5147058823529411,0.22134387351778656
0.0,0.9347826086956488,0.8765432098765444,0.3450171821305843,0.6452205882352942,0.7747035573122529
0.5,0.6630434782608603,0.6049382716049436,0.40687285223367686,0.6580882352941178,0.3794466403162055
0.0,0.6956521739130395,0.5925925925925952,0.48797250859106533,0.4025735294117647,0.7154150197628458
0.5,0.7717391304347743,0.5555555555555571,0.30790378006872854,0.7904411764705883,0.5652173913043478
0.5,0.6413043478260789,0.6296296296296333,0.3134020618556701,0.636029411764706,0.01976284584980237
0.5,0.03260869565217206,0.06172839506172778,0.5718213058419246,0.38235294117647056,0.3201581027667984
1.0,0.2608695652173836,0.23456790123456983,0.5085910652920962,0.46875,0.24901185770750986
0.0,0.6413043478260789,0.6172839506172849,0.5264604810996563,0.5220588235294119,0.32411067193675885
0.0,0.6956521739130395,0.6049382716049436,0.5182130584192439,0.5386029411764707,0.26877470355731226
0.0,0.3913043478260789,0.3456790123456841,0.3010309278350516,0.818014705882353,0.608695652173913
1.0,0.19565217391303946,0.2716049382716008,0.270790378006873,0.7573529411764707,0.6877470355731224
0.0,0.8695652173913047,0.7530864197530889,0.7202749140893472,0.3272058823529411,0.07114624505928853
0.0,0.6304347826086953,0.5061728395061778,0.4467353951890036,0.47977941176470584,0.5889328063241106
0.0,0.6956521739130395,0.5555555555555571,0.2240549828178695,0.8897058823529413,0.18577075098814227
1.0,0.6086956521739069,0.6419753086419746,0.4206185567010312,0.42095588235294124,0.691699604743083
0.0,0.5217391304347814,0.6666666666666714,0.6199312714776632,0.3786764705882353,0.7351778656126482
0.0,0.3913043478260789,0.5925925925925952,0.7546391752577319,0.2591911764705881,0.06719367588932806
0.5,0.3260869565217348,0.24691358024691112,0.48384879725085916,0.5257352941176471,0.03952569169960474
0.0,0.1630434782608674,0.2716049382716008,0.7560137457044673,0.22794117647058812,0.5849802371541502
0.0,0.7717391304347743,0.5555555555555571,0.2240549828178695,0.6011029411764707,0.20948616600790512
0.5,0.3913043478260789,0.4320987654321016,0.5676975945017184,0.43933823529411775,0.3992094861660079
0.5,0.6630434782608603,0.6419753086419746,0.44123711340206206,0.47977941176470584,0.7075098814229248
1.0,0.5217391304347814,0.4197530864197603,0.5388316151202752,0.4154411764705882,0.05533596837944664
0.0,0.5326086956521721,0.5061728395061778,0.43024054982817894,0.5349264705882353,0.41897233201581024
0.0,0.4130434782608674,0.3456790123456841,0.27903780068728534,0.7849264705882355,0.6284584980237153
0.0,0.3478260869565162,0.45679012345679126,0.5388316151202752,0.46139705882352944,0.14624505928853754
0.0,0.3152173913043441,0.45679012345679126,0.38350515463917545,0.630514705882353,0.7312252964426877
0.5,0.043478260869562746,0.08641975308641747,0.3010309278350516,0.5018382352941178,0.3201581027667984
0.0,0.5326086956521721,0.5061728395061778,0.32027491408934705,0.6709558823529412,0.6442687747035573
0.0,0.35869565217391397,0.518518518518519,0.5443298969072168,0.4466911764705883,0.11857707509881422
0.0,0.19565217391303946,0.2962962962963047,0.5718213058419246,0.4411764705882353,0.849802371541502
0.0,0.9021739130434767,0.9135802469135825,0.32577319587628883,0.46875,0.2292490118577075
0.5,0.8152173913043441,0.8024691358024683,0.4137457044673538,0.4430147058823529,0.5652173913043478
0.0,0.35869565217391397,0.5061728395061778,0.2254295532646049,0.6176470588235294,0.30039525691699603
1.0,0.28260869565216495,0.23456790123456983,0.3436426116838489,0.5551470588235294,0.8181818181818181
0.5,0.21739130434782084,0.2962962962963047,0.7738831615120274,0.2738970588235293,0.1660079051383399
0.0,0.6739130434782581,0.5925925925925952,0.5786941580756015,0.43933823529411775,0.46640316205533594
0.0,0.4239130434782581,0.3703703703703738,0.44536082474226824,0.4595588235294117,0.35968379446640314
0.5,0.7173913043478208,0.6049382716049436,0.12646048109965635,0.976102941176471,0.11462450592885375
0.0,0.6847826086956488,0.6172839506172849,0.7024054982817871,0.30698529411764697,0.03952569169960474
1.0,0.36956521739129755,0.4320987654321016,0.38625429553264623,0.5422794117647058,0.7193675889328063
0.0,0.5543478260869534,0.7283950617283992,0.479725085910653,0.4816176470588236,0.17786561264822134
0.0,0.5652173913043441,0.7283950617283992,0.4907216494845361,0.4558823529411765,0.7549407114624506
0.5,0.8369565217391255,0.6666666666666714,0.3573883161512028,0.4963235294117647,0.7154150197628458
0.0,0.35869565217391397,0.46913580246913966,0.3876288659793816,0.5772058823529412,0.24901185770750986
0.0,0.6413043478260789,0.5679012345679055,0.389003436426117,0.4944852941176472,0.4861660079051383
0.0,0.22826086956521152,0.4320987654321016,0.14570446735395204,0.7628676470588236,0.47826086956521735
0.0,0.30434782608695343,0.23456790123456983,0.4013745704467353,0.6194852941176472,0.5652173913043478
0.0,0.7173913043478208,0.518518518518519,0.2831615120274915,0.6562500000000001,0.7114624505928854
1.0,0.7499999999999929,0.7160493827160508,0.43161512027491433,0.5477941176470589,0.06324110671936758
0.0,0.5652173913043441,0.7037037037037024,0.38075601374570445,0.5275735294117647,0.2608695652173913
0.0,0.5760869565217348,0.6296296296296333,0.2845360824742269,0.7426470588235295,0.7075098814229248
0.0,0.5760869565217348,0.7407407407407405,0.4659793814432991,0.6011029411764707,0.2924901185770751
0.0,0.29347826086956275,0.3703703703703738,0.6199312714776632,0.5018382352941178,0.17786561264822134
0.5,0.3913043478260789,0.5555555555555571,0.2240549828178695,0.6654411764705883,0.47826086956521735
0.0,0.3369565217391255,0.49382716049382935,0.4810996563573884,0.4963235294117647,0.6521739130434783
0.5,0.6413043478260789,0.6172839506172849,0.35463917525773203,0.6121323529411765,0.26482213438735175
0.0,0.6304347826086953,0.7407407407407405,0.890721649484536,0.21507352941176458,0.02766798418972332
0.0,0.5543478260869534,0.5308641975308674,0.35051546391752586,0.5772058823529412,0.7470355731225296
0.0,0.25,0.3333333333333357,0.3285223367697596,0.7794117647058825,0.33992094861660077
0.0,0.6521739130434767,0.6049382716049436,0.35463917525773203,0.5128676470588236,0.2134387351778656
0.0,0.3913043478260789,0.5925925925925952,0.6487972508591064,0.30147058823529405,0.7707509881422925
0.0,0.44565217391303946,0.45679012345679126,0.7326460481099657,0.33823529411764697,0.7865612648221343
0.0,0.6521739130434767,0.5432098765432158,0.1388316151202751,0.8088235294117647,0.7707509881422925
0.0,0.4891304347826093,0.6666666666666714,1.0,0.09007352941176452,0.7509881422924901
0.0,1.0,0.9876543209876516,0.6900343642611686,0.36948529411764697,0.02766798418972332
1.0,0.4021739130434767,0.5308641975308674,0.3010309278350516,0.5955882352941178,0.43478260869565216
0.5,0.22826086956521152,0.3580246913580325,1.0,0.17095588235294104,0.3201581027667984
0.0,0.5108695652173907,0.49382716049382935,0.5140893470790378,0.630514705882353,0.09881422924901186
0.5,0.5869565217391255,0.5679012345679055,0.41649484536082504,0.5036764705882354,0.23320158102766797
0.0,0.7282608695652115,0.6049382716049436,0.5704467353951892,0.47977941176470584,0.37154150197628455
0.0,0.8478260869565233,0.6790123456790127,0.629553264604811,0.3584558823529411,0.08300395256916995
0.5,0.6086956521739069,0.5679012345679055,0.34089347079037813,0.7003676470588236,0.6007905138339921
0.5,0.043478260869562746,0.06172839506172778,0.784879725085911,0.24080882352941166,0.37154150197628455
0.5,0.2391304347826022,0.3333333333333357,0.4632302405498283,0.44852941176470595,0.849802371541502
0.0,0.5978260869565162,0.7283950617283992,0.4783505154639176,0.4191176470588236,0.05533596837944664
1.0,0.3260869565217348,0.4197530864197603,0.4343642611683851,0.44485294117647056,0.11067193675889328
0.5,0.6413043478260789,0.7160493827160508,0.4536082474226806,0.6746323529411765,0.011857707509881422
0.0,0.5869565217391255,0.790123456790127,0.47285223367697604,0.4430147058823529,0.6047430830039525
0.5,0.7499999999999929,0.6296296296296333,0.541580756013746,0.4650735294117647,0.308300395256917
1.0,0.6847826086956488,0.6172839506172849,0.33814432989690735,0.7150735294117648,0.7786561264822134
0.0,0.6304347826086953,0.6666666666666714,0.4673539518900345,0.5275735294117647,0.7272727272727272
0.0,0.21739130434782084,0.3456790123456841,0.3161512027491409,0.8750000000000002,0.04743083003952569
0.5,0.21739130434782084,0.3703703703703738,0.5621993127147769,0.4191176470588236,0.525691699604743
0.0,0.3913043478260789,0.3703703703703738,0.25841924398625427,0.6966911764705884,0.7312252964426877
0.0,0.5869565217391255,0.5432098765432158,0.59106529209622,0.3676470588235293,0.31225296442687744
0.0,0.20652173913043015,0.3703703703703738,0.6886597938144332,0.32904411764705876,0.2845849802371541
0.5,0.6195652173912976,0.7160493827160508,0.5250859106529209,0.40625,0.6403162055335968
0.0,0.4891304347826093,0.46913580246913966,0.5182130584192439,0.3566176470588236,0.07114624505928853
0.0,0.5326086956521721,0.7037037037037024,0.36426116838487976,0.46139705882352944,0.14229249011857706
0.0,0.35869565217391397,0.46913580246913966,0.7134020618556702,0.3033088235294117,0.18577075098814227
0.0,0.7608695652173907,0.7283950617283992,0.5168384879725085,0.39522058823529405,0.0
0.5,0.6195652173912976,0.6419753086419746,0.5594501718213061,0.4007352941176471,0.592885375494071
0.0,0.25,0.3209876543209944,0.35189003436426125,0.755514705882353,0.5217391304347826
1.0,0.7499999999999929,0.7654320987654302,0.5896907216494847,0.42279411764705876,0.6324110671936758
0.0,0.8043478260869534,0.5925925925925952,0.13058419243986252,1.0,0.7786561264822134
0.0,0.4782608695652115,0.48148148148148806,0.47285223367697604,0.43014705882352944,0.6798418972332015
0.5,0.5760869565217348,0.654320987654323,0.32027491408934705,0.7683823529411766,0.37154150197628455
0.0,0.5217391304347814,0.6913580246913611,0.6982817869415809,0.3216911764705882,0.5968379446640316
0.5,0.1521739130434696,0.2592592592592595,0.5072164948453608,0.43198529411764697,0.9209486166007904
0.0,0.7826086956521721,0.5925925925925952,0.4054982817869415,0.5551470588235294,0.7470355731225296
0.5,0.7173913043478208,0.5802469135802468,0.2817869415807561,0.6470588235294119,0.2885375494071146
0.0,0.2391304347826022,0.3456790123456841,0.49759450171821307,0.4724264705882353,0.3675889328063241
0.5,0.28260869565216495,0.2716049382716008,0.511340206185567,0.4963235294117647,0.15019762845849802
0.0,0.1630434782608674,0.23456790123456983,0.27491408934707917,0.7205882352941178,0.5533596837944663
0.0,0.20652173913043015,0.3209876543209944,0.5512027491408937,0.33823529411764697,0.24901185770750986
0.5,0.25,0.308641975308646,1.0,0.14154411764705868,0.03952569169960474
0.5,0.2391304347826022,0.3580246913580325,0.24879725085910653,0.7113970588235295,0.08300395256916995
0.5,0.29347826086956275,0.23456790123456983,0.18281786941580758,0.8400735294117649,0.6126482213438734
0.0,0.5326086956521721,0.5061728395061778,0.4646048109965637,0.5330882352941176,0.6363636363636364
1.0,0.2717391304347814,0.45679012345679126,0.38075601374570445,0.6507352941176472,0.03952569169960474
0.0,0.6956521739130395,0.5432098765432158,0.32164948453608244,0.6856617647058825,0.011857707509881422
0.5,0.3913043478260789,0.5555555555555571,1.0,0.13235294117647042,0.38735177865612647
0.5,0.3260869565217348,0.45679012345679126,0.46872852233676987,0.3933823529411765,0.5573122529644269
0.5,0.5434782608695627,0.7037037037037024,0.5305841924398624,0.39522058823529405,0.3913043478260869
0.5,0.25,0.3209876543209944,0.548453608247423,0.4007352941176471,0.28063241106719367
0.5,0.4782608695652115,0.4074074074074119,0.6556701030927834,0.35110294117647056,0.6126482213438734
0.0,0.6956521739130395,0.5432098765432158,0.2969072164948454,0.693014705882353,0.15019762845849802
1.0,0.44565217391303946,0.3950617283950635,0.816494845360825,0.3033088235294117,0.35968379446640314
0.0,0.891304347826086,0.7283950617283992,0.5621993127147769,0.4650735294117647,0.4426877470355731
0.0,0.29347826086956275,0.2839506172839492,0.6144329896907217,0.30698529411764697,0.05928853754940711
0.0,0.5326086956521721,0.7283950617283992,0.6020618556701032,0.3345588235294117,0.7865612648221343
0.0,0.8152173913043441,0.8148148148148167,0.2996563573883162,0.8272058823529413,0.6798418972332015
0.0,0.3152173913043441,0.3703703703703738,0.3573883161512028,0.7738970588235294,0.17786561264822134
0.0,0.7934782608695627,0.790123456790127,0.4192439862542958,0.4503676470588235,0.7272727272727272
0.5,0.5108695652173907,0.7037037037037024,0.40962199312714764,0.4816176470588236,0.49407114624505927
0.0,0.4999999999999929,0.6913580246913611,0.27903780068728534,0.7261029411764707,0.6600790513833992
0.0,0.5652173913043441,0.7160493827160508,0.6776632302405501,0.4246323529411764,0.43478260869565216
0.5,0.6086956521739069,0.6172839506172849,0.4357388316151205,0.5183823529411765,0.7154150197628458
0.5,0.8369565217391255,0.6790123456790127,0.4013745704467353,0.5716911764705883,0.40711462450592883
0.5,0.36956521739129755,0.46913580246913966,0.4384879725085913,0.38235294117647056,0.7233201581027667
0.5,0.9782608695652186,0.9753086419753103,0.57319587628866,0.35477941176470584,0.7984189723320158
0.5,0.5869565217391255,0.48148148148148806,0.5498281786941583,0.41176470588235303,0.32411067193675885
0.5,0.5652173913043441,0.518518518518519,0.40962199312714764,0.7426470588235295,0.6798418972332015
0.0,0.1521739130434696,0.2716049382716008,0.3463917525773197,0.6856617647058825,0.5454545454545454
0.5,0.30434782608695343,0.3950617283950635,0.3999999999999999,0.6893382352941178,0.45454545454545453
1.0,0.3260869565217348,0.46913580246913966,0.48522336769759455,0.4466911764705883,0.3320158102766798
0.5,0.28260869565216495,0.4074074074074119,0.49759450171821307,0.5165441176470589,0.1660079051383399
0.5,0.36956521739129755,0.5308641975308674,0.4824742268041238,0.4650735294117647,0.7826086956521738
1.0,0.2391304347826022,0.3950617283950635,0.3450171821305843,0.6966911764705884,0.02766798418972332
0.0,0.25,0.4074074074074119,0.8989690721649484,0.2316176470588234,0.7984189723320158
0.5,0.5434782608695627,0.5061728395061778,0.6171821305841925,0.5147058823529411,0.6245059288537549
0.5,0.28260869565216495,0.23456790123456983,0.04673539518900349,0.9963235294117649,0.5098814229249011
0.5,0.3369565217391255,0.4320987654321016,0.44398625429553285,0.7058823529411766,0.05138339920948616
0.5,0.3913043478260789,0.3580246913580325,0.35326460481099664,0.6764705882352943,0.13833992094861658
0.5,0.021739130434781373,0.04938271604938649,0.8989690721649484,0.2113970588235293,0.6482213438735177
0.0,0.35869565217391397,0.49382716049382935,0.7353951890034365,0.244485294117647,0.01976284584980237
0.0,0.7717391304347743,0.7654320987654302,0.5635738831615122,0.31433823529411753,0.17391304347826086
0.0,0.3260869565217348,0.4074074074074119,0.4824742268041238,0.4430147058823529,0.16205533596837943
0.0,0.7391304347826093,0.6790123456790127,0.27628865979381456,0.698529411764706,0.6482213438735177
0.0,0.7826086956521721,0.7654320987654302,0.529209621993127,0.5018382352941178,0.7391304347826086
0.0,0.29347826086956275,0.3703703703703738,0.629553264604811,0.43933823529411775,0.8300395256916996
0.0,0.5869565217391255,0.46913580246913966,0.5635738831615122,0.4154411764705882,0.13438735177865613
0.0,0.35869565217391397,0.5061728395061778,0.4137457044673538,0.5514705882352942,0.8102766798418972
0.0,0.6195652173912976,0.654320987654323,0.31752577319587627,0.8308823529411766,0.7509881422924901
0.0,0.5326086956521721,0.654320987654323,0.1195876288659794,1.0,0.5889328063241106
0.0,0.5760869565217348,0.6666666666666714,0.41649484536082504,0.5128676470588236,0.10276679841897232
0.0,0.09782608695651618,0.17283950617284205,0.3752577319587629,0.5312500000000001,0.011857707509881422
0.0,0.4130434782608674,0.3827160493827222,0.45910652920962214,0.6231617647058825,0.7786561264822134
0.0,0.5543478260869534,0.6790123456790127,0.41649484536082504,0.6194852941176472,0.6482213438735177
1.0,0.3478260869565162,0.3333333333333357,0.6103092783505155,0.4283088235294118,0.6877470355731224
0.0,0.5543478260869534,0.7654320987654302,0.9621993127147768,0.15624999999999986,0.3636363636363636
0.0,0.3260869565217348,0.2592592592592595,1.0,0.17095588235294104,0.4110671936758893
0.0,0.44565217391303946,0.6296296296296333,0.30652920962199315,0.6636029411764707,0.5494071146245059
0.5,0.30434782608695343,0.308641975308646,0.6680412371134024,0.41360294117647056,0.6126482213438734
0.0,0.21739130434782084,0.3456790123456841,0.4618556701030929,0.536764705882353,0.5612648221343873
0.0,0.7282608695652115,0.5432098765432158,0.26529209621993144,0.599264705882353,0.6877470355731224
0.5,0.25,0.3827160493827222,0.3917525773195878,0.4944852941176472,0.2727272727272727
0.5,0.28260869565216495,0.4074074074074119,0.4907216494845361,0.4724264705882353,0.44664031620553357
0.0,0.1521739130434696,0.2592592592592595,0.3917525773195878,0.6102941176470589,0.13043478260869565
0.5,0.2391304347826022,0.3580246913580325,0.21855670103092795,0.7224264705882354,0.09486166007905138
0.0,0.2608695652173836,0.20987654320987303,0.8192439862542957,0.29779411764705876,0.5494071146245059
1.0,0.5652173913043441,0.6172839506172849,0.6680412371134024,0.2904411764705882,0.6363636363636364
0.5,0.8804347826086882,0.7654320987654302,0.3450171821305843,0.7003676470588236,0.1541501976284585
0.0,0.9347826086956488,0.9259259259259238,0.5800687285223369,0.35110294117647056,0.01976284584980237
0.0,0.6956521739130395,0.6790123456790127,0.43161512027491433,0.5661764705882354,0.608695652173913
0.0,0.6304347826086953,0.6419753086419746,0.15670103092783516,1.0,0.03952569169960474
0.0,0.3913043478260789,0.5802469135802468,0.5195876288659793,0.45772058823529416,0.6284584980237153
0.0,0.28260869565216495,0.20987654320987303,0.6020618556701032,0.41727941176470584,0.05533596837944664
1.0,0.18478260869564878,0.2962962962963047,0.3326460481099658,0.6397058823529412,0.31225296442687744
0.5,0.7717391304347743,0.6172839506172849,0.48522336769759455,0.5073529411764706,0.6007905138339921
0.0,0.3152173913043441,0.3333333333333357,0.42611683848797277,0.5533088235294118,0.7233201581027667
0.0,0.3152173913043441,0.3209876543209944,0.18694158075601375,0.6801470588235294,0.17786561264822134
0.5,0.5652173913043441,0.518518518518519,0.4329896907216497,0.6709558823529412,0.49011857707509876
0.5,0.38043478260869534,0.3580246913580325,0.740893470790378,0.28125,0.40711462450592883
0.5,0.5652173913043441,0.7777777777777786,0.8398625429553266,0.2738970588235293,0.1818181818181818
0.5,0.8804347826086882,0.8024691358024683,0.5402061855670106,0.46691176470588247,0.17786561264822134
0.5,0.9130434782608674,0.864197530864196,0.6886597938144332,0.3474264705882353,0.4743083003952569
0.0,0.5760869565217348,0.7654320987654302,0.33676975945017196,0.5238970588235294,0.16996047430830039
0.0,0.17391304347825098,0.2592592592592595,0.6006872852233678,0.44485294117647056,0.3320158102766798
0.5,0.7173913043478208,0.49382716049382935,0.5498281786941583,0.4540441176470589,0.533596837944664
0.0,0.7065217391304301,0.6049382716049436,0.389003436426117,0.6966911764705884,0.4268774703557312
0.0,0.7717391304347743,0.5432098765432158,1.0,0.15441176470588222,0.43478260869565216
0.0,0.6630434782608603,0.5802469135802468,0.22817869415807568,0.5588235294117648,0.525691699604743
1.0,0.5326086956521721,0.7283950617283992,0.5209621993127147,0.45772058823529416,0.8577075098814229
0.0,0.7282608695652115,0.518518518518519,0.302405498281787,0.7095588235294118,0.7233201581027667
0.0,0.4239130434782581,0.3333333333333357,0.2501718213058419,0.7077205882352942,0.3794466403162055
0.0,0.22826086956521152,0.4074074074074119,0.5525773195876291,0.46139705882352944,0.608695652173913
0.0,0.4021739130434767,0.5432098765432158,0.2845360824742269,0.6636029411764707,0.23320158102766797
0.0,0.3260869565217348,0.3580246913580325,0.5525773195876291,0.40441176470588225,0.691699604743083
1.0,0.3369565217391255,0.308641975308646,1.0,0.12867647058823514,0.7826086956521738
1.0,0.03260869565217206,0.04938271604938649,0.12096219931271479,0.9099264705882355,0.5612648221343873
0.5,0.1521739130434696,0.20987654320987303,0.5017182130584192,0.3621323529411764,0.7193675889328063
0.0,0.7608695652173907,0.6419753086419746,0.2872852233676977,0.625,0.6561264822134387
0.5,0.6521739130434767,0.654320987654323,0.4054982817869415,0.6875000000000001,0.8458498023715414
0.5,0.3260869565217348,0.3456790123456841,0.36563573883161515,0.6139705882352943,0.5849802371541502
0.0,0.5434782608695627,0.5802469135802468,0.23092783505154646,0.7647058823529413,0.20553359683794464
0.5,0.30434782608695343,0.2962962962963047,0.30515463917525776,0.6801470588235294,0.3359683794466403
0.0,0.7717391304347743,0.6666666666666714,0.9786941580756015,0.21507352941176458,0.616600790513834
0.0,0.5434782608695627,0.5061728395061778,0.40962199312714764,0.5220588235294119,0.616600790513834
0.5,0.5543478260869534,0.7407407407407405,0.42611683848797277,0.49816176470588236,0.7312252964426877
1.0,0.20652173913043015,0.2962962962963047,0.8274914089347081,0.2647058823529411,0.5533596837944663
0.0,0.5434782608695627,0.4197530864197603,0.7298969072164949,0.3216911764705882,0.7035573122529644
0.0,0.29347826086956275,0.3580246913580325,0.6075601374570447,0.37316176470588236,0.22134387351778656
0.0,0.5326086956521721,0.7160493827160508,0.5237113402061855,0.44852941176470595,0.26482213438735175
0.0,0.6195652173912976,0.6419753086419746,0.30790378006872854,0.7371323529411765,0.683794466403162
0.0,0.9347826086956488,0.9012345679012341,0.36426116838487976,0.6544117647058825,0.7035573122529644
0.5,0.7499999999999929,0.7283950617283992,0.29003436426116846,0.5533088235294118,0.05138339920948616
0.0,0.7717391304347743,0.654320987654323,0.5319587628865978,0.511029411764706,0.8102766798418972
0.5,0.7608695652173907,0.7407407407407405,0.3766323024054983,0.5312500000000001,0.5019762845849802
0.0,0.7391304347826093,0.7037037037037024,0.597938144329897,0.4246323529411764,0.4110671936758893
0.5,0.18478260869564878,0.2592592592592595,0.5649484536082476,0.3915441176470589,0.37154150197628455
0.0,0.7608695652173907,0.6913580246913611,0.6652920962199316,0.3676470588235293,0.4268774703557312
1.0,0.5543478260869534,0.5061728395061778,0.3312714776632304,0.6378676470588236,0.5454545454545454
0.5,0.38043478260869534,0.5061728395061778,0.44261168384879745,0.47426470588235303,0.5019762845849802
0.5,0.7065217391304301,0.6666666666666714,0.5896907216494847,0.3125,0.6996047430830039
0.0,0.6086956521739069,0.790123456790127,0.35051546391752586,0.5036764705882354,0.24901185770750986
0.0,0.7934782608695627,0.8148148148148167,0.5030927835051546,0.39522058823529405,0.12252964426877469
0.5,0.5326086956521721,0.5432098765432158,0.4206185567010312,0.573529411764706,0.7826086956521738
0.5,0.9673913043478208,0.9629629629629619,0.784879725085911,0.28125,0.3162055335968379
0.0,0.3152173913043441,0.2592592592592595,1.0,0.13051470588235278,0.3794466403162055
0.0,0.043478260869562746,0.06172839506172778,1.0,0.033088235294117446,0.5889328063241106
0.5,0.7391304347826093,0.7160493827160508,0.29553264604811,0.7500000000000001,0.4268774703557312
0.5,0.3913043478260789,0.5432098765432158,0.4137457044673538,0.7426470588235295,0.7470355731225296
0.5,0.6739130434782581,0.5802469135802468,0.2501718213058419,0.7738970588235294,0.6047430830039525
0.0,0.35869565217391397,0.5308641975308674,0.48659793814432994,0.5055147058823529,0.12648221343873517
0.5,0.6195652173912976,0.6419753086419746,0.8206185567010311,0.20955882352941166,0.7075098814229248
0.0,0.4891304347826093,0.4320987654321016,0.4618556701030929,0.4761029411764707,0.8379446640316205
0.5,0.5869565217391255,0.6296296296296333,0.7642611683848797,0.3161764705882353,0.30039525691699603
0.0,0.5108695652173907,0.7037037037037024,0.4343642611683851,0.44485294117647056,0.7233201581027667
0.0,0.6086956521739069,0.5432098765432158,1.0,0.09191176470588222,0.525691699604743
0.0,0.7717391304347743,0.5679012345679055,1.0,0.21323529411764694,0.44664031620553357
0.5,0.6413043478260789,0.827160493827158,0.4632302405498283,0.49264705882352944,0.40316205533596833
0.0,0.7499999999999929,0.6913580246913611,0.2886597938144331,0.7849264705882355,0.13833992094861658
0.0,0.891304347826086,0.9012345679012341,0.5209621993127147,0.5055147058823529,0.2885375494071146
0.5,0.4782608695652115,0.6666666666666714,0.6611683848797254,0.3658088235294118,0.7312252964426877
0.0,0.7173913043478208,0.6913580246913611,0.45773195876288675,0.5147058823529411,0.23320158102766797
0.0,0.25,0.3580246913580325,0.21718213058419256,0.911764705882353,0.683794466403162
0.0,0.8260869565217348,0.6296296296296333,0.6075601374570447,0.3566176470588236,0.06719367588932806
0.0,0.5869565217391255,0.6419753086419746,0.6446735395189003,0.44852941176470595,0.45454545454545453
0.0,0.5217391304347814,0.45679012345679126,0.723024054982818,0.2683823529411764,0.17391304347826086
0.5,0.6847826086956488,0.5802469135802468,0.3903780068728524,0.604779411764706,0.6482213438735177
0.0,0.22826086956521152,0.3209876543209944,0.15945017182130594,0.8731617647058825,0.1976284584980237
1.0,0.3152173913043441,0.3209876543209944,0.9017182130584191,0.20955882352941166,0.19367588932806323
0.0,0.6195652173912976,0.6419753086419746,0.5525773195876291,0.3897058823529411,0.758893280632411
0.0,0.03260869565217206,0.07407407407407618,1.0,0.14889705882352924,0.2924901185770751
0.0,0.9239130434782581,0.9135802469135825,0.3106529209621993,0.599264705882353,0.14229249011857706
0.0,0.45652173913043015,0.45679012345679126,0.5965635738831616,0.34375,0.7628458498023715
0.0,0.5217391304347814,0.6913580246913611,0.18831615120274914,0.9540441176470591,0.2608695652173913
1.0,0.6086956521739069,0.6172839506172849,0.6061855670103093,0.29227941176470584,0.1541501976284585
0.5,0.8260869565217348,0.8148148148148167,0.35463917525773203,0.5863970588235295,0.6205533596837944
0.5,0.29347826086956275,0.24691358024691112,0.622680412371134,0.40625,0.7667984189723319
0.0,0.6630434782608603,0.6049382716049436,0.5635738831615122,0.3713235294117647,0.7154150197628458
0.0,0.4130434782608674,0.5679012345679055,0.3340206185567012,0.5386029411764707,0.2924901185770751
0.0,0.4021739130434767,0.3703703703703738,1.0,0.0735294117647057,0.8063241106719367
0.0,0.7173913043478208,0.654320987654323,0.5127147766323024,0.47977941176470584,0.7628458498023715
0.0,0.3478260869565162,0.518518518518519,0.43161512027491433,0.5386029411764707,0.05928853754940711
0.0,0.7065217391304301,0.5679012345679055,0.2378006872852234,0.693014705882353,0.25296442687747034
0.5,0.3913043478260789,0.5308641975308674,0.21305841924398639,0.7371323529411765,0.41897233201581024
0.0,0.5869565217391255,0.5432098765432158,0.5140893470790378,0.41727941176470584,0.7549407114624506
1.0,0.20652173913043015,0.3456790123456841,0.43161512027491433,0.4871323529411764,0.7391304347826086
1.0,0.9456521739130395,0.9259259259259238,0.6103092783505155,0.3474264705882353,0.8142292490118577
0.0,0.5217391304347814,0.7160493827160508,0.3931271477663232,0.7279411764705883,0.3557312252964427
0.0,0.3369565217391255,0.2962962962963047,0.152577319587629,0.7408088235294119,0.035573122529644265
0.0,0.21739130434782084,0.3456790123456841,0.46048109965635753,0.5606617647058824,0.3557312252964427
0.0,0.9130434782608674,0.8765432098765444,0.9127147766323027,0.19852941176470576,0.13833992094861658
0.0,0.5217391304347814,0.5432098765432158,0.18969072164948453,0.9540441176470591,0.225296442687747
0.0,0.44565217391303946,0.5802469135802468,0.5690721649484538,0.3474264705882353,0.7154150197628458
0.5,0.35869565217391397,0.48148148148148806,0.3147766323024055,0.7591911764705884,0.18577075098814227
0.0,0.4239130434782581,0.3456790123456841,0.27766323024054995,0.7279411764705883,0.24110671936758893
0.5,0.6739130434782581,0.6049382716049436,0.29415807560137464,0.8327205882352944,0.26482213438735175
0.0,0.4021739130434767,0.3703703703703738,0.7395189003436426,0.2904411764705882,0.8142292490118577
0.5,0.5869565217391255,0.654320987654323,0.3436426116838489,0.6709558823529412,0.41897233201581024
0.5,0.4130434782608674,0.3209876543209944,0.4646048109965637,0.4632352941176471,0.49407114624505927
0.0,0.2391304347826022,0.4074074074074119,0.41512027491408965,0.5643382352941178,0.7549407114624506
1.0,0.6086956521739069,0.7777777777777786,0.7587628865979381,0.2775735294117646,0.7984189723320158
0.0,0.22826086956521152,0.3703703703703738,0.4123711340206184,0.6213235294117648,0.37154150197628455
0.0,0.8043478260869534,0.6049382716049436,0.7120274914089348,0.24816176470588228,0.035573122529644265
0.0,0.9456521739130395,0.9012345679012341,0.2501718213058419,0.8878676470588238,0.34782608695652173
0.5,0.7173913043478208,0.48148148148148806,0.2982817869415808,0.6066176470588236,0.8577075098814229
1.0,0.4130434782608674,0.3209876543209944,0.48522336769759455,0.43566176470588236,0.15810276679841895
0.0,0.21739130434782084,0.3209876543209944,0.4618556701030929,0.43198529411764697,0.17786561264822134
0.5,0.38043478260869534,0.518518518518519,0.4494845360824744,0.41176470588235303,0.8458498023715414
0.0,0.5869565217391255,0.6049382716049436,0.511340206185567,0.7334558823529413,0.3359683794466403
0.5,0.5978260869565162,0.5432098765432158,0.7120274914089348,0.2591911764705881,0.5059288537549407
0.0,0.2391304347826022,0.3827160493827222,0.4247422680412374,0.4816176470588236,0.5019762845849802
0.5,0.20652173913043015,0.3580246913580325,0.4536082474226806,0.5808823529411765,0.035573122529644265
0.0,0.5326086956521721,0.46913580246913966,0.25841924398625427,0.704044117647059,0.525691699604743
0.0,0.5760869565217348,0.7777777777777786,0.3601374570446736,0.5496323529411765,0.5138339920948616
0.0,0.10869565217390686,0.17283950617284205,0.6680412371134024,0.3088235294117647,0.7430830039525691
0.0,0.21739130434782084,0.2839506172839492,0.4934707903780069,0.4099264705882353,0.6521739130434783
0.5,0.6847826086956488,0.5802469135802468,0.39450171821305835,0.4816176470588236,0.46640316205533594
0.0,0.7826086956521721,0.5679012345679055,0.32577319587628883,0.8198529411764708,0.6007905138339921
1.0,0.4347826086956488,0.3580246913580325,0.48384879725085916,0.5257352941176471,0.26482213438735175
0.0,0.3913043478260789,0.5679012345679055,0.4508591065292098,0.43198529411764697,0.6363636363636364
0.0,0.2391304347826022,0.3580246913580325,0.3697594501718213,0.5606617647058824,0.13438735177865613
0.0,0.5543478260869534,0.7407407407407405,0.4013745704467353,0.49264705882352944,0.6403162055335968
0.0,0.7391304347826093,0.7160493827160508,0.4247422680412374,0.599264705882353,0.4387351778656126
0.5,0.4239130434782581,0.3209876543209944,0.5690721649484538,0.6011029411764707,0.4229249011857707
0.0,0.7391304347826093,0.6172839506172849,0.20068728522336787,0.7352941176470589,0.03162055335968379
0.0,0.6086956521739069,0.5925925925925952,0.9979381443298969,0.1672794117647057,0.7430830039525691
0.0,0.4782608695652115,0.6049382716049436,0.42749140893470816,0.4632352941176471,0.541501976284585
0.0,0.29347826086956275,0.3580246913580325,0.629553264604811,0.37683823529411753,0.1976284584980237
0.0,0.6304347826086953,0.48148148148148806,0.45910652920962214,0.6636029411764707,0.6324110671936758
0.0,0.7499999999999929,0.6419753086419746,0.49896907216494846,0.4540441176470589,0.23715415019762845
0.0,0.28260869565216495,0.46913580246913966,0.30515463917525776,0.6452205882352942,0.5019762845849802
1.0,0.46739130434782794,0.654320987654323,0.7505154639175258,0.31985294117647056,0.5059288537549407
0.0,0.2717391304347814,0.22222222222222143,0.28041237113402073,0.7591911764705884,0.6205533596837944
0.0,0.4130434782608674,0.3456790123456841,0.716151202749141,0.35477941176470584,0.758893280632411
0.5,0.3478260869565162,0.46913580246913966,0.20206185567010326,0.6636029411764707,0.5019762845849802
0.0,0.3260869565217348,0.5432098765432158,0.5182130584192439,0.43198529411764697,0.3557312252964427
0.0,0.8804347826086882,0.8024691358024683,0.566323024054983,0.42279411764705876,0.3557312252964427
1.0,0.6739130434782581,0.5925925925925952,0.3917525773195878,0.6470588235294119,0.49011857707509876
0.0,0.5543478260869534,0.6790123456790127,0.49759450171821307,0.3529411764705882,0.6679841897233201
0.5,0.30434782608695343,0.3580246913580325,0.5264604810996563,0.5514705882352942,0.0
0.0,0.2717391304347814,0.3950617283950635,0.4646048109965637,0.3805147058823529,0.10276679841897232
0.5,0.22826086956521152,0.4197530864197603,0.5690721649484538,0.4246323529411764,0.7114624505928854
0.0,0.5326086956521721,0.48148148148148806,0.3601374570446736,0.7334558823529413,0.18577075098814227
1.0,0.5434782608695627,0.7283950617283992,0.4054982817869415,0.5294117647058825,0.40316205533596833
0.0,0.7282608695652115,0.6296296296296333,0.38075601374570445,0.667279411764706,0.007905138339920948
0.5,0.7934782608695627,0.8024691358024683,0.3986254295532645,0.4779411764705882,0.13438735177865613
1.0,0.20652173913043015,0.3333333333333357,1.0,0.08272058823529396,0.4703557312252964
0.5,0.5543478260869534,0.7407407407407405,0.4673539518900345,0.599264705882353,0.6482213438735177
0.5,0.5217391304347814,0.5555555555555571,0.3587628865979382,0.536764705882353,0.8142292490118577
0.0,0.6630434782608603,0.5802469135802468,0.302405498281787,0.5974264705882353,0.7430830039525691
0.5,0.7934782608695627,0.827160493827158,0.3326460481099658,0.6893382352941178,0.13043478260869565
0.0,0.5869565217391255,0.46913580246913966,0.7106529209621995,0.33639705882352944,0.1067193675889328
0.0,0.6847826086956488,0.6296296296296333,0.3436426116838489,0.5863970588235295,0.1818181818181818
0.0,0.4999999999999929,0.6913580246913611,0.8714776632302406,0.21323529411764694,0.5968379446640316
1.0,0.3478260869565162,0.45679012345679126,0.33814432989690735,0.6231617647058825,0.40316205533596833
1.0,0.5978260869565162,0.6296296296296333,0.40962199312714764,0.5955882352941178,0.7430830039525691
0.0,0.6413043478260789,0.6296296296296333,0.42749140893470816,0.5220588235294119,0.6126482213438734
0.0,0.9021739130434767,0.9012345679012341,0.5030927835051546,0.4944852941176472,0.45454545454545453
0.0,0.7608695652173907,0.7407407407407405,0.40824742268041225,0.5643382352941178,0.4624505928853755
0.5,0.5326086956521721,0.7283950617283992,0.8013745704467357,0.27941176470588225,0.6403162055335968
0.0,0.8804347826086882,0.7530864197530889,1.0,0.055147058823529244,0.07905138339920947
0.0,0.7499999999999929,0.7407407407407405,0.41649484536082504,0.6029411764705883,0.5533596837944663
0.5,0.5652173913043441,0.44444444444444997,0.5786941580756015,0.40625,0.35968379446640314
0.0,0.22826086956521152,0.3827160493827222,0.6639175257731962,0.3915441176470589,0.6442687747035573
0.0,0.1630434782608674,0.2839506172839492,0.4522336769759452,0.5312500000000001,0.9130434782608695
0.0,0.21739130434782084,0.3209876543209944,1.0,0.07720588235294099,0.12648221343873517
0.5,0.5869565217391255,0.6049382716049436,0.4632302405498283,0.4191176470588236,0.4150197628458498
0.0,0.29347826086956275,0.23456790123456983,0.723024054982818,0.2996323529411764,0.6679841897233201
0.0,0.4347826086956488,0.3827160493827222,0.5250859106529209,0.6066176470588236,0.6719367588932806
0.0,0.5434782608695627,0.7407407407407405,0.740893470790378,0.38235294117647056,0.6245059288537549
0.0,0.6413043478260789,0.5679012345679055,0.45498281786941597,0.4650735294117647,0.24110671936758893
0.0,0.7499999999999929,0.5802469135802468,0.7903780068728525,0.28125,0.6719367588932806
0.0,0.6413043478260789,0.6049382716049436,0.30378006872852237,0.5974264705882353,0.25296442687747034
0.0,0.38043478260869534,0.3703703703703738,0.5814432989690723,0.33639705882352944,0.26877470355731226
0.0,0.38043478260869534,0.3827160493827222,0.5319587628865978,0.511029411764706,0.24110671936758893
0.0,0.21739130434782084,0.3580246913580325,0.47147766323024065,0.42095588235294124,0.4743083003952569
0.5,0.9673913043478208,0.9506172839506135,0.7491408934707904,0.19669117647058812,0.1976284584980237
0.0,0.7717391304347743,0.6419753086419746,0.5388316151202752,0.3492647058823529,0.6798418972332015
1.0,0.18478260869564878,0.24691358024691112,0.9154639175257735,0.20220588235294104,0.7707509881422925
0.0,0.5869565217391255,0.7530864197530889,0.5443298969072168,0.4411764705882353,0.043478260869565216
0.0,0.30434782608695343,0.3703703703703738,0.2378006872852234,0.7886029411764708,0.11857707509881422
0.0,0.6521739130434767,0.6666666666666714,0.6584192439862542,0.28308823529411753,0.5533596837944663
0.0,0.22826086956521152,0.3456790123456841,0.27628865979381456,0.7426470588235295,0.16996047430830039
0.0,0.5978260869565162,0.48148148148148806,0.7037800687285225,0.29227941176470584,0.08695652173913043
0.0,0.5760869565217348,0.5308641975308674,0.6735395189003439,0.4025735294117647,0.34782608695652173
1.0,0.5652173913043441,0.5061728395061778,0.21443298969072178,1.0,0.6284584980237153
0.5,0.09782608695651618,0.18518518518518334,0.30378006872852237,0.6580882352941178,0.02766798418972332
0.0,0.8804347826086882,0.7777777777777786,0.48522336769759455,0.4246323529411764,0.849802371541502
0.0,0.18478260869564878,0.2716049382716008,0.4467353951890036,0.6121323529411765,0.683794466403162
0.0,0.35869565217391397,0.518518518518519,0.30927835051546393,0.6011029411764707,0.15019762845849802
0.0,0.7608695652173907,0.7407407407407405,0.31890034364261166,0.5294117647058825,0.5375494071146245
0.0,0.3152173913043441,0.2716049382716008,0.9333333333333336,0.19852941176470576,0.2727272727272727
0.5,0.6847826086956488,0.6172839506172849,0.8865979381443299,0.21691176470588228,0.8300395256916996
0.0,0.5652173913043441,0.44444444444444997,0.4219931271477666,0.625,0.37154150197628455
0.5,0.5869565217391255,0.49382716049382935,0.48797250859106533,0.46691176470588247,0.2885375494071146
0.0,0.8804347826086882,0.7530864197530889,0.2721649484536084,0.7003676470588236,0.7905138339920948
1.0,0.3152173913043441,0.3333333333333357,0.7010309278350517,0.4007352941176471,0.3201581027667984
0.0,0.6195652173912976,0.7654320987654302,0.3931271477663232,0.5349264705882353,0.13043478260869565
0.0,0.5108695652173907,0.6666666666666714,0.35326460481099664,0.6433823529411765,0.7075098814229248
0.0,0.18478260869564878,0.2592592592592595,0.5704467353951892,0.44852941176470595,0.7470355731225296
0.0,0.4239130434782581,0.5925925925925952,0.2969072164948454,0.6599264705882354,0.3675889328063241
0.5,0.8260869565217348,0.8148148148148167,0.23505154639175263,0.7224264705882354,0.5731225296442687
0.5,0.4130434782608674,0.3580246913580325,1.0,0.033088235294117446,0.37549407114624506
0.0,0.6630434782608603,0.6172839506172849,0.15395189003436438,0.8860294117647061,0.41897233201581024
0.0,0.28260869565216495,0.2592592592592595,0.389003436426117,0.46691176470588247,0.3162055335968379
0.0,0.5869565217391255,0.5061728395061778,0.2680412371134022,0.7408088235294119,0.7233201581027667
1.0,0.3913043478260789,0.5432098765432158,0.44398625429553285,0.5974264705882353,0.525691699604743
1.0,0.7499999999999929,0.7283950617283992,0.5030927835051546,0.44852941176470595,0.16205533596837943
0.0,0.9021739130434767,0.7530864197530889,0.548453608247423,0.3474264705882353,0.38339920948616596
0.0,0.6739130434782581,0.5925925925925952,0.42749140893470816,0.3933823529411765,0.5810276679841897
0.0,0.9130434782608674,0.8148148148148167,1.0,0.18933823529411756,0.7628458498023715
0.5,0.38043478260869534,0.5308641975308674,0.4371134020618559,0.4724264705882353,0.21739130434782608
0.5,0.6413043478260789,0.6296296296296333,0.7780068728522336,0.3400735294117647,0.25296442687747034
0.0,0.5869565217391255,0.6666666666666714,0.42611683848797277,0.625,0.6521739130434783
0.5,0.2717391304347814,0.20987654320987303,0.22268041237113412,0.7150735294117648,0.7233201581027667
0.0,0.6630434782608603,0.6172839506172849,0.8494845360824743,0.244485294117647,0.4861660079051383
0.0,0.9130434782608674,0.864197530864196,0.35463917525773203,0.6011029411764707,0.758893280632411
0.0,0.5652173913043441,0.44444444444444997,0.3422680412371135,0.7113970588235295,0.9130434782608695
0.5,0.3152173913043441,0.2839506172839492,0.5621993127147769,0.4246323529411764,0.5968379446640316
0.0,0.3152173913043441,0.4320987654321016,1.0,0.1801470588235293,0.5217391304347826
0.0,0.4347826086956488,0.4320987654321016,0.5127147766323024,0.44852941176470595,0.46640316205533594
0.0,0.5652173913043441,0.7283950617283992,0.35326460481099664,0.5441176470588236,0.40316205533596833
0.0,0.4021739130434767,0.5555555555555571,0.4247422680412374,0.46139705882352944,0.23715415019762845
0.5,0.5652173913043441,0.45679012345679126,0.9745704467353953,0.20220588235294104,0.12252964426877469
0.0,0.6956521739130395,0.6049382716049436,0.41649484536082504,0.5698529411764706,0.3162055335968379
0.0,0.44565217391303946,0.4197530864197603,0.053608247422680444,0.9871323529411766,0.2608695652173913
0.0,0.7717391304347743,0.5432098765432158,0.35463917525773203,0.625,0.37549407114624506
0.0,0.5760869565217348,0.6049382716049436,0.4522336769759452,0.46691176470588247,0.32806324110671936
0.5,0.2391304347826022,0.3333333333333357,0.2501718213058419,0.7242647058823531,0.6205533596837944
0.0,0.46739130434782794,0.6419753086419746,0.38487972508591084,0.6158088235294118,0.7747035573122529
0.0,0.3913043478260789,0.4074074074074119,0.5951890034364262,0.3584558823529411,0.7984189723320158
0.0,0.10869565217390686,0.18518518518518334,0.6446735395189003,0.34558823529411764,0.1067193675889328
0.0,0.7934782608695627,0.790123456790127,0.4824742268041238,0.4650735294117647,0.7035573122529644
0.0,0.5869565217391255,0.6296296296296333,0.666666666666667,0.34558823529411764,0.4387351778656126
0.0,0.5760869565217348,0.7407407407407405,0.5333333333333332,0.40625,0.30039525691699603
0.5,0.38043478260869534,0.4197530864197603,0.41786941580756043,0.6378676470588236,0.49407114624505927
0.0,0.22826086956521152,0.3209876543209944,0.40824742268041225,0.536764705882353,0.05138339920948616
1.0,0.08695652173912549,0.13580246913580396,0.6556701030927834,0.3345588235294117,0.16205533596837943
0.5,0.6304347826086953,0.6172839506172849,0.5704467353951892,0.5128676470588236,0.007905138339920948
1.0,0.5869565217391255,0.5925925925925952,0.548453608247423,0.4761029411764707,0.5098814229249011
0.0,0.6739130434782581,0.6296296296296333,0.33676975945017196,0.5845588235294119,0.6561264822134387
0.0,0.4130434782608674,0.3950617283950635,0.6171821305841925,0.3584558823529411,0.8814229249011857
0.0,0.28260869565216495,0.23456790123456983,0.6103092783505155,0.32904411764705876,0.5296442687747035
0.0,0.891304347826086,0.8888888888888857,0.5168384879725085,0.4430147058823529,0.3438735177865612
1.0,0.6630434782608603,0.6172839506172849,0.22130584192439873,0.7205882352941178,0.6324110671936758
0.5,0.3152173913043441,0.2716049382716008,0.4041237113402061,0.4779411764705882,0.49011857707509876
0.0,0.5869565217391255,0.6172839506172849,0.35326460481099664,0.5974264705882353,0.18972332015810275
0.5,0.5217391304347814,0.4074074074074119,0.6103092783505155,0.3713235294117647,0.13438735177865613
0.0,0.6956521739130395,0.5679012345679055,0.3147766323024055,0.5845588235294119,0.225296442687747
0.5,0.45652173913043015,0.4197530864197603,0.3463917525773197,0.6746323529411765,0.01976284584980237
0.0,0.38043478260869534,0.3580246913580325,0.5718213058419246,0.3970588235294117,0.1660079051383399
0.0,0.5978260869565162,0.7777777777777786,0.2831615120274915,0.6875000000000001,0.608695652173913
1.0,0.7173913043478208,0.5679012345679055,0.666666666666667,0.36029411764705876,0.3952569169960474
0.5,0.7717391304347743,0.7037037037037024,0.4673539518900345,0.5220588235294119,0.23715415019762845
0.0,0.3260869565217348,0.5432098765432158,0.329896907216495,0.5974264705882353,0.308300395256917
0.0,0.8804347826086882,0.7530864197530889,0.3711340206185567,0.8474264705882355,0.08695652173913043
0.5,0.6739130434782581,0.5802469135802468,0.14845360824742282,0.786764705882353,0.6245059288537549
0.0,0.13043478260868824,0.23456790123456983,0.6034364261168386,0.3805147058823529,0.4110671936758893
0.0,0.6086956521739069,0.5308641975308674,1.0,0.016544117647058626,0.8181818181818181
0.0,0.5978260869565162,0.6419753086419746,0.3161512027491409,0.46691176470588247,0.1976284584980237
0.0,0.7065217391304301,0.6296296296296333,0.29553264604811,0.6176470588235294,0.14624505928853754
0.5,0.5652173913043441,0.7283950617283992,0.10721649484536089,0.7371323529411765,0.6521739130434783
0.5,0.21739130434782084,0.3827160493827222,0.5223367697594501,0.5238970588235294,0.5533596837944663
0.0,0.38043478260869534,0.3333333333333357,0.27628865979381456,0.7389705882352943,0.5454545454545454
0.0,0.21739130434782084,0.308641975308646,0.529209621993127,0.3805147058823529,0.007905138339920948
1.0,0.5869565217391255,0.5555555555555571,0.9745704467353953,0.22058823529411756,0.25296442687747034
0.0,0.5326086956521721,0.7283950617283992,0.45635738831615136,0.4816176470588236,0.6877470355731224
0.0,0.7717391304347743,0.654320987654323,0.4371134020618559,0.5073529411764706,0.758893280632411
0.0,0.3260869565217348,0.44444444444444997,0.32027491408934705,0.7187500000000001,0.05533596837944664
0.0,0.30434782608695343,0.2839506172839492,0.6460481099656357,0.4099264705882353,0.15019762845849802
0.0,0.4891304347826093,0.6666666666666714,0.1814432989690722,0.9448529411764708,0.6521739130434783
0.0,0.1630434782608674,0.308641975308646,0.26529209621993144,0.7536764705882354,0.7628458498023715
0.0,0.25,0.3209876543209944,0.3326460481099658,0.6286764705882354,0.7549407114624506
0.0,0.4021739130434767,0.5802469135802468,1.0,0.15441176470588222,0.49407114624505927
0.0,0.2608695652173836,0.2962962962963047,0.7271477663230241,0.2996323529411764,0.7075098814229248
0.0,0.7391304347826093,0.6419753086419746,0.684536082474227,0.32904411764705876,0.8023715415019762
0.0,0.5326086956521721,0.5925925925925952,0.34089347079037813,0.6231617647058825,0.3557312252964427
0.0,0.5760869565217348,0.6172839506172849,0.3711340206185567,0.6562500000000001,0.308300395256917
0.0,0.5760869565217348,0.7407407407407405,0.3628865979381444,0.4852941176470589,0.007905138339920948
0.5,0.3369565217391255,0.45679012345679126,0.3587628865979382,0.5330882352941176,0.8023715415019762
0.5,0.2717391304347814,0.4197530864197603,0.35189003436426125,0.6011029411764707,0.007905138339920948
0.0,0.22826086956521152,0.45679012345679126,0.40962199312714764,0.6011029411764707,0.20948616600790512
0.0,0.5434782608695627,0.48148148148148806,0.5896907216494847,0.3492647058823529,0.2885375494071146
0.0,0.4891304347826093,0.45679012345679126,0.47010309278350526,0.5459558823529412,0.5770750988142292
0.5,0.7499999999999929,0.6913580246913611,0.48522336769759455,0.511029411764706,0.20553359683794464
0.5,0.6413043478260789,0.5432098765432158,1.0,0.05330882352941155,0.043478260869565216
0.5,0.44565217391303946,0.4074074074074119,1.0,0.12867647058823514,0.8063241106719367
0.0,0.20652173913043015,0.3827160493827222,0.389003436426117,0.5569852941176472,0.26877470355731226
0.5,0.7608695652173907,0.7407407407407405,0.27491408934707917,0.7500000000000001,0.6521739130434783
0.0,0.7282608695652115,0.5925925925925952,0.548453608247423,0.4283088235294118,0.49011857707509876
0.5,0.2391304347826022,0.3827160493827222,0.39450171821305835,0.6121323529411765,0.5810276679841897
0.0,0.6521739130434767,0.654320987654323,0.5305841924398624,0.641544117647059,0.3320158102766798
0.0,0.5652173913043441,0.6666666666666714,0.5209621993127147,0.44852941176470595,0.02766798418972332
0.0,0.1630434782608674,0.2962962962963047,0.1663230240549829,0.9044117647058825,0.7865612648221343
0.5,0.5326086956521721,0.7407407407407405,0.3147766323024055,0.6875000000000001,0.28063241106719367
0.5,0.4239130434782581,0.3333333333333357,0.423367697594502,0.3658088235294118,0.3992094861660079
0.0,0.4130434782608674,0.5802469135802468,0.5855670103092785,0.37683823529411753,0.5810276679841897
0.0,0.6739130434782581,0.6049382716049436,0.48659793814432994,0.4375,0.7984189723320158
0.0,0.9239130434782581,0.8518518518518547,0.779381443298969,0.24080882352941166,0.608695652173913
0.5,0.6304347826086953,0.5555555555555571,0.9374570446735397,0.2738970588235293,0.17391304347826086
0.0,0.17391304347825098,0.2716049382716008,0.35051546391752586,0.5716911764705883,0.5889328063241106
0.5,0.9565217391304373,0.9629629629629619,0.41512027491408965,0.6066176470588236,0.3359683794466403
0.5,0.2391304347826022,0.3333333333333357,0.32302405498281805,0.5790441176470589,0.09881422924901186
0.5,0.4347826086956488,0.5925925925925952,0.4041237113402061,0.5091911764705883,0.09486166007905138
1.0,0.3913043478260789,0.48148148148148806,0.5938144329896908,0.3805147058823529,0.691699604743083
0.0,0.5760869565217348,0.44444444444444997,0.5951890034364262,0.5036764705882354,0.2727272727272727
0.5,0.25,0.3456790123456841,0.37800687285223367,0.46691176470588247,0.3359683794466403
0.0,0.5434782608695627,0.45679012345679126,0.7381443298969073,0.3051470588235293,0.7509881422924901
0.0,0.46739130434782794,0.4074074074074119,0.2886597938144331,0.7187500000000001,0.6403162055335968
0.0,0.21739130434782084,0.3333333333333357,0.3601374570446736,0.604779411764706,0.05928853754940711
0.0,0.36956521739129755,0.518518518518519,0.38213058419243984,0.5606617647058824,0.1818181818181818
0.0,0.4239130434782581,0.6172839506172849,0.4247422680412374,0.573529411764706,0.07509881422924901
0.0,0.5760869565217348,0.45679012345679126,0.27628865979381456,0.7132352941176472,0.28063241106719367
0.0,0.6304347826086953,0.6666666666666714,0.3587628865979382,0.5459558823529412,0.4861660079051383
0.0,0.2391304347826022,0.3580246913580325,0.302405498281787,0.6507352941176472,0.8023715415019762
0.5,0.891304347826086,0.8148148148148167,0.5003436426116838,0.5312500000000001,0.12648221343873517
0.0,0.5108695652173907,0.7160493827160508,0.24879725085910653,0.6580882352941178,0.44664031620553357
0.0,0.5326086956521721,0.7160493827160508,0.647422680412371,0.33639705882352944,0.12252964426877469
0.0,0.4891304347826093,0.45679012345679126,0.6391752577319587,0.27022058823529405,0.11462450592885375
0.5,0.4021739130434767,0.5308641975308674,0.23367697594501724,0.8014705882352942,0.11462450592885375
0.0,0.3260869565217348,0.2839506172839492,0.3766323024054983,0.6341911764705883,0.2569169960474308
0.5,0.5760869565217348,0.7407407407407405,0.35189003436426125,0.698529411764706,0.7193675889328063
0.0,0.5652173913043441,0.7777777777777786,0.33951890034364274,0.5845588235294119,0.0909090909090909
0.0,0.21739130434782084,0.3333333333333357,0.23505154639175263,0.7224264705882354,0.14229249011857706
0.5,0.38043478260869534,0.48148148148148806,0.2969072164948454,0.6507352941176472,0.1541501976284585
0.0,0.3369565217391255,0.46913580246913966,0.7202749140893472,0.2849264705882353,0.5375494071146245
0.0,0.2391304347826022,0.3580246913580325,0.859106529209622,0.2555147058823528,0.27667984189723316
0.5,0.8478260869565233,0.8395061728395063,0.6859106529209624,0.3161764705882353,0.6324110671936758
0.0,0.5652173913043441,0.7160493827160508,0.18419243986254297,0.6764705882352943,0.3162055335968379
0.5,0.6847826086956488,0.6049382716049436,0.1938144329896907,0.974264705882353,0.2964426877470355
0.0,0.3152173913043441,0.2962962962963047,0.4041237113402061,0.698529411764706,0.1067193675889328
0.0,0.6521739130434767,0.654320987654323,0.9457044673539521,0.1672794117647057,0.7470355731225296
1.0,0.17391304347825098,0.3209876543209944,0.4206185567010312,0.4852941176470589,0.6996047430830039
0.0,0.5434782608695627,0.518518518518519,0.2872852233676977,0.78125,0.015810276679841896
0.5,0.7173913043478208,0.6913580246913611,0.48659793814432994,0.4191176470588236,0.24901185770750986
0.0,0.5869565217391255,0.8148148148148167,0.7518900343642612,0.25735294117647045,0.5770750988142292
0.5,0.3260869565217348,0.45679012345679126,0.5869415807560139,0.29779411764705876,0.40711462450592883
0.0,0.8695652173913047,0.7283950617283992,0.18281786941580758,0.5937500000000001,0.8656126482213438
0.5,0.6956521739130395,0.5432098765432158,0.654295532646048,0.4007352941176471,0.01976284584980237
0.5,0.5543478260869534,0.6049382716049436,0.38487972508591084,0.5900735294117647,0.08300395256916995
0.5,0.5543478260869534,0.48148148148148806,0.48522336769759455,0.40808823529411764,0.4703557312252964
0.0,0.7499999999999929,0.6049382716049436,0.24742268041237114,0.6544117647058825,0.6363636363636364
0.0,0.5108695652173907,0.6790123456790127,0.4618556701030929,0.46139705882352944,0.2292490118577075
0.0,0.5543478260869534,0.7407407407407405,0.20068728522336787,0.8584558823529413,0.6324110671936758
0.0,0.5652173913043441,0.5679012345679055,0.36701030927835054,0.5606617647058824,0.12252964426877469
0.0,0.28260869565216495,0.4074074074074119,0.39587628865979374,0.6194852941176472,0.20553359683794464
0.5,0.5217391304347814,0.7407407407407405,0.31890034364261166,0.6562500000000001,0.8102766798418972
0.0,0.5108695652173907,0.45679012345679126,0.4013745704467353,0.5643382352941178,0.40316205533596833
0.0,0.29347826086956275,0.48148148148148806,0.32302405498281805,0.7077205882352942,0.48221343873517786
0.0,0.5652173913043441,0.7037037037037024,0.3628865979381444,0.6378676470588236,0.20158102766798416
0.5,0.7499999999999929,0.7407407407407405,0.30927835051546393,0.5459558823529412,0.20948616600790512
0.0,0.21739130434782084,0.3703703703703738,0.5333333333333332,0.43933823529411775,0.450592885375494
0.0,0.44565217391303946,0.3950617283950635,0.389003436426117,0.5091911764705883,0.6640316205533596
0.0,0.3913043478260789,0.3950617283950635,0.8041237113402064,0.23897058823529402,0.13043478260869565
0.0,0.5434782608695627,0.7654320987654302,0.7202749140893472,0.34375,0.7391304347826086
0.0,0.4999999999999929,0.44444444444444997,0.6213058419243986,0.33639705882352944,0.7747035573122529
0.0,0.5326086956521721,0.5308641975308674,0.4371134020618559,0.5018382352941178,0.7193675889328063
0.0,0.8260869565217348,0.8024691358024683,0.4137457044673538,0.536764705882353,0.8458498023715414
0.0,0.3913043478260789,0.5308641975308674,0.8357388316151204,0.23713235294117632,0.20158102766798416
1.0,0.5326086956521721,0.7160493827160508,0.3931271477663232,0.5514705882352942,0.34782608695652173
0.0,0.5652173913043441,0.6666666666666714,0.44398625429553285,0.5477941176470589,0.043478260869565216
0.0,0.5978260869565162,0.6296296296296333,0.4013745704467353,0.7536764705882354,0.16205533596837943
0.0,0.7608695652173907,0.7530864197530889,0.36426116838487976,0.6893382352941178,0.7233201581027667
0.0,0.7173913043478208,0.6296296296296333,0.779381443298969,0.34375,0.2608695652173913
0.0,0.8804347826086882,0.7160493827160508,0.33814432989690735,0.5882352941176471,0.28063241106719367
0.0,0.891304347826086,0.7654320987654302,0.24192439862542958,0.6709558823529412,0.3675889328063241
0.5,0.4130434782608674,0.5802469135802468,0.34914089347079047,0.6709558823529412,0.2727272727272727
0.5,0.29347826086956275,0.45679012345679126,0.14845360824742282,0.976102941176471,0.1976284584980237
0.0,0.5217391304347814,0.48148148148148806,0.5195876288659793,0.43933823529411775,0.3043478260869565
0.0,0.46739130434782794,0.4197530864197603,1.0,0.045955882352940985,0.31225296442687744
0.0,0.3152173913043441,0.3333333333333357,0.4522336769759452,0.45772058823529416,0.8181818181818181
0.0,0.18478260869564878,0.2592592592592595,0.8329896907216496,0.27941176470588225,0.7430830039525691
0.0,0.22826086956521152,0.3827160493827222,0.6213058419243986,0.3786764705882353,0.7351778656126482
0.5,0.0,0.0,0.4192439862542958,0.4724264705882353,0.7470355731225296
0.0,0.38043478260869534,0.3456790123456841,0.3876288659793816,0.698529411764706,0.225296442687747
0.0,0.6521739130434767,0.6049382716049436,1.0,0.1801470588235293,0.6363636363636364
0.0,0.5217391304347814,0.44444444444444997,0.5525773195876291,0.4411764705882353,0.7470355731225296
0.5,0.6086956521739069,0.46913580246913966,0.8109965635738834,0.25735294117647045,0.458498023715415
1.0,0.8586956521739069,0.6790123456790127,0.4219931271477666,0.5569852941176472,0.07905138339920947
0.5,0.6739130434782581,0.6666666666666714,0.3134020618556701,0.5643382352941178,0.4426877470355731
0.5,0.22826086956521152,0.4197530864197603,0.4054982817869415,0.40808823529411764,0.7233201581027667
0.0,0.29347826086956275,0.3209876543209944,0.4192439862542958,0.5477941176470589,0.4229249011857707
0.0,0.5543478260869534,0.46913580246913966,0.4907216494845361,0.7077205882352942,0.015810276679841896
0.0,0.30434782608695343,0.3950617283950635,0.2515463917525773,0.7279411764705883,0.40316205533596833
0.0,0.29347826086956275,0.3703703703703738,0.4646048109965637,0.6286764705882354,0.8221343873517786
0.0,0.7608695652173907,0.7530864197530889,0.15532646048109977,0.7150735294117648,0.24110671936758893
0.0,0.3369565217391255,0.49382716049382935,0.39725085910652913,0.5772058823529412,0.691699604743083
0.0,0.4239130434782581,0.3456790123456841,0.4398625429553267,0.5055147058823529,0.5849802371541502
0.5,0.9239130434782581,0.864197530864196,0.2831615120274915,0.7500000000000001,0.5375494071146245
0.0,0.8260869565217348,0.8024691358024683,0.6006872852233678,0.3878676470588235,0.33992094861660077
0.0,0.38043478260869534,0.48148148148148806,0.9924398625429554,0.20588235294117638,0.683794466403162
0.0,0.9021739130434767,0.7777777777777786,0.30652920962199315,0.6893382352941178,0.3992094861660079
0.0,0.35869565217391397,0.5061728395061778,0.5896907216494847,0.4246323529411764,0.8418972332015809
0.0,0.28260869565216495,0.2592592592592595,0.270790378006873,0.6268382352941178,0.2885375494071146
0.0,0.6413043478260789,0.6172839506172849,0.479725085910653,0.48897058823529416,0.4229249011857707
1.0,0.30434782608695343,0.3209876543209944,0.49759450171821307,0.536764705882353,0.7272727272727272
0.0,0.6195652173912976,0.6913580246913611,0.2391752577319588,0.7003676470588236,0.23715415019762845
0.0,0.2608695652173836,0.308641975308646,1.0,0.11948529411764694,0.7154150197628458
0.0,0.8586956521739069,0.7037037037037024,0.21443298969072178,0.7610294117647061,0.901185770750988
0.5,0.22826086956521152,0.3703703703703738,0.5690721649484538,0.35110294117647056,0.6363636363636364
0.0,0.22826086956521152,0.3333333333333357,0.6817869415807563,0.28125,0.26482213438735175
0.0,0.35869565217391397,0.45679012345679126,0.41649484536082504,0.6470588235294119,0.5573122529644269
0.0,0.8260869565217348,0.8148148148148167,0.36701030927835054,0.641544117647059,0.683794466403162
1.0,0.29347826086956275,0.3580246913580325,0.4920962199312715,0.5330882352941176,0.6324110671936758
0.0,0.5869565217391255,0.5925925925925952,0.5402061855670106,0.375,0.18972332015810275
0.5,0.5760869565217348,0.518518518518519,0.38625429553264623,0.5441176470588236,0.6679841897233201
0.0,0.6956521739130395,0.654320987654323,0.5223367697594501,0.5055147058823529,0.08300395256916995
0.0,0.7282608695652115,0.6419753086419746,0.5099656357388316,0.3933823529411765,0.05138339920948616
0.0,0.7934782608695627,0.654320987654323,0.35189003436426125,0.4632352941176471,0.5691699604743082
0.0,0.4021739130434767,0.5802469135802468,0.4329896907216497,0.5275735294117647,0.3794466403162055
1.0,0.2391304347826022,0.3456790123456841,0.30927835051546393,0.6213235294117648,0.22134387351778656
0.0,0.30434782608695343,0.4074074074074119,0.5374570446735398,0.3897058823529411,0.2134387351778656
0.0,0.3913043478260789,0.3580246913580325,0.5099656357388316,0.599264705882353,0.015810276679841896
0.5,0.9130434782608674,0.864197530864196,0.20343642611683865,0.7169117647058825,0.7786561264822134
1.0,0.3369565217391255,0.3333333333333357,0.42749140893470816,0.4852941176470589,0.2292490118577075
0.5,0.6195652173912976,0.5061728395061778,0.5855670103092785,0.33639705882352944,0.5652173913043478
0.0,0.7608695652173907,0.6790123456790127,0.32027491408934705,0.6783088235294119,0.46640316205533594
0.0,0.30434782608695343,0.3456790123456841,0.6982817869415809,0.3253676470588235,0.08695652173913043
0.5,0.46739130434782794,0.4197530864197603,0.36701030927835054,0.6544117647058825,0.5652173913043478
0.0,0.3369565217391255,0.2716049382716008,0.7903780068728525,0.26654411764705876,0.5296442687747035
0.5,0.4021739130434767,0.5432098765432158,0.7381443298969073,0.3180147058823529,0.3320158102766798
0.0,0.1521739130434696,0.2592592592592595,0.6006872852233678,0.3400735294117647,0.5059288537549407
0.0,0.38043478260869534,0.5061728395061778,0.4357388316151205,0.5441176470588236,0.2924901185770751
0.0,0.6847826086956488,0.5432098765432158,0.26666666666666683,0.7904411764705883,0.27667984189723316
0.0,0.4130434782608674,0.5802469135802468,0.3876288659793816,0.5165441176470589,0.3359683794466403
0.0,0.7826086956521721,0.6666666666666714,0.4467353951890036,0.4816176470588236,0.541501976284585
0.5,0.2391304347826022,0.3580246913580325,0.4371134020618559,0.6084558823529412,0.308300395256917
0.0,0.21739130434782084,0.2962962962963047,0.4123711340206184,0.6801470588235294,0.0
0.5,0.13043478260868824,0.20987654320987303,0.5457044673539522,0.5643382352941178,0.7667984189723319
0.5,0.30434782608695343,0.4074074074074119,1.0,0.11948529411764694,0.6245059288537549
0.0,0.5869565217391255,0.7654320987654302,0.22955326460481107,0.8143382352941178,0.7667984189723319
0.5,0.5326086956521721,0.49382716049382935,0.020618556701031077,0.8933823529411766,0.6719367588932806
0.0,0.5978260869565162,0.8395061728395063,0.479725085910653,0.4852941176470589,0.4229249011857707
0.0,0.36956521739129755,0.518518518518519,0.27903780068728534,0.7077205882352942,0.7944664031620553
0.0,0.6521739130434767,0.6172839506172849,0.5058419243986254,0.4871323529411764,0.12252964426877469
0.0,0.5978260869565162,0.8518518518518547,0.2859106529209623,0.7500000000000001,0.4703557312252964
0.5,0.3369565217391255,0.49382716049382935,0.7024054982817871,0.37683823529411753,0.6600790513833992
0.0,0.7065217391304301,0.6172839506172849,0.4027491408934707,0.5772058823529412,0.19367588932806323
0.0,0.5869565217391255,0.8148148148148167,0.3436426116838489,0.6654411764705883,0.2727272727272727
0.5,0.2391304347826022,0.3209876543209944,0.423367697594502,0.6029411764705883,0.12252964426877469
0.0,0.4239130434782581,0.3456790123456841,0.4384879725085913,0.5220588235294119,0.5533596837944663
0.0,0.4347826086956488,0.4074074074074119,0.44398625429553285,0.47058823529411764,0.45454545454545453
0.5,0.25,0.3580246913580325,0.43161512027491433,0.46875,0.1541501976284585
0.0,0.6086956521739069,0.49382716049382935,0.4013745704467353,0.5386029411764707,0.7154150197628458
1.0,0.2608695652173836,0.45679012345679126,0.604810996563574,0.31985294117647056,0.533596837944664
0.0,0.3369565217391255,0.4320987654321016,0.6075601374570447,0.36029411764705876,0.7667984189723319
0.0,0.6630434782608603,0.5802469135802468,0.3601374570446736,0.7003676470588236,0.7035573122529644
0.5,0.4347826086956488,0.5925925925925952,0.5429553264604814,0.5386029411764707,0.07509881422924901
0.5,0.6847826086956488,0.6172839506172849,0.3477663230240551,0.5808823529411765,0.37154150197628455
0.5,0.3260869565217348,0.2839506172839492,0.8219931271477665,0.2426470588235293,0.3794466403162055
1.0,0.21739130434782084,0.2962962962963047,0.4247422680412374,0.7261029411764707,0.007905138339920948
0.5,0.28260869565216495,0.4197530864197603,0.6130584192439863,0.4650735294117647,0.24505928853754938
0.0,0.22826086956521152,0.3827160493827222,0.38350515463917545,0.8327205882352944,0.5098814229249011
0.0,0.2608695652173836,0.3333333333333357,0.7862542955326464,0.2628676470588235,0.5375494071146245
0.0,0.3478260869565162,0.45679012345679126,0.5635738831615122,0.43198529411764697,0.28063241106719367
0.0,0.2608695652173836,0.3950617283950635,0.3986254295532645,0.5202205882352942,0.05533596837944664
0.5,0.3260869565217348,0.3827160493827222,0.24879725085910653,0.7224264705882354,0.4110671936758893
0.0,0.1630434782608674,0.2716049382716008,0.7395189003436426,0.3308823529411764,0.4387351778656126
0.0,0.6521739130434767,0.6790123456790127,0.6969072164948455,0.35477941176470584,0.04743083003952569
0.0,0.5760869565217348,0.6049382716049436,1.0,0.10845588235294099,0.20948616600790512
0.0,0.3478260869565162,0.3209876543209944,0.4618556701030929,0.4632352941176471,0.07905138339920947
0.5,0.29347826086956275,0.2962962962963047,0.5759450171821308,0.3584558823529411,0.11857707509881422
0.5,0.5869565217391255,0.6049382716049436,0.8384879725085912,0.2628676470588235,0.849802371541502
0.0,0.6086956521739069,0.790123456790127,0.26254295532646066,0.7150735294117648,0.5770750988142292
0.0,0.9021739130434767,0.8148148148148167,0.389003436426117,0.5625,0.4703557312252964
0.0,0.22826086956521152,0.308641975308646,0.2996563573883162,0.5183823529411765,0.13833992094861658
0.5,0.9565217391304373,0.9259259259259238,0.5745704467353954,0.5202205882352942,0.5098814229249011
0.5,0.35869565217391397,0.46913580246913966,0.32439862542955344,0.5606617647058824,0.13043478260869565
0.5,0.7826086956521721,0.6666666666666714,0.6460481099656357,0.3529411764705882,0.7826086956521738
0.0,0.4021739130434767,0.518518518518519,0.2817869415807561,0.7886029411764708,0.7944664031620553
0.5,0.7717391304347743,0.5679012345679055,0.2845360824742269,0.729779411764706,0.6363636363636364
0.0,0.9565217391304373,0.9012345679012341,0.5470790378006876,0.44852941176470595,0.02766798418972332
0.0,0.7608695652173907,0.7037037037037024,0.423367697594502,0.4503676470588235,0.07905138339920947
0.0,0.5760869565217348,0.45679012345679126,0.3326460481099658,0.511029411764706,0.3913043478260869
0.0,0.2391304347826022,0.44444444444444997,0.6254295532646048,0.3786764705882353,0.2924901185770751
0.0,0.3260869565217348,0.2962962962963047,0.33539518900343657,0.7261029411764707,0.8616600790513833
0.5,0.09782608695651618,0.18518518518518334,0.0,0.9301470588235297,0.6798418972332015
0.0,0.5434782608695627,0.4320987654321016,0.5003436426116838,0.5036764705882354,0.7667984189723319
0.5,0.44565217391303946,0.3580246913580325,0.5127147766323024,0.48345588235294124,0.43083003952569165
0.0,0.4891304347826093,0.48148148148148806,0.59106529209622,0.3345588235294117,0.5494071146245059
0.5,0.5652173913043441,0.6913580246913611,0.4123711340206184,0.5202205882352942,0.13438735177865613
0.0,0.8478260869565233,0.8888888888888857,0.47147766323024065,0.5018382352941178,0.4229249011857707
1.0,0.20652173913043015,0.3209876543209944,0.3917525773195878,0.6066176470588236,0.4150197628458498
0.0,0.45652173913043015,0.4074074074074119,0.4536082474226806,0.5845588235294119,0.3992094861660079
0.5,0.36956521739129755,0.45679012345679126,0.2845360824742269,0.6525735294117647,0.6205533596837944
0.5,0.7826086956521721,0.7654320987654302,0.1786941580756014,0.8216911764705883,0.225296442687747
0.0,0.3152173913043441,0.3209876543209944,0.7147766323024056,0.3529411764705882,0.7984189723320158
0.5,0.3478260869565162,0.3703703703703738,0.2735395189003438,0.6341911764705883,0.18577075098814227
0.5,0.10869565217390686,0.19753086419753174,0.4536082474226806,0.5294117647058825,0.05928853754940711
1.0,0.8152173913043441,0.8148148148148167,0.23092783505154646,0.8216911764705883,0.7391304347826086
0.0,0.4021739130434767,0.45679012345679126,0.3450171821305843,0.6525735294117647,0.35968379446640314
0.5,0.5217391304347814,0.5679012345679055,0.24329896907216497,0.8143382352941178,0.28063241106719367
0.0,0.4021739130434767,0.5679012345679055,0.4329896907216497,0.4852941176470589,0.6047430830039525
0.5,0.17391304347825098,0.2592592592592595,0.5168384879725085,0.4558823529411765,0.43083003952569165
0.0,0.3913043478260789,0.3827160493827222,0.49759450171821307,0.46875,0.0909090909090909
0.5,0.4999999999999929,0.5802469135802468,0.5608247422680415,0.39522058823529405,0.7430830039525691
0.0,0.7282608695652115,0.6049382716049436,0.41099656357388303,0.5900735294117647,0.33992094861660077
0.0,0.36956521739129755,0.3333333333333357,0.723024054982818,0.29227941176470584,0.7707509881422925
0.0,0.5217391304347814,0.5925925925925952,0.25841924398625427,0.6066176470588236,0.4980237154150197
0.5,0.6086956521739069,0.7160493827160508,0.7367697594501719,0.3400735294117647,0.6284584980237153
0.0,0.44565217391303946,0.4074074074074119,0.8687285223367698,0.2113970588235293,0.5059288537549407
0.5,0.7826086956521721,0.7777777777777786,0.48522336769759455,0.5036764705882354,0.6877470355731224
0.0,0.6304347826086953,0.654320987654323,0.5457044673539522,0.7261029411764707,0.7233201581027667
0.0,0.25,0.2839506172839492,0.12371134020618557,0.8198529411764708,0.5494071146245059
0.0,0.17391304347825098,0.2962962962963047,0.7876288659793818,0.2941176470588235,0.23715415019762845
0.5,0.7934782608695627,0.7777777777777786,0.4508591065292098,0.5919117647058825,0.31225296442687744
0.0,0.22826086956521152,0.3209876543209944,0.33539518900343657,0.536764705882353,0.4387351778656126
0.5,0.22826086956521152,0.3333333333333357,0.479725085910653,0.5183823529411765,0.07114624505928853
0.5,0.3369565217391255,0.4074074074074119,0.4659793814432991,0.4283088235294118,0.7549407114624506
0.5,0.3478260869565162,0.49382716049382935,0.5347079037800686,0.45772058823529416,0.33992094861660077
0.5,0.7608695652173907,0.7407407407407405,0.4618556701030929,0.4503676470588235,0.4229249011857707
0.0,0.2391304347826022,0.3456790123456841,0.5896907216494847,0.4338235294117647,0.4426877470355731
1.0,0.5869565217391255,0.48148148148148806,0.32302405498281805,0.7077205882352942,0.6877470355731224
0.5,0.4021739130434767,0.5555555555555571,0.59106529209622,0.3786764705882353,0.17391304347826086
0.5,0.4347826086956488,0.3703703703703738,0.30515463917525776,0.6709558823529412,0.849802371541502
1.0,0.5326086956521721,0.49382716049382935,0.4329896907216497,0.5698529411764706,0.4268774703557312
1.0,0.2717391304347814,0.3333333333333357,0.47285223367697604,0.4099264705882353,0.5454545454545454
0.0,0.3369565217391255,0.4320987654321016,0.22955326460481107,0.7481617647058825,0.6640316205533596
0.5,0.25,0.3456790123456841,0.44261168384879745,0.5625,0.608695652173913
0.5,0.3913043478260789,0.4074074074074119,0.8852233676975945,0.24080882352941166,0.6877470355731224
0.0,0.6630434782608603,0.5802469135802468,0.36426116838487976,0.5625,0.33992094861660077
0.5,0.5760869565217348,0.5925925925925952,0.4041237113402061,0.5238970588235294,0.26877470355731226
0.0,0.2608695652173836,0.308641975308646,0.38213058419243984,0.5716911764705883,0.6798418972332015
0.0,0.6195652173912976,0.6913580246913611,0.41786941580756043,0.41360294117647056,0.2885375494071146
0.0,0.3913043478260789,0.518518518518519,0.1938144329896907,0.7977941176470591,0.4703557312252964
0.5,0.6195652173912976,0.6419753086419746,0.4769759450171822,0.5330882352941176,0.6719367588932806
0.0,0.5543478260869534,0.7530864197530889,0.5786941580756015,0.536764705882353,0.7944664031620553
1.0,0.20652173913043015,0.3456790123456841,1.0,0.022058823529411548,0.6561264822134387
1.0,0.13043478260868824,0.20987654320987303,0.3628865979381444,0.6691176470588237,0.25296442687747034
0.0,0.5434782608695627,0.7407407407407405,0.3271477663230242,0.6378676470588236,0.05533596837944664
0.0,0.7934782608695627,0.7654320987654302,0.38487972508591084,0.6746323529411765,0.2845849802371541
0.0,0.29347826086956275,0.308641975308646,0.6213058419243986,0.42279411764705876,0.01976284584980237
0.0,0.6739130434782581,0.5802469135802468,0.4206185567010312,0.49816176470588236,0.20948616600790512
1.0,0.4891304347826093,0.4074074074074119,0.41099656357388303,0.4503676470588235,0.7628458498023715
0.0,0.5652173913043441,0.7037037037037024,0.40962199312714764,0.5330882352941176,0.4426877470355731
0.0,0.35869565217391397,0.308641975308646,0.26529209621993144,1.0,0.6798418972332015
0.0,0.7173913043478208,0.6419753086419746,0.5140893470790378,0.43933823529411775,0.3992094861660079
0.0,0.7826086956521721,0.7777777777777786,0.39587628865979374,0.6158088235294118,0.8221343873517786
0.0,0.5326086956521721,0.7407407407407405,0.6487972508591064,0.3308823529411764,0.7549407114624506
0.5,0.021739130434781373,0.02469135802468969,0.3917525773195878,0.6341911764705883,0.035573122529644265
0.0,0.2391304347826022,0.3950617283950635,0.7711340206185566,0.28125,0.7470355731225296
0.5,0.29347826086956275,0.518518518518519,0.38075601374570445,0.5955882352941178,0.21739130434782608
0.0,0.9673913043478208,0.9506172839506135,0.4219931271477666,0.5036764705882354,0.38735177865612647
0.5,0.3913043478260789,0.3950617283950635,0.7024054982817871,0.29227941176470584,0.7154150197628458
0.0,0.5326086956521721,0.5308641975308674,0.30378006872852237,0.7500000000000001,0.7272727272727272
0.0,0.6086956521739069,0.5679012345679055,0.3738831615120275,0.6397058823529412,0.5533596837944663
0.5,0.7608695652173907,0.6666666666666714,0.36701030927835054,0.5569852941176472,0.5889328063241106
0.0,0.8260869565217348,0.8395061728395063,0.6336769759450172,0.32352941176470584,0.2924901185770751
0.0,0.18478260869564878,0.2962962962963047,0.44123711340206206,0.5753676470588236,0.3794466403162055
0.5,0.22826086956521152,0.2962962962963047,0.6213058419243986,0.33823529411764697,0.5652173913043478
0.5,0.7717391304347743,0.6666666666666714,0.3628865979381444,0.5827205882352942,0.7707509881422925
1.0,0.3369565217391255,0.3209876543209944,0.3986254295532645,0.5533088235294118,0.05928853754940711
0.0,0.3152173913043441,0.3703703703703738,1.0,0.09191176470588222,0.12252964426877469
0.5,0.3152173913043441,0.3209876543209944,0.5388316151202752,0.3713235294117647,0.7154150197628458
0.0,0.35869565217391397,0.5061728395061778,0.5168384879725085,0.31985294117647056,0.44664031620553357
0.0,0.5434782608695627,0.518518518518519,0.5525773195876291,0.3897058823529411,0.12252964426877469
0.0,0.45652173913043015,0.44444444444444997,0.3766323024054983,0.6139705882352943,0.01976284584980237
0.5,0.7608695652173907,0.6419753086419746,0.536082474226804,0.35110294117647056,0.8181818181818181
0.5,0.4782608695652115,0.4197530864197603,0.5608247422680415,0.4338235294117647,0.5889328063241106
0.5,0.7391304347826093,0.6913580246913611,0.4522336769759452,0.47058823529411764,0.11067193675889328
0.0,0.19565217391303946,0.2592592592592595,0.5718213058419246,0.5422794117647058,0.533596837944664
0.5,0.6086956521739069,0.6172839506172849,0.13745704467353947,0.7996323529411766,0.6363636363636364
1.0,0.4130434782608674,0.3827160493827222,0.529209621993127,0.36397058823529416,0.3557312252964427
0.5,0.3152173913043441,0.3456790123456841,1.0,0.0,0.33992094861660077
0.0,0.28260869565216495,0.5061728395061778,0.23092783505154646,1.0,0.12252964426877469
0.0,0.6847826086956488,0.6049382716049436,0.6116838487972509,0.5459558823529412,0.38339920948616596
0.0,0.28260869565216495,0.2592592592592595,0.16219931271477672,0.8584558823529413,0.21739130434782608
0.0,0.22826086956521152,0.2716049382716008,0.5347079037800686,0.41727941176470584,0.6877470355731224
0.0,0.5869565217391255,0.654320987654323,0.20618556701030943,0.6507352941176472,0.5059288537549407
0.0,0.7717391304347743,0.6666666666666714,0.38213058419243984,0.5533088235294118,0.01976284584980237
0.5,0.3478260869565162,0.3580246913580325,0.24192439862542958,0.7389705882352943,0.450592885375494
0.5,0.7065217391304301,0.6296296296296333,0.6185567010309279,0.4595588235294117,0.23320158102766797
0.0,0.5217391304347814,0.7037037037037024,0.25841924398625427,0.604779411764706,0.5889328063241106
0.0,0.8152173913043441,0.8148148148148167,0.448109965635739,0.4540441176470589,0.7826086956521738
0.0,0.7934782608695627,0.5925925925925952,0.47147766323024065,0.44852941176470595,0.7786561264822134
0.0,0.6086956521739069,0.827160493827158,0.28041237113402073,0.7022058823529412,0.5612648221343873
0.5,0.1521739130434696,0.22222222222222143,0.4769759450171822,0.5386029411764707,0.21739130434782608
0.0,0.4130434782608674,0.5925925925925952,0.4508591065292098,0.41176470588235303,0.23715415019762845
0.0,0.38043478260869534,0.5061728395061778,0.44261168384879745,0.511029411764706,0.49011857707509876
0.5,0.9456521739130395,0.9012345679012341,0.2872852233676977,0.7941176470588236,0.24110671936758893
0.0,0.6739130434782581,0.6296296296296333,0.2735395189003438,0.6654411764705883,0.7628458498023715
0.0,0.9347826086956488,0.9259259259259238,0.43024054982817894,0.5753676470588236,0.7786561264822134
0.0,0.7065217391304301,0.6172839506172849,0.8013745704467357,0.3033088235294117,0.525691699604743
0.5,0.5217391304347814,0.4320987654321016,0.3436426116838489,0.4963235294117647,0.8735177865612648
0.0,0.7282608695652115,0.654320987654323,0.5470790378006876,0.4595588235294117,0.8616600790513833
0.0,0.8152173913043441,0.6049382716049436,0.6171821305841925,0.46139705882352944,0.8181818181818181
0.5,0.25,0.4074074074074119,0.8893470790378006,0.22977941176470576,0.2608695652173913
0.0,0.3369565217391255,0.3580246913580325,0.6061855670103093,0.40808823529411764,0.40711462450592883
0.5,0.5108695652173907,0.48148148148148806,0.35051546391752586,0.6599264705882354,0.26482213438735175
0.0,0.28260869565216495,0.3456790123456841,0.18831615120274914,0.6323529411764707,0.6126482213438734
0.0,0.30434782608695343,0.2716049382716008,0.6130584192439863,0.42279411764705876,0.7747035573122529
0.0,0.45652173913043015,0.44444444444444997,0.4041237113402061,0.6231617647058825,0.02766798418972332
0.0,0.891304347826086,0.8148148148148167,0.32439862542955344,0.6580882352941178,0.7628458498023715
0.0,0.6086956521739069,0.6049382716049436,0.4618556701030929,0.6176470588235294,0.5098814229249011
0.0,0.4999999999999929,0.5432098765432158,0.7051546391752579,0.2996323529411764,0.7786561264822134
0.0,0.6413043478260789,0.6172839506172849,0.5498281786941583,0.46875,0.19367588932806323
0.5,0.4239130434782581,0.3827160493827222,0.48797250859106533,0.47977941176470584,0.4426877470355731
0.0,0.7608695652173907,0.5432098765432158,0.2103092783505156,0.7334558823529413,0.5296442687747035
0.0,0.21739130434782084,0.3703703703703738,0.5264604810996563,0.5,0.49407114624505927
0.5,0.5760869565217348,0.45679012345679126,0.2735395189003438,0.9264705882352944,0.17786561264822134
0.0,0.4130434782608674,0.5432098765432158,0.4371134020618559,0.5128676470588236,0.1541501976284585
0.5,0.3152173913043441,0.24691358024691112,0.7051546391752579,0.3345588235294117,0.3320158102766798
0.5,0.4239130434782581,0.5802469135802468,0.4618556701030929,0.5606617647058824,0.14624505928853754
0.0,0.9456521739130395,0.9135802469135825,0.32439862542955344,0.630514705882353,0.3557312252964427
0.5,0.21739130434782084,0.308641975308646,0.6996563573883163,0.40625,0.08300395256916995
1.0,0.7391304347826093,0.7283950617283992,0.7326460481099657,0.24632352941176458,0.1818181818181818
0.5,0.891304347826086,0.864197530864196,0.32164948453608244,0.6286764705882354,0.0909090909090909
0.0,0.7173913043478208,0.6172839506172849,0.7546391752577319,0.25735294117647045,0.1067193675889328
0.5,0.4239130434782581,0.5308641975308674,0.24879725085910653,0.6911764705882354,0.8932806324110671
0.5,0.29347826086956275,0.22222222222222143,0.8467353951890035,0.27573529411764697,0.6442687747035573
0.5,0.8804347826086882,0.7037037037037024,0.19106529209621992,0.7573529411764707,0.17391304347826086
0.0,0.5434782608695627,0.7407407407407405,0.897594501718213,0.24816176470588228,0.7984189723320158
0.0,0.3913043478260789,0.3456790123456841,0.7890034364261171,0.39889705882352944,0.4624505928853755
0.0,0.2391304347826022,0.3333333333333357,0.6391752577319587,0.37683823529411753,0.8418972332015809
0.0,0.6521739130434767,0.6172839506172849,0.4783505154639176,0.6102941176470589,0.4703557312252964
0.0,0.3478260869565162,0.308641975308646,0.6680412371134024,0.2628676470588235,0.05138339920948616
0.0,0.3260869565217348,0.2716049382716008,0.7353951890034365,0.2959558823529411,0.5810276679841897
0.5,0.35869565217391397,0.46913580246913966,0.7092783505154641,0.27573529411764697,0.17391304347826086
0.5,0.3152173913043441,0.2592592592592595,0.3340206185567012,0.7463235294117648,0.43478260869565216
0.5,0.3152173913043441,0.3950617283950635,0.57319587628866,0.39522058823529405,0.13043478260869565
0.0,0.5869565217391255,0.518518518518519,0.33539518900343657,0.5974264705882353,0.6126482213438734
0.0,0.3260869565217348,0.3333333333333357,0.57319587628866,0.3272058823529411,0.5019762845849802
0.0,0.22826086956521152,0.3209876543209944,0.4467353951890036,0.5220588235294119,0.16996047430830039
1.0,0.5543478260869534,0.518518518518519,1.0,0.0,0.3201581027667984
0.5,0.7391304347826093,0.5432098765432158,0.29003436426116846,0.6507352941176472,0.6561264822134387
0.0,0.3478260869565162,0.46913580246913966,0.3573883161512028,0.5643382352941178,0.3438735177865612
1.0,0.9239130434782581,0.8888888888888857,0.5525773195876291,0.42279411764705876,0.5810276679841897
0.0,0.5869565217391255,0.48148148148148806,0.5127147766323024,0.4007352941176471,0.5177865612648221
1.0,0.25,0.48148148148148806,0.1512027491408936,0.6911764705882354,0.007905138339920948
0.0,0.5217391304347814,0.44444444444444997,0.747766323024055,0.28860294117647056,0.5573122529644269
0.5,0.6521739130434767,0.5925925925925952,0.43024054982817894,0.4944852941176472,0.3359683794466403
0.0,0.29347826086956275,0.48148148148148806,0.5058419243986254,0.4503676470588235,0.4743083003952569
0.0,0.5543478260869534,0.518518518518519,0.4508591065292098,0.3492647058823529,0.608695652173913
0.0,0.17391304347825098,0.24691358024691112,0.40687285223367686,0.5257352941176471,0.023715415019762844
0.0,0.4347826086956488,0.4197530864197603,0.6405498281786941,0.4411764705882353,0.24505928853754938
0.5,0.38043478260869534,0.5555555555555571,0.5704467353951892,0.42095588235294124,0.458498023715415
0.0,0.9239130434782581,0.8888888888888857,0.3766323024054983,0.6525735294117647,0.20553359683794464
0.5,0.36956521739129755,0.5061728395061778,0.4948453608247423,0.43933823529411775,0.7786561264822134
0.0,0.5869565217391255,0.790123456790127,0.3120274914089347,0.5349264705882353,0.6205533596837944
0.0,0.4239130434782581,0.3456790123456841,0.9608247422680414,0.26102941176470573,0.5454545454545454
0.0,0.3478260869565162,0.49382716049382935,1.0,0.0,0.40316205533596833
0.5,0.5652173913043441,0.5061728395061778,0.4673539518900345,0.4595588235294117,0.592885375494071
0.5,0.5434782608695627,0.4197530864197603,0.3986254295532645,0.5790441176470589,0.691699604743083
1.0,0.7717391304347743,0.7777777777777786,0.39725085910652913,0.5625,0.0909090909090909
0.0,0.4347826086956488,0.4197530864197603,0.17182130584192445,0.7518382352941179,0.7470355731225296
0.5,0.5434782608695627,0.6666666666666714,0.2501718213058419,0.8437500000000002,0.5138339920948616
0.0,0.8478260869565233,0.864197530864196,0.2542955326460481,0.7169117647058825,0.38339920948616596
0.0,0.5652173913043441,0.7777777777777786,0.6570446735395188,0.30698529411764697,0.41897233201581024
0.0,0.19565217391303946,0.2592592592592595,0.4247422680412374,0.4375,0.6996047430830039
0.0,0.3913043478260789,0.5555555555555571,1.0,0.19117647058823514,0.6126482213438734
0.0,0.4130434782608674,0.3209876543209944,0.21580756013745717,0.6268382352941178,0.11067193675889328
0.0,0.2608695652173836,0.3703703703703738,0.42749140893470816,0.604779411764706,0.3675889328063241
0.0,0.9456521739130395,0.9135802469135825,0.7587628865979381,0.29227941176470584,0.41897233201581024
0.0,0.8152173913043441,0.8024691358024683,0.4769759450171822,0.4411764705882353,0.6403162055335968
0.0,0.4021739130434767,0.5432098765432158,0.566323024054983,0.5349264705882353,0.21739130434782608
0.5,0.9347826086956488,0.9135802469135825,0.6872852233676978,0.3970588235294117,0.541501976284585
1.0,0.2608695652173836,0.49382716049382935,0.6158075601374571,0.33639705882352944,0.07905138339920947
0.0,0.4021739130434767,0.5802469135802468,0.29415807560137464,0.7389705882352943,0.3517786561264822
0.0,0.7173913043478208,0.6172839506172849,1.0,0.22426470588235284,0.541501976284585
0.5,0.19565217391303946,0.2592592592592595,0.5085910652920962,0.39522058823529405,0.7154150197628458
0.0,0.4021739130434767,0.5432098765432158,0.37938144329896906,0.641544117647059,0.6363636363636364
0.0,0.5326086956521721,0.7407407407407405,0.16219931271477672,0.7775735294117649,0.1660079051383399
0.5,0.3369565217391255,0.308641975308646,0.45498281786941597,0.5,0.83399209486166
0.0,0.4347826086956488,0.4074074074074119,0.38350515463917545,0.6911764705882354,0.5533596837944663
1.0,0.6847826086956488,0.6296296296296333,0.36701030927835054,0.6323529411764707,0.6007905138339921
0.0,0.4021739130434767,0.5679012345679055,0.41786941580756043,0.4283088235294118,0.38339920948616596
0.5,0.7499999999999929,0.7037037037037024,0.3161512027491409,0.6323529411764707,0.7984189723320158
0.5,0.3913043478260789,0.5432098765432158,0.5319587628865978,0.511029411764706,0.6956521739130435
0.5,0.7499999999999929,0.6790123456790127,0.9690721649484537,0.20588235294117638,0.3913043478260869
0.0,0.5869565217391255,0.6172839506172849,0.361512027491409,0.4871323529411764,0.08695652173913043
0.5,0.5869565217391255,0.7407407407407405,0.45498281786941597,0.47977941176470584,0.011857707509881422
0.0,0.2717391304347814,0.3456790123456841,0.7298969072164949,0.27573529411764697,0.7865612648221343
0.0,0.8043478260869534,0.6049382716049436,0.45773195876288675,0.6599264705882354,0.015810276679841896
0.0,0.6195652173912976,0.6419753086419746,0.5635738831615122,0.47058823529411764,0.19367588932806323
0.0,0.36956521739129755,0.518518518518519,0.8041237113402064,0.25735294117647045,0.15810276679841895
0.0,0.5217391304347814,0.5432098765432158,0.29140893470790385,0.7316176470588237,0.23320158102766797
0.0,0.21739130434782084,0.3703703703703738,0.6199312714776632,0.34558823529411764,0.5098814229249011
0.5,0.4021739130434767,0.5679012345679055,0.536082474226804,0.4154411764705882,0.8814229249011857
0.0,0.8043478260869534,0.8024691358024683,0.23092783505154646,0.625,0.7075098814229248
0.0,0.38043478260869534,0.4197530864197603,0.47422680412371143,0.5055147058823529,0.6324110671936758
0.5,0.38043478260869534,0.3456790123456841,0.35326460481099664,0.636029411764706,0.3557312252964427
0.5,0.6521739130434767,0.6172839506172849,0.8948453608247422,0.23345588235294104,0.1818181818181818
0.0,0.7717391304347743,0.654320987654323,0.4041237113402061,0.6562500000000001,0.3201581027667984
1.0,0.7826086956521721,0.7160493827160508,0.6694158075601377,0.3584558823529411,0.5612648221343873
1.0,0.6304347826086953,0.6049382716049436,0.3285223367697596,0.5716911764705883,0.4387351778656126
1.0,0.7065217391304301,0.6790123456790127,0.389003436426117,0.48897058823529416,0.27667984189723316
0.0,0.4782608695652115,0.44444444444444997,0.5580756013745707,0.42279411764705876,0.023715415019762844
0.0,0.5217391304347814,0.5555555555555571,0.4219931271477666,0.7610294117647061,0.20948616600790512
0.0,0.4021739130434767,0.5432098765432158,0.7298969072164949,0.36948529411764697,0.3438735177865612
0.0,0.38043478260869534,0.3580246913580325,0.45773195876288675,0.40808823529411764,0.21739130434782608
0.0,0.5217391304347814,0.4320987654321016,0.5924398625429554,0.3180147058823529,0.8537549407114624
0.0,0.6304347826086953,0.7283950617283992,0.3628865979381444,0.6488970588235295,0.7984189723320158
1.0,0.8478260869565233,0.8518518518518547,0.32439862542955344,0.511029411764706,0.6007905138339921
0.5,0.6413043478260789,0.8148148148148167,0.5223367697594501,0.46875,0.3438735177865612
0.5,0.5978260869565162,0.5679012345679055,0.4920962199312715,0.43198529411764697,0.8102766798418972
0.0,0.3260869565217348,0.4197530864197603,0.3422680412371135,0.8768382352941178,0.5652173913043478
0.5,0.7173913043478208,0.6172839506172849,0.32577319587628883,0.6452205882352942,0.3162055335968379
0.0,0.9347826086956488,0.9012345679012341,0.4329896907216497,0.5919117647058825,0.308300395256917
0.0,0.38043478260869534,0.46913580246913966,0.2831615120274915,0.6488970588235295,0.6284584980237153
0.5,0.30434782608695343,0.23456790123456983,0.5457044673539522,0.43198529411764697,0.5533596837944663
0.0,0.3260869565217348,0.4320987654321016,0.39587628865979374,0.6011029411764707,0.2964426877470355
0.0,0.4891304347826093,0.46913580246913966,0.5140893470790378,0.5055147058823529,0.5573122529644269
0.5,0.21739130434782084,0.3580246913580325,0.39587628865979374,0.5533088235294118,0.48221343873517786
0.0,0.7717391304347743,0.7530864197530889,0.6941580756013748,0.3180147058823529,0.8300395256916996
0.0,0.5652173913043441,0.5061728395061778,0.5250859106529209,0.4522058823529411,0.5849802371541502
0.5,0.25,0.3580246913580325,0.30378006872852237,0.6654411764705883,0.13438735177865613
0.0,0.7717391304347743,0.6296296296296333,0.7120274914089348,0.2941176470588235,0.592885375494071
0.0,0.05434782608695343,0.09876543209876587,0.5030927835051546,0.46139705882352944,0.34782608695652173
0.0,0.5434782608695627,0.7283950617283992,0.7436426116838488,0.30698529411764697,0.1067193675889328
0.0,0.2608695652173836,0.18518518518518334,0.37938144329896906,0.5,0.06719367588932806
1.0,0.25,0.3209876543209944,0.6487972508591064,0.33272058823529405,0.31225296442687744
0.0,0.30434782608695343,0.518518518518519,0.6336769759450172,0.3621323529411764,0.17786561264822134
0.0,0.9021739130434767,0.9012345679012341,0.48659793814432994,0.42279411764705876,0.525691699604743
0.0,0.6847826086956488,0.6419753086419746,0.6378006872852233,0.34558823529411764,0.7470355731225296
0.5,0.38043478260869534,0.5432098765432158,0.10309278350515472,1.0,0.7667984189723319
0.0,0.06521739130434412,0.11111111111111427,0.5347079037800686,0.5202205882352942,0.44664031620553357
0.0,0.3369565217391255,0.46913580246913966,0.3147766323024055,0.6893382352941178,0.43478260869565216
0.0,0.2391304347826022,0.3950617283950635,0.3999999999999999,0.6562500000000001,0.7628458498023715
0.0,0.21739130434782084,0.3703703703703738,0.2529209621993127,0.7536764705882354,0.35968379446640314
0.0,0.7826086956521721,0.6790123456790127,0.5182130584192439,0.5018382352941178,0.6521739130434783
0.0,0.6304347826086953,0.8148148148148167,0.4371134020618559,0.40625,0.48221343873517786
1.0,0.7826086956521721,0.7654320987654302,0.5869415807560139,0.4007352941176471,0.4426877470355731
0.0,0.46739130434782794,0.45679012345679126,0.6529209621993126,0.36948529411764697,0.5731225296442687
0.0,0.5869565217391255,0.6419753086419746,0.50446735395189,0.4466911764705883,0.44664031620553357
0.0,0.3369565217391255,0.308641975308646,0.2694158075601376,0.6084558823529412,0.24901185770750986
0.5,0.1521739130434696,0.24691358024691112,0.5896907216494847,0.35477941176470584,0.450592885375494
0.5,0.7282608695652115,0.5925925925925952,0.29278350515463925,0.8382352941176472,0.7944664031620553
0.5,0.7608695652173907,0.7530864197530889,0.2570446735395189,0.6856617647058825,0.4110671936758893
0.0,0.9130434782608674,0.9012345679012341,0.8838487972508591,0.2113970588235293,0.826086956521739
0.0,0.5652173913043441,0.7654320987654302,0.22268041237113412,0.8584558823529413,0.13043478260869565
0.0,0.25,0.3827160493827222,0.5099656357388316,0.5036764705882354,0.2845849802371541
0.0,0.5543478260869534,0.7407407407407405,0.3999999999999999,0.6029411764705883,0.011857707509881422
0.0,0.38043478260869534,0.5308641975308674,0.4384879725085913,0.5257352941176471,0.6007905138339921
0.5,0.8152173913043441,0.8024691358024683,0.6144329896907217,0.36948529411764697,0.6284584980237153
0.0,0.891304347826086,0.9012345679012341,0.30927835051546393,0.7132352941176472,0.3162055335968379
1.0,0.5760869565217348,0.5802469135802468,0.47010309278350526,0.5514705882352942,0.49011857707509876
0.0,0.5652173913043441,0.46913580246913966,0.8371134020618558,0.19852941176470576,0.0
0.5,0.6086956521739069,0.6172839506172849,0.3903780068728524,0.6341911764705883,0.09881422924901186
1.0,0.2391304347826022,0.44444444444444997,0.5429553264604814,0.4283088235294118,0.3952569169960474
0.5,0.30434782608695343,0.2592592592592595,0.4907216494845361,0.4246323529411764,0.5217391304347826
1.0,0.5108695652173907,0.5802469135802468,0.9800687285223368,0.1672794117647057,0.40316205533596833
0.0,0.5543478260869534,0.654320987654323,0.8714776632302406,0.2426470588235293,0.7786561264822134
0.0,0.5217391304347814,0.45679012345679126,0.5388316151202752,0.641544117647059,0.10276679841897232
0.0,0.4239130434782581,0.3333333333333357,0.36563573883161515,0.625,0.007905138339920948
0.5,0.5652173913043441,0.5061728395061778,0.5319587628865978,0.47977941176470584,0.6561264822134387
0.0,0.2608695652173836,0.3950617283950635,0.9209621993127151,0.26654411764705876,0.3913043478260869
1.0,0.3369565217391255,0.2962962962963047,0.9938144329896907,0.21874999999999986,0.6245059288537549
0.5,0.7499999999999929,0.7160493827160508,0.541580756013746,0.4632352941176471,0.6403162055335968
0.0,0.46739130434782794,0.45679012345679126,0.6996563573883163,0.33639705882352944,0.7549407114624506
0.5,0.3913043478260789,0.518518518518519,0.32439862542955344,0.5257352941176471,0.07905138339920947
0.0,0.5869565217391255,0.5432098765432158,0.12783505154639174,0.8051470588235297,0.38735177865612647
0.0,0.6956521739130395,0.5925925925925952,0.2872852233676977,0.5569852941176472,0.7233201581027667
0.0,0.7826086956521721,0.6419753086419746,0.4247422680412374,0.4852941176470589,0.5691699604743082
0.5,0.9239130434782581,0.9259259259259238,0.7450171821305842,0.25183823529411753,0.7509881422924901
0.5,0.6521739130434767,0.5308641975308674,1.0,0.09191176470588222,0.6956521739130435
0.0,0.38043478260869534,0.5308641975308674,0.32302405498281805,0.6029411764705883,0.7312252964426877
0.5,0.7717391304347743,0.790123456790127,0.44536082474226824,0.641544117647059,0.02766798418972332
0.5,0.5652173913043441,0.7530864197530889,0.2240549828178695,0.78125,0.6600790513833992
0.0,0.44565217391303946,0.3703703703703738,0.38213058419243984,0.9209558823529413,0.5296442687747035
0.5,0.8695652173913047,0.7037037037037024,0.3120274914089347,0.8511029411764708,0.015810276679841896
0.0,0.6195652173912976,0.6419753086419746,0.4192439862542958,0.5772058823529412,0.458498023715415
0.5,0.8804347826086882,0.7407407407407405,0.7175257731958764,0.40625,0.7470355731225296
0.0,0.25,0.3456790123456841,0.7010309278350517,0.3933823529411765,0.450592885375494
0.5,0.5543478260869534,0.5555555555555571,0.6116838487972509,0.4430147058823529,0.9130434782608695
1.0,0.2391304347826022,0.3827160493827222,0.3601374570446736,0.6727941176470589,0.007905138339920948
0.0,0.21739130434782084,0.3580246913580325,0.4371134020618559,0.5477941176470589,0.4150197628458498
0.0,0.6521739130434767,0.6296296296296333,0.29278350515463925,0.6452205882352942,0.13043478260869565
0.0,0.6739130434782581,0.6049382716049436,0.3106529209621993,0.6194852941176472,0.8142292490118577
0.0,0.6956521739130395,0.654320987654323,0.3752577319587629,0.5790441176470589,0.8221343873517786
0.0,0.5434782608695627,0.48148148148148806,0.6268041237113402,0.36397058823529416,0.691699604743083
0.0,0.20652173913043015,0.2962962962963047,0.716151202749141,0.33823529411764697,0.5731225296442687
0.0,0.25,0.3209876543209944,0.890721649484536,0.2941176470588235,0.41897233201581024
0.5,0.4347826086956488,0.3456790123456841,0.4508591065292098,0.48897058823529416,0.3162055335968379
0.0,0.45652173913043015,0.5308641975308674,0.302405498281787,0.7279411764705883,0.37154150197628455
0.0,0.5978260869565162,0.827160493827158,0.8233676975945019,0.23529411764705874,0.4150197628458498
0.0,0.6521739130434767,0.5802469135802468,0.4618556701030929,0.6323529411764707,0.7628458498023715
0.5,0.25,0.3950617283950635,0.42749140893470816,0.4650735294117647,0.7193675889328063
0.0,0.5652173913043441,0.48148148148148806,0.40824742268041225,0.5294117647058825,0.8577075098814229
0.0,0.5869565217391255,0.5432098765432158,0.7601374570446735,0.3584558823529411,0.6719367588932806
0.5,0.7934782608695627,0.790123456790127,0.6089347079037801,0.49816176470588236,0.8300395256916996
0.0,0.7826086956521721,0.5555555555555571,0.19106529209621992,0.7573529411764707,0.33992094861660077
0.0,0.22826086956521152,0.3209876543209944,0.2721649484536084,0.6011029411764707,0.043478260869565216
0.0,0.6956521739130395,0.6172839506172849,0.4467353951890036,0.704044117647059,0.3438735177865612
0.0,0.4891304347826093,0.6296296296296333,0.2859106529209623,0.6580882352941178,0.6284584980237153
0.0,0.5869565217391255,0.6296296296296333,1.0,0.1047794117647057,0.37549407114624506
0.0,0.5326086956521721,0.7160493827160508,0.7106529209621995,0.3345588235294117,0.7628458498023715
0.0,0.4021739130434767,0.3703703703703738,0.5704467353951892,0.3621323529411764,0.09881422924901186
0.0,0.7499999999999929,0.6296296296296333,0.9058419243986258,0.20220588235294104,0.035573122529644265
0.0,0.4891304347826093,0.5679012345679055,0.4893470790378007,0.3933823529411765,0.7747035573122529
0.0,0.3152173913043441,0.3333333333333357,0.1951890034364261,0.8860294117647061,0.7470355731225296
0.0,0.9130434782608674,0.827160493827158,0.47285223367697604,0.4852941176470589,0.7272727272727272
0.5,0.22826086956521152,0.3209876543209944,0.4329896907216497,0.5349264705882353,0.18577075098814227
0.5,0.6847826086956488,0.6419753086419746,0.47010309278350526,0.5165441176470589,0.6007905138339921
0.0,0.5652173913043441,0.7530864197530889,0.27491408934707917,0.8290441176470589,0.7549407114624506
0.5,0.5217391304347814,0.7160493827160508,0.2405498281786942,0.6139705882352943,0.11067193675889328
0.0,0.8478260869565233,0.6913580246913611,0.32302405498281805,0.786764705882353,0.592885375494071
0.5,0.6304347826086953,0.5925925925925952,0.5209621993127147,0.42279411764705876,0.3201581027667984
0.5,0.6304347826086953,0.6172839506172849,1.0,0.07169117647058806,0.31225296442687744
0.0,0.8804347826086882,0.7283950617283992,0.4522336769759452,0.5514705882352942,0.2292490118577075
0.0,0.25,0.3580246913580325,0.30927835051546393,0.5073529411764706,0.5019762845849802
0.0,0.1630434782608674,0.2839506172839492,0.5058419243986254,0.5073529411764706,0.8577075098814229
0.0,0.44565217391303946,0.4320987654321016,0.3560137457044674,0.5275735294117647,0.11462450592885375
0.0,0.9239130434782581,0.8395061728395063,0.6199312714776632,0.33272058823529405,0.5612648221343873
0.5,0.3369565217391255,0.4074074074074119,0.5168384879725085,0.4779411764705882,0.38339920948616596
0.0,0.29347826086956275,0.24691358024691112,0.3601374570446736,0.6341911764705883,0.19367588932806323
0.5,0.5434782608695627,0.7160493827160508,0.511340206185567,0.5275735294117647,0.5968379446640316
0.5,0.8586956521739069,0.7160493827160508,0.23092783505154646,0.8345588235294119,0.007905138339920948
0.0,0.9130434782608674,0.864197530864196,0.26254295532646066,0.8088235294117647,0.7667984189723319
0.0,0.9021739130434767,0.8395061728395063,0.24329896907216497,0.7591911764705884,0.4980237154150197
1.0,0.3478260869565162,0.45679012345679126,0.5567010309278353,0.42647058823529416,0.38339920948616596
0.0,0.29347826086956275,0.3827160493827222,0.44123711340206206,0.43566176470588236,0.43083003952569165
0.0,0.3913043478260789,0.5555555555555571,0.6680412371134024,0.33639705882352944,0.6245059288537549
0.5,0.8804347826086882,0.8888888888888857,0.34914089347079047,0.49816176470588236,0.24901185770750986
0.5,0.5434782608695627,0.48148148148148806,0.3161512027491409,0.7518382352941179,0.32411067193675885
0.0,0.38043478260869534,0.3580246913580325,0.2240549828178695,0.9191176470588236,0.3201581027667984
0.0,0.6086956521739069,0.654320987654323,0.45498281786941597,0.4632352941176471,0.4387351778656126
0.0,0.6195652173912976,0.8024691358024683,0.1319587628865979,0.849264705882353,0.225296442687747
0.0,0.11956521739129755,0.20987654320987303,1.0,0.0,0.8418972332015809
0.5,0.10869565217390686,0.18518518518518334,0.3931271477663232,0.5459558823529412,0.13833992094861658
0.5,0.6739130434782581,0.6296296296296333,0.3903780068728524,0.5753676470588236,0.6205533596837944
0.5,0.5434782608695627,0.5061728395061778,0.37938144329896906,0.536764705882353,0.011857707509881422
0.0,0.14130434782608603,0.20987654320987303,0.48522336769759455,0.47426470588235303,0.683794466403162
0.0,0.35869565217391397,0.3333333333333357,0.4357388316151205,0.5533088235294118,0.15019762845849802
0.5,0.4021739130434767,0.5802469135802468,0.6281786941580756,0.4466911764705883,0.5177865612648221
0.0,0.9130434782608674,0.9135802469135825,0.35051546391752586,0.5220588235294119,0.49011857707509876
0.0,0.9347826086956488,0.864197530864196,0.8687285223367698,0.2113970588235293,0.6245059288537549
0.0,0.44565217391303946,0.4197530864197603,0.3628865979381444,0.599264705882353,0.541501976284585
0.0,0.18478260869564878,0.2716049382716008,0.39450171821305835,0.6654411764705883,0.8063241106719367
0.5,0.7934782608695627,0.654320987654323,0.5814432989690723,0.3878676470588235,0.4703557312252964
0.5,0.6521739130434767,0.5802469135802468,0.6419243986254295,0.3621323529411764,0.43478260869565216
0.0,0.29347826086956275,0.4320987654321016,0.4934707903780069,0.36029411764705876,0.3913043478260869
0.5,0.38043478260869534,0.3703703703703738,0.38213058419243984,0.6011029411764707,0.19367588932806323
0.0,0.7608695652173907,0.6172839506172849,0.45498281786941597,0.4595588235294117,0.541501976284585
0.0,0.5217391304347814,0.6913580246913611,1.0,0.0,0.25296442687747034
1.0,0.4021739130434767,0.3456790123456841,0.6254295532646048,0.3805147058823529,0.608695652173913
0.0,0.891304347826086,0.8765432098765444,0.6034364261168386,0.47058823529411764,0.3636363636363636
1.0,0.5326086956521721,0.7283950617283992,0.6790378006872855,0.2941176470588235,0.6403162055335968
0.0,0.9347826086956488,0.8888888888888857,0.4920962199312715,0.5459558823529412,0.7667984189723319
0.0,0.7282608695652115,0.6419753086419746,0.4494845360824744,0.47426470588235303,0.20553359683794464
0.0,0.8043478260869534,0.7777777777777786,0.9072164948453612,0.20588235294117638,0.24901185770750986
0.0,0.5760869565217348,0.46913580246913966,0.3697594501718213,0.5,0.21739130434782608
1.0,0.6847826086956488,0.6049382716049436,0.5319587628865978,0.5073529411764706,0.5494071146245059
0.0,0.8804347826086882,0.864197530864196,0.2680412371134022,0.6011029411764707,0.10276679841897232
0.0,0.5217391304347814,0.5925925925925952,0.44536082474226824,0.7003676470588236,0.4387351778656126
0.0,0.4021739130434767,0.4074074074074119,0.4137457044673538,0.5018382352941178,0.05138339920948616
0.0,0.13043478260868824,0.23456790123456983,0.33951890034364274,0.5772058823529412,0.41897233201581024
1.0,0.22826086956521152,0.44444444444444997,0.4783505154639176,0.5551470588235294,0.32806324110671936
0.0,0.5326086956521721,0.7530864197530889,0.865979381443299,0.19117647058823514,0.8300395256916996
0.5,0.4891304347826093,0.6666666666666714,0.4536082474226806,0.4650735294117647,0.6956521739130435
0.0,0.14130434782608603,0.20987654320987303,0.40824742268041225,0.6433823529411765,0.7391304347826086
0.0,0.3152173913043441,0.4074074074074119,0.5883161512027493,0.44852941176470595,0.3438735177865612
0.0,0.9021739130434767,0.8888888888888857,0.9690721649484537,0.19669117647058812,0.02766798418972332
0.5,0.4891304347826093,0.6049382716049436,0.723024054982818,0.3400735294117647,0.47826086956521735
0.0,0.2391304347826022,0.3209876543209944,0.5883161512027493,0.4411764705882353,0.3043478260869565
0.5,0.30434782608695343,0.4197530864197603,0.5553264604810999,0.4540441176470589,0.4980237154150197
0.0,0.7173913043478208,0.654320987654323,1.0,0.0,0.12252964426877469
0.5,0.09782608695651618,0.19753086419753174,0.4247422680412374,0.41176470588235303,0.20948616600790512
0.0,0.6086956521739069,0.5679012345679055,0.2103092783505156,0.661764705882353,0.592885375494071
0.0,0.7717391304347743,0.654320987654323,0.5567010309278353,0.43566176470588236,0.7628458498023715
0.0,0.29347826086956275,0.3950617283950635,0.5635738831615122,0.4191176470588236,0.6047430830039525
0.5,0.38043478260869534,0.5432098765432158,0.45773195876288675,0.6599264705882354,0.758893280632411
0.5,0.25,0.3827160493827222,0.34089347079037813,0.6084558823529412,0.3992094861660079
0.5,0.3152173913043441,0.4320987654321016,0.4893470790378007,0.4007352941176471,0.6363636363636364
0.0,0.22826086956521152,0.3703703703703738,0.47010309278350526,0.43014705882352944,0.3636363636363636
0.0,0.6195652173912976,0.6419753086419746,0.5498281786941583,0.46691176470588247,0.6798418972332015
0.5,0.21739130434782084,0.3703703703703738,0.389003436426117,0.5698529411764706,0.09486166007905138
0.0,0.8152173913043441,0.790123456790127,0.48384879725085916,0.49816176470588236,0.18972332015810275
0.0,0.6630434782608603,0.5679012345679055,0.44536082474226824,0.5257352941176471,0.7707509881422925
0.0,0.7065217391304301,0.49382716049382935,0.59106529209622,0.32352941176470584,0.49011857707509876
0.0,0.9673913043478208,0.9506172839506135,0.5498281786941583,0.4558823529411765,0.09881422924901186
0.0,0.4021739130434767,0.3580246913580325,0.36563573883161515,0.6084558823529412,0.4268774703557312
0.5,0.7065217391304301,0.6049382716049436,0.3999999999999999,0.5036764705882354,0.5059288537549407
0.0,0.7499999999999929,0.6913580246913611,0.5525773195876291,0.4283088235294118,0.0
0.0,0.5652173913043441,0.518518518518519,0.46048109965635753,0.4522058823529411,0.691699604743083
0.0,0.5869565217391255,0.6172839506172849,0.3876288659793816,0.5625,0.3162055335968379
0.5,0.3260869565217348,0.3456790123456841,0.6336769759450172,0.4466911764705883,0.6719367588932806
1.0,0.3913043478260789,0.3333333333333357,0.6378006872852233,0.3492647058823529,0.06719367588932806
0.0,0.5978260869565162,0.6172839506172849,0.26116838487972527,0.6488970588235295,0.7826086956521738
0.5,0.7065217391304301,0.5061728395061778,0.5195876288659793,0.4963235294117647,0.47826086956521735
0.0,0.5326086956521721,0.4320987654321016,0.6859106529209624,0.31433823529411753,0.2964426877470355
0.0,0.8804347826086882,0.8148148148148167,0.1635738831615121,0.7720588235294119,0.2134387351778656
0.5,0.6956521739130395,0.5432098765432158,0.7903780068728525,0.26654411764705876,0.8300395256916996
1.0,0.5760869565217348,0.5308641975308674,0.4329896907216497,0.573529411764706,0.38339920948616596
1.0,0.5326086956521721,0.5679012345679055,0.329896907216495,0.5459558823529412,0.0
0.0,0.3369565217391255,0.3209876543209944,0.4192439862542958,0.49816176470588236,0.7272727272727272
0.5,0.4130434782608674,0.5679012345679055,0.9209621993127151,0.20588235294117638,0.9288537549407114
0.0,0.4021739130434767,0.518518518518519,0.6350515463917525,0.3897058823529411,0.3636363636363636
0.0,0.4782608695652115,0.44444444444444997,0.8398625429553266,0.23345588235294104,0.5098814229249011
0.0,0.21739130434782084,0.3209876543209944,0.3326460481099658,0.6488970588235295,0.0909090909090909
0.5,0.891304347826086,0.8888888888888857,0.6185567010309279,0.32352941176470584,0.5138339920948616
1.0,0.9239130434782581,0.8395061728395063,0.38350515463917545,0.6213235294117648,0.7826086956521738
0.5,0.5869565217391255,0.6790123456790127,0.8261168384879727,0.25183823529411753,0.24901185770750986
0.0,0.30434782608695343,0.2839506172839492,0.7367697594501719,0.33272058823529405,0.24110671936758893
0.5,0.30434782608695343,0.3580246913580325,0.33951890034364274,0.6158088235294118,0.1067193675889328
0.5,0.6086956521739069,0.6296296296296333,0.5924398625429554,0.3713235294117647,0.02766798418972332
0.0,0.5217391304347814,0.5061728395061778,0.3601374570446736,0.8069852941176472,0.17391304347826086
0.5,0.7934782608695627,0.7407407407407405,0.3601374570446736,0.7150735294117648,0.12648221343873517
0.0,0.5869565217391255,0.5308641975308674,0.3120274914089347,0.6470588235294119,0.3359683794466403
0.5,0.5434782608695627,0.7407407407407405,0.6570446735395188,0.2959558823529411,0.7826086956521738
0.5,0.6739130434782581,0.6172839506172849,0.34089347079037813,0.7426470588235295,0.2727272727272727
0.0,0.8260869565217348,0.827160493827158,0.5250859106529209,0.4430147058823529,0.7667984189723319
0.5,0.8043478260869534,0.7283950617283992,1.0,0.0,0.007905138339920948
0.0,0.7934782608695627,0.5679012345679055,0.42749140893470816,0.5073529411764706,0.4150197628458498
0.0,0.5326086956521721,0.518518518518519,0.5470790378006876,0.4338235294117647,0.6719367588932806
0.0,0.7717391304347743,0.7530864197530889,0.5154639175257731,0.33639705882352944,0.3794466403162055
0.0,0.3260869565217348,0.24691358024691112,0.5608247422680415,0.38602941176470584,0.6758893280632411
0.0,0.19565217391303946,0.3209876543209944,0.4508591065292098,0.6066176470588236,0.7509881422924901
0.0,0.3152173913043441,0.4074074074074119,1.0,0.018382352941176267,0.17786561264822134
0.0,0.5652173913043441,0.5925925925925952,0.2817869415807561,0.636029411764706,0.22134387351778656
0.5,0.5434782608695627,0.46913580246913966,0.32577319587628883,0.6727941176470589,0.3043478260869565
0.0,0.7717391304347743,0.654320987654323,0.35051546391752586,0.6139705882352943,0.7351778656126482
0.0,0.30434782608695343,0.23456790123456983,1.0,0.1378676470588234,0.7984189723320158
0.0,0.6195652173912976,0.6419753086419746,0.3573883161512028,0.5974264705882353,0.18577075098814227
0.0,0.4130434782608674,0.5925925925925952,0.4357388316151205,0.4595588235294117,0.1818181818181818
0.5,0.9021739130434767,0.7530864197530889,0.3477663230240551,0.5882352941176471,0.3992094861660079
0.0,0.09782608695651618,0.18518518518518334,0.4769759450171822,0.43566176470588236,0.15019762845849802
0.0,0.6521739130434767,0.654320987654323,0.5140893470790378,0.38235294117647056,0.3162055335968379
0.0,0.2608695652173836,0.23456790123456983,1.0,0.18566176470588222,0.26877470355731226
0.0,0.4782608695652115,0.6666666666666714,0.3725085910652921,0.5900735294117647,0.6877470355731224
0.0,0.4021739130434767,0.5679012345679055,0.3573883161512028,0.6158088235294118,0.691699604743083
0.5,0.6630434782608603,0.654320987654323,0.0907216494845362,0.7904411764705883,0.6007905138339921
0.5,0.9673913043478208,1.0,0.43024054982817894,0.5900735294117647,0.5375494071146245
0.0,0.6195652173912976,0.8148148148148167,0.5250859106529209,0.40625,0.4387351778656126
0.0,0.1630434782608674,0.2716049382716008,0.14158075601374587,0.8933823529411766,0.49407114624505927
0.0,0.7608695652173907,0.6419753086419746,1.0,0.1268382352941175,0.7509881422924901
1.0,0.38043478260869534,0.4074074074074119,0.4522336769759452,0.5698529411764706,0.5810276679841897
0.0,0.28260869565216495,0.5061728395061778,1.0,0.15624999999999986,0.11462450592885375
0.0,0.3913043478260789,0.3456790123456841,0.3587628865979382,0.7775735294117649,0.5533596837944663
0.0,0.7826086956521721,0.5679012345679055,0.48797250859106533,0.42647058823529416,0.2845849802371541
0.5,0.4239130434782581,0.3333333333333357,0.3134020618556701,0.6562500000000001,0.01976284584980237
0.0,0.9673913043478208,0.9506172839506135,0.779381443298969,0.2959558823529411,0.758893280632411
0.0,0.8260869565217348,0.790123456790127,0.22817869415807568,0.7702205882352944,0.34782608695652173
0.5,0.21739130434782084,0.2839506172839492,0.32302405498281805,0.5919117647058825,0.3043478260869565
0.5,0.2717391304347814,0.4197530864197603,0.3628865979381444,0.5477941176470589,0.06719367588932806
0.0,0.7499999999999929,0.7283950617283992,0.9676975945017183,0.13970588235294099,0.7984189723320158
0.0,0.9239130434782581,0.9259259259259238,0.49896907216494846,0.48897058823529416,0.6284584980237153
0.0,0.6630434782608603,0.5802469135802468,0.5374570446735398,0.42647058823529416,0.7747035573122529
0.5,0.29347826086956275,0.3703703703703738,0.3601374570446736,0.7187500000000001,0.18577075098814227
0.5,0.5543478260869534,0.44444444444444997,0.3340206185567012,0.5294117647058825,0.6324110671936758
0.5,0.7391304347826093,0.6296296296296333,0.4618556701030929,0.4540441176470589,0.1660079051383399
0.0,0.36956521739129755,0.5061728395061778,0.32164948453608244,0.7628676470588236,0.5059288537549407
0.5,0.3369565217391255,0.49382716049382935,0.9649484536082475,0.17830882352941166,0.6719367588932806
0.0,0.5652173913043441,0.46913580246913966,0.1195876288659794,0.9062500000000002,0.5454545454545454
0.0,0.28260869565216495,0.4074074074074119,0.5704467353951892,0.43933823529411775,0.4110671936758893
0.5,0.4130434782608674,0.6296296296296333,0.479725085910653,0.47058823529411764,0.7312252964426877
0.0,0.3913043478260789,0.3703703703703738,0.30378006872852237,0.5900735294117647,0.2727272727272727
0.5,0.30434782608695343,0.24691358024691112,0.6391752577319587,0.32904411764705876,0.5731225296442687
0.0,0.14130434782608603,0.23456790123456983,0.3999999999999999,0.5036764705882354,0.3794466403162055
0.0,0.5652173913043441,0.7160493827160508,0.20343642611683865,0.6783088235294119,0.21739130434782608
0.5,0.8804347826086882,0.8024691358024683,0.6144329896907217,0.42095588235294124,0.22134387351778656
0.0,0.3152173913043441,0.2592592592592595,0.8742268041237113,0.22610294117647048,0.4268774703557312
0.0,0.29347826086956275,0.23456790123456983,0.6680412371134024,0.2959558823529411,0.4861660079051383
1.0,0.9239130434782581,0.9259259259259238,0.4646048109965637,0.6268382352941178,0.608695652173913
0.5,0.9456521739130395,0.9382716049382722,0.33951890034364274,0.7352941176470589,0.32411067193675885
0.0,0.4021739130434767,0.5679012345679055,0.3697594501718213,0.6433823529411765,0.3913043478260869
1.0,0.5543478260869534,0.7654320987654302,0.3711340206185567,0.6231617647058825,0.16205533596837943
0.5,0.6956521739130395,0.654320987654323,0.5072164948453608,0.3805147058823529,0.5770750988142292
0.0,0.4347826086956488,0.5925925925925952,0.4632302405498283,0.4779411764705882,0.11857707509881422
0.5,0.6413043478260789,0.5432098765432158,0.17457044673539523,0.8051470588235297,0.1541501976284585
0.0,0.7826086956521721,0.8024691358024683,0.7835051546391756,0.22977941176470576,0.05533596837944664
0.0,0.44565217391303946,0.3703703703703738,0.29278350515463925,0.8069852941176472,0.40316205533596833
0.0,0.28260869565216495,0.4197530864197603,0.6199312714776632,0.4025735294117647,0.13043478260869565
0.0,0.4021739130434767,0.5308641975308674,0.5690721649484538,0.35110294117647056,0.20158102766798416
0.5,0.7282608695652115,0.6419753086419746,0.536082474226804,0.5974264705882353,0.7628458498023715
0.5,0.7173913043478208,0.6049382716049436,0.33539518900343657,0.6194852941176472,0.3517786561264822
0.5,0.19565217391303946,0.3456790123456841,0.4769759450171822,0.5386029411764707,0.3201581027667984
0.0,0.05434782608695343,0.07407407407407618,0.23230240549828185,0.7683823529411766,0.3438735177865612
0.5,0.4891304347826093,0.45679012345679126,0.32027491408934705,0.6488970588235295,0.5652173913043478
0.0,0.6739130434782581,0.5925925925925952,0.4948453608247423,0.42095588235294124,0.7826086956521738
1.0,0.5869565217391255,0.7654320987654302,0.22130584192439873,0.8529411764705885,0.47826086956521735
0.0,0.7499999999999929,0.6049382716049436,0.24467353951890036,0.6378676470588236,0.43083003952569165
0.5,0.18478260869564878,0.2716049382716008,0.5512027491408937,0.37683823529411753,0.5573122529644269
0.5,0.6413043478260789,0.5308641975308674,0.38075601374570445,0.6029411764705883,0.07114624505928853
1.0,0.5869565217391255,0.8148148148148167,0.38213058419243984,0.599264705882353,0.33992094861660077
0.0,0.5326086956521721,0.7283950617283992,0.25841924398625427,0.7481617647058825,0.5217391304347826
0.0,0.5760869565217348,0.654320987654323,0.5154639175257731,0.4025735294117647,0.3517786561264822
0.0,0.5869565217391255,0.5432098765432158,0.2859106529209623,0.698529411764706,0.2964426877470355
0.0,0.6630434782608603,0.5802469135802468,0.716151202749141,0.3272058823529411,0.43478260869565216
0.0,0.3369565217391255,0.4320987654321016,0.5704467353951892,0.4154411764705882,0.4426877470355731
0.0,0.5108695652173907,0.5802469135802468,0.2268041237113403,0.667279411764706,0.5177865612648221
0.5,0.7608695652173907,0.6419753086419746,0.816494845360825,0.21507352941176458,0.2885375494071146
0.5,0.5434782608695627,0.5555555555555571,0.3587628865979382,0.5863970588235295,0.8023715415019762
0.0,0.2391304347826022,0.44444444444444997,0.32439862542955344,0.5643382352941178,0.7707509881422925
1.0,0.5108695652173907,0.5925925925925952,0.536082474226804,0.43933823529411775,0.541501976284585
1.0,0.3369565217391255,0.24691358024691112,0.629553264604811,0.33639705882352944,0.6561264822134387
0.5,0.3260869565217348,0.4197530864197603,0.17594501718213063,0.8437500000000002,0.7944664031620553
0.5,0.6086956521739069,0.5925925925925952,0.7340206185567011,0.3033088235294117,0.12648221343873517
0.0,0.21739130434782084,0.3209876543209944,0.5250859106529209,0.44485294117647056,0.2134387351778656
1.0,0.8804347826086882,0.7654320987654302,0.32164948453608244,0.6838235294117648,0.2134387351778656
0.0,0.9021739130434767,0.9135802469135825,0.3120274914089347,0.5753676470588236,0.4743083003952569
0.0,0.7391304347826093,0.654320987654323,0.2515463917525773,0.6746323529411765,0.7747035573122529
1.0,0.5108695652173907,0.46913580246913966,0.779381443298969,0.2959558823529411,0.32411067193675885
0.0,0.20652173913043015,0.3580246913580325,0.541580756013746,0.3713235294117647,0.3320158102766798
0.5,0.5869565217391255,0.7407407407407405,1.0,0.11213235294117627,0.91699604743083
0.5,0.3478260869565162,0.44444444444444997,0.4398625429553267,0.568014705882353,0.7470355731225296
0.0,0.7391304347826093,0.6049382716049436,0.3725085910652921,0.5,0.02766798418972332
0.0,0.4891304347826093,0.5432098765432158,0.529209621993127,0.536764705882353,0.6996047430830039
0.0,0.5869565217391255,0.44444444444444997,0.35326460481099664,0.5974264705882353,0.3952569169960474
0.0,0.28260869565216495,0.23456790123456983,0.1786941580756014,0.7334558823529413,0.5217391304347826
0.5,0.38043478260869534,0.3333333333333357,0.5993127147766324,0.30698529411764697,0.05533596837944664
0.0,0.5326086956521721,0.46913580246913966,0.4494845360824744,0.36397058823529416,0.19367588932806323
0.0,0.45652173913043015,0.4197530864197603,0.9553264604810998,0.17830882352941166,0.31225296442687744
0.5,0.5652173913043441,0.45679012345679126,1.0,0.0643382352941175,0.23320158102766797
1.0,0.29347826086956275,0.20987654320987303,0.6020618556701032,0.41176470588235303,0.7707509881422925
0.0,0.29347826086956275,0.308641975308646,0.4756013745704468,0.46139705882352944,0.035573122529644265
0.0,0.8260869565217348,0.827160493827158,1.0,0.20404411764705868,0.9644268774703557
0.0,0.36956521739129755,0.3333333333333357,0.8000000000000003,0.23897058823529402,0.2845849802371541
0.0,0.17391304347825098,0.2716049382716008,0.36701030927835054,0.5294117647058825,0.5494071146245059
0.0,0.44565217391303946,0.4320987654321016,0.5443298969072168,0.4816176470588236,0.10276679841897232
0.0,0.5434782608695627,0.7407407407407405,0.20481099656357404,0.8033088235294119,0.02766798418972332
1.0,0.3913043478260789,0.3333333333333357,0.38625429553264623,0.5441176470588236,0.5889328063241106
0.0,0.29347826086956275,0.3580246913580325,0.5003436426116838,0.5477941176470589,0.2134387351778656
1.0,0.09782608695651618,0.16049382716049365,0.5140893470790378,0.511029411764706,0.11067193675889328
0.5,0.44565217391303946,0.4197530864197603,0.2529209621993127,0.5863970588235295,0.6798418972332015
0.0,0.38043478260869534,0.5061728395061778,0.5429553264604814,0.3841911764705883,0.5652173913043478
0.0,0.3260869565217348,0.3950617283950635,0.29003436426116846,0.7702205882352944,0.35968379446640314
0.0,0.6956521739130395,0.5432098765432158,0.35189003436426125,0.6875000000000001,0.2134387351778656
0.0,0.36956521739129755,0.5432098765432158,0.6982817869415809,0.3805147058823529,0.27667984189723316
0.5,0.7826086956521721,0.5925925925925952,0.4934707903780069,0.4779411764705882,0.5375494071146245
0.0,0.46739130434782794,0.5432098765432158,0.2969072164948454,0.6801470588235294,0.043478260869565216
0.0,0.5434782608695627,0.7530864197530889,0.389003436426117,0.5183823529411765,0.21739130434782608
0.0,0.5434782608695627,0.44444444444444997,0.6103092783505155,0.42647058823529416,0.6245059288537549
0.0,0.6195652173912976,0.46913580246913966,0.3601374570446736,0.6562500000000001,0.48221343873517786
0.0,0.6086956521739069,0.5925925925925952,0.6158075601374571,0.3805147058823529,0.09881422924901186
0.0,0.5760869565217348,0.6419753086419746,0.36426116838487976,0.5477941176470589,0.3992094861660079
1.0,0.6521739130434767,0.5432098765432158,0.4137457044673538,0.4944852941176472,0.7075098814229248
0.0,0.2608695652173836,0.20987654320987303,0.6529209621993126,0.43566176470588236,0.21739130434782608
0.0,0.19565217391303946,0.3333333333333357,0.4123711340206184,0.5808823529411765,0.7786561264822134
0.0,0.5108695652173907,0.7037037037037024,0.5993127147766324,0.4761029411764707,0.7312252964426877
0.5,0.3913043478260789,0.3580246913580325,0.5580756013745707,0.3805147058823529,0.5059288537549407
0.5,0.4782608695652115,0.3950617283950635,0.42611683848797277,0.5183823529411765,0.3438735177865612
0.0,0.5869565217391255,0.5925925925925952,0.38075601374570445,0.5202205882352942,0.7944664031620553
0.0,0.3913043478260789,0.5555555555555571,0.6254295532646048,0.44852941176470595,0.6996047430830039
0.0,0.30434782608695343,0.2962962962963047,0.3326460481099658,0.6066176470588236,0.28063241106719367
0.0,0.5217391304347814,0.44444444444444997,0.6680412371134024,0.3345588235294117,0.7944664031620553
0.0,0.7065217391304301,0.5308641975308674,0.30927835051546393,0.5900735294117647,0.8221343873517786
0.5,0.6739130434782581,0.6172839506172849,0.47010309278350526,0.42647058823529416,0.25296442687747034
0.5,0.25,0.3703703703703738,0.329896907216495,0.7720588235294119,0.5810276679841897
0.0,0.4891304347826093,0.45679012345679126,0.36838487972508593,0.7132352941176472,0.6245059288537549
1.0,0.5434782608695627,0.518518518518519,0.32577319587628883,0.7224264705882354,0.8102766798418972
0.5,0.21739130434782084,0.3950617283950635,0.8673539518900344,0.21507352941176458,0.541501976284585
0.0,0.6521739130434767,0.6049382716049436,0.43024054982817894,0.5165441176470589,0.225296442687747
1.0,0.36956521739129755,0.48148148148148806,0.8068728522336772,0.2591911764705881,0.2885375494071146
1.0,0.4999999999999929,0.7037037037037024,0.4522336769759452,0.44485294117647056,0.6403162055335968
0.0,0.5652173913043441,0.5679012345679055,0.23092783505154646,0.8143382352941178,0.11462450592885375
0.0,0.7282608695652115,0.6296296296296333,0.8233676975945019,0.2683823529411764,0.043478260869565216
0.0,0.44565217391303946,0.6172839506172849,0.5264604810996563,0.5220588235294119,0.011857707509881422
0.0,0.7065217391304301,0.5555555555555571,0.39725085910652913,0.5073529411764706,0.8418972332015809
0.0,0.21739130434782084,0.3456790123456841,0.8192439862542957,0.3308823529411764,0.5849802371541502
0.5,0.3913043478260789,0.48148148148148806,0.36563573883161515,0.5698529411764706,0.7114624505928854
0.0,0.6413043478260789,0.518518518518519,0.6529209621993126,0.36948529411764697,0.6758893280632411
0.5,0.05434782608695343,0.07407407407407618,0.37938144329896906,0.6011029411764707,0.30039525691699603
0.0,0.17391304347825098,0.24691358024691112,0.35189003436426125,0.5606617647058824,0.4743083003952569
0.0,0.3152173913043441,0.4074074074074119,0.33676975945017196,0.7757352941176472,0.5731225296442687
0.5,0.7282608695652115,0.5802469135802468,0.9072164948453612,0.24816176470588228,0.32411067193675885
0.5,0.5652173913043441,0.5308641975308674,0.3271477663230242,0.6875000000000001,0.4703557312252964
0.0,0.5543478260869534,0.48148148148148806,0.3628865979381444,0.5863970588235295,0.758893280632411
0.0,0.4999999999999929,0.46913580246913966,0.8398625429553266,0.244485294117647,0.6679841897233201
0.5,0.20652173913043015,0.2716049382716008,0.5127147766323024,0.42095588235294124,0.6679841897233201
0.0,0.19565217391303946,0.308641975308646,0.3560137457044674,0.5955882352941178,0.5375494071146245
0.5,0.3152173913043441,0.2716049382716008,0.32302405498281805,0.5937500000000001,0.7628458498023715
0.0,0.8260869565217348,0.8024691358024683,0.47010309278350526,0.5257352941176471,0.37154150197628455
0.5,0.8260869565217348,0.827160493827158,0.6749140893470793,0.37316176470588236,0.6007905138339921
0.5,0.28260869565216495,0.19753086419753174,0.3463917525773197,0.6433823529411765,0.6758893280632411
1.0,0.7608695652173907,0.5432098765432158,0.7147766323024056,0.32352941176470584,0.45454545454545453
0.0,0.5108695652173907,0.7037037037037024,0.4673539518900345,0.46691176470588247,0.07114624505928853
1.0,0.6847826086956488,0.5925925925925952,0.5965635738831616,0.3584558823529411,0.007905138339920948
0.0,0.29347826086956275,0.308641975308646,0.6089347079037801,0.3272058823529411,0.7707509881422925
0.0,0.3913043478260789,0.49382716049382935,0.38625429553264623,0.661764705882353,0.5810276679841897
0.0,0.22826086956521152,0.3827160493827222,0.4041237113402061,0.6783088235294119,0.5217391304347826
0.0,0.5652173913043441,0.7037037037037024,0.3766323024054983,0.6286764705882354,0.20948616600790512
0.0,0.8043478260869534,0.6790123456790127,0.5182130584192439,0.4099264705882353,0.5059288537549407
0.0,0.5108695652173907,0.49382716049382935,0.5745704467353954,0.4595588235294117,0.40711462450592883
0.0,0.20652173913043015,0.2716049382716008,0.3752577319587629,0.5,0.7707509881422925
0.0,0.8152173913043441,0.8024691358024683,0.3986254295532645,0.7022058823529412,0.1660079051383399
0.0,0.7826086956521721,0.5679012345679055,0.5828178694158077,0.36397058823529416,0.6877470355731224
0.0,0.3913043478260789,0.5308641975308674,0.43161512027491433,0.5202205882352942,0.32411067193675885
0.0,0.7717391304347743,0.5555555555555571,1.0,0.058823529411764525,0.608695652173913
0.0,0.9565217391304373,0.9382716049382722,0.3711340206185567,0.6011029411764707,0.7430830039525691
0.0,0.5869565217391255,0.8148148148148167,0.5621993127147769,0.375,0.3952569169960474
0.0,0.7173913043478208,0.5925925925925952,0.4247422680412374,0.5441176470588236,0.5059288537549407
0.0,0.7826086956521721,0.7160493827160508,0.48522336769759455,0.5753676470588236,0.14624505928853754
0.0,0.7717391304347743,0.6666666666666714,0.6652920962199316,0.3878676470588235,0.5494071146245059
0.0,0.35869565217391397,0.49382716049382935,0.17319587628865984,0.8566176470588236,0.4110671936758893
1.0,0.6739130434782581,0.6296296296296333,0.5814432989690723,0.3088235294117647,0.13043478260869565
0.5,0.4130434782608674,0.46913580246913966,0.23505154639175263,0.6507352941176472,0.33992094861660077
0.0,0.05434782608695343,0.11111111111111427,0.622680412371134,0.34558823529411764,0.37549407114624506
0.5,0.9456521739130395,0.864197530864196,0.39587628865979374,0.7058823529411766,0.6324110671936758
1.0,0.8043478260869534,0.5925925925925952,0.5498281786941583,0.4430147058823529,0.11067193675889328
0.5,0.9565217391304373,0.9753086419753103,0.3752577319587629,0.568014705882353,0.5177865612648221
0.0,0.30434782608695343,0.518518518518519,0.6515463917525772,0.32352941176470584,0.2292490118577075
0.5,0.29347826086956275,0.3703703703703738,0.42749140893470816,0.8400735294117649,0.6956521739130435
0.0,0.7717391304347743,0.7530864197530889,0.4467353951890036,0.47058823529411764,0.5217391304347826
1.0,0.9021739130434767,0.7654320987654302,0.5168384879725085,0.4466911764705883,0.34782608695652173
0.5,0.7173913043478208,0.654320987654323,0.6460481099656357,0.4154411764705882,0.458498023715415
0.0,0.3369565217391255,0.48148148148148806,0.4247422680412374,0.4191176470588236,0.3992094861660079
0.0,0.3260869565217348,0.4197530864197603,0.3697594501718213,0.4632352941176471,0.3675889328063241
0.0,0.2391304347826022,0.4197530864197603,0.6089347079037801,0.31985294117647056,0.83399209486166
1.0,0.29347826086956275,0.2592592592592595,0.5773195876288661,0.4154411764705882,0.450592885375494
0.5,0.38043478260869534,0.5061728395061778,0.2872852233676977,0.6764705882352943,0.1067193675889328
0.0,0.36956521739129755,0.3456790123456841,0.42886597938144355,0.5404411764705883,0.2292490118577075
1.0,0.36956521739129755,0.49382716049382935,0.5457044673539522,0.4871323529411764,0.37154150197628455
0.0,0.38043478260869534,0.3209876543209944,0.6405498281786941,0.2775735294117646,0.04743083003952569
0.5,0.8043478260869534,0.6296296296296333,0.5319587628865978,0.4283088235294118,0.13833992094861658
0.5,0.21739130434782084,0.3456790123456841,0.48384879725085916,0.5441176470588236,0.6758893280632411
0.0,0.38043478260869534,0.3950617283950635,0.3161512027491409,0.7113970588235295,0.0
0.5,0.5978260869565162,0.6790123456790127,0.270790378006873,0.7150735294117648,0.4387351778656126
0.0,0.7282608695652115,0.6419753086419746,0.38213058419243984,0.573529411764706,0.25296442687747034
0.5,0.6304347826086953,0.6049382716049436,0.42749140893470816,0.5202205882352942,0.2845849802371541
0.5,0.5869565217391255,0.6296296296296333,0.40824742268041225,0.5955882352941178,0.3636363636363636
0.0,0.9565217391304373,0.9382716049382722,0.7752577319587628,0.28860294117647056,0.5217391304347826
1.0,0.2608695652173836,0.3333333333333357,0.1649484536082475,0.6746323529411765,0.35968379446640314
1.0,0.4239130434782581,0.6049382716049436,0.7367697594501719,0.3272058823529411,0.6324110671936758
1.0,0.7391304347826093,0.654320987654323,0.7711340206185566,0.244485294117647,0.8300395256916996
0.0,0.46739130434782794,0.4320987654321016,0.5965635738831616,0.4503676470588235,0.12252964426877469
0.0,0.4347826086956488,0.3456790123456841,0.47010309278350526,0.599264705882353,0.2845849802371541
0.0,0.6086956521739069,0.6913580246913611,0.6116838487972509,0.3658088235294118,0.6719367588932806
0.5,0.45652173913043015,0.4197530864197603,0.34914089347079047,0.5974264705882353,0.40711462450592883
0.0,0.22826086956521152,0.4320987654321016,0.3463917525773197,0.6029411764705883,0.7628458498023715
0.5,0.2608695652173836,0.3950617283950635,0.49896907216494846,0.6525735294117647,0.3320158102766798
0.5,0.2717391304347814,0.45679012345679126,0.4494845360824744,0.43566176470588236,0.5217391304347826
0.0,0.5978260869565162,0.7407407407407405,0.7051546391752579,0.3400735294117647,0.8735177865612648
0.5,0.5108695652173907,0.5802469135802468,0.2982817869415808,0.7224264705882354,0.5059288537549407
0.5,0.19565217391303946,0.3580246913580325,0.7546391752577319,0.3400735294117647,0.24110671936758893
0.0,0.09782608695651618,0.14814814814814525,0.4920962199312715,0.40625,0.5533596837944663
0.0,0.7499999999999929,0.7037037037037024,0.30515463917525776,0.6488970588235295,0.15810276679841895
0.0,0.22826086956521152,0.2839506172839492,0.29553264604811,0.6139705882352943,0.7430830039525691
1.0,0.7717391304347743,0.7654320987654302,0.2721649484536084,0.6341911764705883,0.6403162055335968
0.0,0.21739130434782084,0.3209876543209944,0.1938144329896907,0.8952205882352944,0.22134387351778656
0.5,0.6956521739130395,0.6049382716049436,0.29140893470790385,0.6066176470588236,0.27667984189723316
0.0,0.8586956521739069,0.7037037037037024,0.4756013745704468,0.5220588235294119,0.9090909090909091
0.0,0.45652173913043015,0.4197530864197603,0.25979381443298966,0.6341911764705883,0.41897233201581024
0.0,0.5869565217391255,0.6172839506172849,0.4659793814432991,0.6121323529411765,0.826086956521739
0.5,0.4239130434782581,0.5802469135802468,0.3120274914089347,0.7830882352941178,0.30039525691699603
0.0,0.5326086956521721,0.4320987654321016,0.361512027491409,0.7077205882352942,0.225296442687747
0.5,0.36956521739129755,0.3580246913580325,0.7615120274914089,0.21874999999999986,0.25296442687747034
0.0,0.4347826086956488,0.3580246913580325,0.43161512027491433,0.4558823529411765,0.5217391304347826
0.0,0.36956521739129755,0.518518518518519,0.40824742268041225,0.4944852941176472,0.2845849802371541
1.0,0.22826086956521152,0.308641975308646,0.57319587628866,0.6139705882352943,0.14624505928853754
0.0,0.8152173913043441,0.8024691358024683,0.43024054982817894,0.5036764705882354,0.9090909090909091
0.0,0.6195652173912976,0.48148148148148806,0.7642611683848797,0.28125,0.525691699604743
0.5,0.8804347826086882,0.7530864197530889,1.0,0.10110294117647042,0.8181818181818181
0.0,0.44565217391303946,0.3827160493827222,0.30515463917525776,0.8125000000000002,0.3636363636363636
0.0,0.4021739130434767,0.5679012345679055,0.4219931271477666,0.5441176470588236,0.3675889328063241
0.0,0.6847826086956488,0.5925925925925952,0.5841924398625431,0.39889705882352944,0.40316205533596833
0.0,0.6847826086956488,0.6172839506172849,0.29140893470790385,0.7169117647058825,0.8537549407114624
0.0,0.5326086956521721,0.7037037037037024,0.5498281786941583,0.5183823529411765,0.12648221343873517
0.0,0.22826086956521152,0.3209876543209944,0.4329896907216497,0.4779411764705882,0.0909090909090909
0.0,0.3478260869565162,0.46913580246913966,0.5512027491408937,0.5183823529411765,0.6047430830039525
0.5,0.7282608695652115,0.5802469135802468,0.060481099656357395,0.786764705882353,0.31225296442687744
0.0,0.6847826086956488,0.654320987654323,0.4357388316151205,0.5018382352941178,0.5612648221343873
0.0,0.2391304347826022,0.3950617283950635,0.30515463917525776,0.5845588235294119,0.5533596837944663
0.0,0.4347826086956488,0.3827160493827222,0.2378006872852234,0.641544117647059,0.7865612648221343
0.5,0.8478260869565233,0.8148148148148167,0.6254295532646048,0.34558823529411764,0.3992094861660079
0.0,0.4130434782608674,0.5555555555555571,0.2529209621993127,0.7352941176470589,0.16205533596837943
1.0,0.1521739130434696,0.2716049382716008,0.5649484536082476,0.3786764705882353,0.1976284584980237
0.0,0.4239130434782581,0.6049382716049436,0.4536082474226806,0.5202205882352942,0.34782608695652173
0.5,0.10869565217390686,0.20987654320987303,1.0,0.11580882352941166,0.26482213438735175
0.0,0.9130434782608674,0.9012345679012341,0.39587628865979374,0.6011029411764707,0.20158102766798416
0.5,0.22826086956521152,0.3209876543209944,0.50446735395189,0.4007352941176471,0.20158102766798416
0.0,0.5108695652173907,0.4197530864197603,0.361512027491409,0.599264705882353,0.3557312252964427
0.0,0.7173913043478208,0.6172839506172849,0.32577319587628883,0.661764705882353,0.308300395256917
0.5,0.5760869565217348,0.5308641975308674,0.5140893470790378,0.3878676470588235,0.3952569169960474
0.5,0.7608695652173907,0.7037037037037024,1.0,0.19117647058823514,0.09881422924901186
0.5,0.29347826086956275,0.3703703703703738,0.36838487972508593,0.6507352941176472,0.7944664031620553
0.5,0.38043478260869534,0.44444444444444997,0.6185567010309279,0.4099264705882353,0.683794466403162
0.0,0.2717391304347814,0.24691358024691112,0.4632302405498283,0.4944852941176472,0.09881422924901186
0.0,0.5869565217391255,0.5802469135802468,0.34089347079037813,0.9007352941176472,0.826086956521739
0.5,0.14130434782608603,0.24691358024691112,0.4206185567010312,0.7316176470588237,0.3992094861660079
0.5,0.5543478260869534,0.49382716049382935,0.2735395189003438,0.7058823529411766,0.5652173913043478
0.0,0.45652173913043015,0.3580246913580325,0.6927835051546394,0.3253676470588235,0.6996047430830039
0.0,0.6847826086956488,0.6296296296296333,1.0,0.16544117647058812,0.5849802371541502
0.0,0.4239130434782581,0.3456790123456841,0.5168384879725085,0.5294117647058825,0.5770750988142292
0.0,0.5869565217391255,0.6790123456790127,0.3903780068728524,0.5808823529411765,0.13043478260869565
0.0,0.4347826086956488,0.3580246913580325,0.27903780068728534,0.693014705882353,0.5375494071146245
0.0,0.20652173913043015,0.3580246913580325,0.45635738831615136,0.4466911764705883,0.6363636363636364
0.5,0.7608695652173907,0.6790123456790127,0.3931271477663232,0.5698529411764706,0.4426877470355731
0.5,0.45652173913043015,0.4074074074074119,0.5965635738831616,0.3400735294117647,0.8300395256916996
0.0,0.4130434782608674,0.46913580246913966,0.47285223367697604,0.4816176470588236,0.2964426877470355
0.0,0.3913043478260789,0.518518518518519,0.5828178694158077,0.3529411764705882,0.23715415019762845
0.0,0.46739130434782794,0.6419753086419746,0.5017182130584192,0.3492647058823529,0.35968379446640314
0.0,0.38043478260869534,0.5432098765432158,0.666666666666667,0.3216911764705882,0.4703557312252964
0.0,0.2717391304347814,0.22222222222222143,0.5676975945017184,0.37316176470588236,0.458498023715415
0.0,0.2608695652173836,0.18518518518518334,0.6872852233676978,0.4595588235294117,0.01976284584980237
0.5,0.3913043478260789,0.4320987654321016,0.33539518900343657,0.5753676470588236,0.5533596837944663
0.0,0.4782608695652115,0.4197530864197603,0.4192439862542958,0.48897058823529416,0.49407114624505927
0.0,0.4130434782608674,0.6049382716049436,0.21718213058419256,0.6783088235294119,0.308300395256917
0.5,0.7608695652173907,0.7530864197530889,0.37800687285223367,0.5625,0.691699604743083
0.5,0.5217391304347814,0.48148148148148806,0.6281786941580756,0.4632352941176471,0.1818181818181818
0.0,0.3152173913043441,0.23456790123456983,0.27491408934707917,0.7169117647058825,0.01976284584980237
1.0,0.6630434782608603,0.5925925925925952,0.3477663230240551,0.5698529411764706,0.7193675889328063
0.5,0.20652173913043015,0.3456790123456841,0.4384879725085913,0.6268382352941178,0.683794466403162
0.0,0.4239130434782581,0.6049382716049436,0.5030927835051546,0.4944852941176472,0.32806324110671936
0.0,0.6630434782608603,0.6172839506172849,0.5800687285223369,0.43198529411764697,0.16996047430830039
0.5,0.7608695652173907,0.6913580246913611,0.23505154639175263,0.698529411764706,0.4861660079051383
0.5,0.38043478260869534,0.3580246913580325,0.5539518900343645,0.3841911764705883,0.24110671936758893
0.0,0.4130434782608674,0.6049382716049436,0.29140893470790385,0.5863970588235295,0.6719367588932806
0.5,0.6086956521739069,0.5802469135802468,0.5608247422680415,0.5073529411764706,0.3636363636363636
0.5,0.18478260869564878,0.2716049382716008,0.34914089347079047,0.7389705882352943,0.45454545454545453
0.0,0.7717391304347743,0.6172839506172849,0.26666666666666683,0.7720588235294119,0.6126482213438734
0.5,0.5326086956521721,0.5061728395061778,0.3106529209621993,0.636029411764706,0.08300395256916995
0.0,0.9565217391304373,0.9259259259259238,0.2721649484536084,0.6213235294117648,0.13833992094861658
0.5,0.5869565217391255,0.5925925925925952,0.5855670103092785,0.3345588235294117,0.7747035573122529
0.0,0.9239130434782581,0.8518518518518547,0.5457044673539522,0.42647058823529416,0.7075098814229248
0.0,0.30434782608695343,0.3827160493827222,0.3628865979381444,0.5625,0.26877470355731226
0.0,0.7282608695652115,0.6419753086419746,0.5443298969072168,0.4816176470588236,0.05928853754940711
0.0,0.6086956521739069,0.6172839506172849,0.7862542955326464,0.22977941176470576,0.6482213438735177
0.5,0.6739130434782581,0.5925925925925952,0.6103092783505155,0.3125,0.5849802371541502
0.5,0.7173913043478208,0.6419753086419746,0.3450171821305843,0.641544117647059,0.07905138339920947
0.0,0.3369565217391255,0.3950617283950635,0.45773195876288675,0.6838235294117648,0.8023715415019762
0.0,0.7065217391304301,0.654320987654323,0.211683848797251,0.7389705882352943,0.6561264822134387
0.0,0.1630434782608674,0.2839506172839492,0.27903780068728534,0.7665441176470589,0.33992094861660077
0.0,0.22826086956521152,0.3209876543209944,0.41786941580756043,0.6011029411764707,0.007905138339920948
0.0,0.7717391304347743,0.6790123456790127,0.38487972508591084,0.693014705882353,0.20948616600790512
0.0,0.35869565217391397,0.518518518518519,0.25841924398625427,0.8584558823529413,0.13438735177865613
0.5,0.5326086956521721,0.5679012345679055,0.5841924398625431,0.4283088235294118,0.14229249011857706
0.5,0.5978260869565162,0.6296296296296333,0.4027491408934707,0.5238970588235294,0.20948616600790512
0.0,0.4239130434782581,0.3333333333333357,0.7463917525773196,0.2959558823529411,0.7786561264822134
0.0,0.7499999999999929,0.6172839506172849,0.548453608247423,0.4338235294117647,0.3952569169960474
0.0,0.6630434782608603,0.6049382716049436,1.0,0.0955882352941175,0.3913043478260869
1.0,0.5869565217391255,0.5555555555555571,0.42749140893470816,0.7261029411764707,0.035573122529644265
0.0,0.5652173913043441,0.6296296296296333,0.46872852233676987,0.3713235294117647,0.6047430830039525
0.0,0.44565217391303946,0.3703703703703738,0.47285223367697604,0.44852941176470595,0.4980237154150197
0.0,0.6847826086956488,0.6419753086419746,0.5085910652920962,0.5073529411764706,0.05138339920948616
0.0,0.7717391304347743,0.7530864197530889,0.423367697594502,0.6213235294117648,0.43478260869565216
1.0,0.7499999999999929,0.6296296296296333,0.3147766323024055,0.6397058823529412,0.043478260869565216
0.5,0.5543478260869534,0.49382716049382935,0.5209621993127147,0.4632352941176471,0.7154150197628458
1.0,0.3369565217391255,0.3950617283950635,0.5621993127147769,0.4466911764705883,0.0
1.0,0.4239130434782581,0.4197530864197603,0.3326460481099658,0.630514705882353,0.035573122529644265
0.0,0.5978260869565162,0.5679012345679055,0.29553264604811,0.6213235294117648,0.07509881422924901
1.0,0.5543478260869534,0.48148148148148806,0.5539518900343645,0.38235294117647056,0.4980237154150197
0.0,0.25,0.3209876543209944,0.48797250859106533,0.4908088235294118,0.541501976284585
0.0,0.38043478260869534,0.49382716049382935,0.2831615120274915,0.8419117647058825,0.4861660079051383
0.0,0.6086956521739069,0.48148148148148806,0.2969072164948454,0.5441176470588236,0.5177865612648221
1.0,0.7608695652173907,0.5555555555555571,0.4646048109965637,0.38602941176470584,0.16996047430830039
0.0,0.7173913043478208,0.6049382716049436,0.5567010309278353,0.4375,0.05928853754940711
1.0,0.5326086956521721,0.7160493827160508,0.35463917525773203,0.5790441176470589,0.2885375494071146
0.0,0.3369565217391255,0.2839506172839492,0.5539518900343645,0.4522058823529411,0.1976284584980237
0.5,0.2391304347826022,0.3827160493827222,0.41649484536082504,0.7261029411764707,0.6007905138339921
0.0,0.4782608695652115,0.4320987654321016,0.32027491408934705,0.7591911764705884,0.46640316205533594
0.0,0.3152173913043441,0.3703703703703738,0.6006872852233678,0.3051470588235293,0.18577075098814227
0.0,0.7065217391304301,0.6172839506172849,0.7037800687285225,0.36029411764705876,0.30039525691699603
0.0,0.46739130434782794,0.4197530864197603,0.3285223367697596,0.6948529411764707,0.3359683794466403
0.0,0.4130434782608674,0.6049382716049436,0.8934707903780068,0.20772058823529402,0.683794466403162
0.5,0.8804347826086882,0.864197530864196,0.5855670103092785,0.3676470588235293,0.31225296442687744
0.0,0.8804347826086882,0.8148148148148167,0.6804123711340209,0.3878676470588235,0.308300395256917
0.0,0.891304347826086,0.7530864197530889,1.0,0.1672794117647057,0.7707509881422925
0.0,0.8369565217391255,0.8148148148148167,0.42886597938144355,0.5257352941176471,0.49407114624505927
0.0,0.5869565217391255,0.48148148148148806,0.7766323024054982,0.22058823529411756,0.3359683794466403
0.0,0.2608695652173836,0.4197530864197603,0.36701030927835054,0.4779411764705882,0.6521739130434783
0.5,0.6413043478260789,0.5432098765432158,0.684536082474227,0.40625,0.14624505928853754
0.5,0.4347826086956488,0.3456790123456841,0.34914089347079047,0.599264705882353,0.14624505928853754
0.0,0.30434782608695343,0.44444444444444997,0.37800687285223367,0.5974264705882353,0.27667984189723316
0.0,0.6086956521739069,0.6172839506172849,0.30790378006872854,0.5772058823529412,0.38339920948616596
0.0,0.38043478260869534,0.3456790123456841,0.4934707903780069,0.43014705882352944,0.011857707509881422
0.5,0.7608695652173907,0.654320987654323,0.48522336769759455,0.40441176470588225,0.2845849802371541
0.0,0.5869565217391255,0.518518518518519,0.834364261168385,0.25367647058823517,0.5889328063241106
0.5,0.7065217391304301,0.6419753086419746,0.1800687285223368,0.8750000000000002,0.18972332015810275
0.0,0.6195652173912976,0.7037037037037024,0.43024054982817894,0.4540441176470589,0.7628458498023715
0.5,0.2391304347826022,0.3580246913580325,0.24604810996563575,0.8125000000000002,0.5217391304347826
0.5,0.38043478260869534,0.5555555555555571,0.4934707903780069,0.33823529411764697,0.40316205533596833
0.5,0.3369565217391255,0.4197530864197603,0.4907216494845361,0.4871323529411764,0.33992094861660077
1.0,0.8043478260869534,0.790123456790127,0.42611683848797277,0.42647058823529416,0.7549407114624506
0.5,0.5978260869565162,0.6172839506172849,0.4329896907216497,0.5147058823529411,0.11067193675889328
0.0,0.5652173913043441,0.49382716049382935,0.2969072164948454,0.6580882352941178,0.5573122529644269
0.5,0.7173913043478208,0.6419753086419746,0.3752577319587629,0.568014705882353,0.0
0.0,0.6739130434782581,0.6419753086419746,0.4137457044673538,0.5863970588235295,0.6482213438735177
0.0,0.3913043478260789,0.3580246913580325,1.0,0.10845588235294099,0.1067193675889328
0.0,0.6195652173912976,0.8024691358024683,0.28041237113402073,0.6286764705882354,0.23320158102766797
0.0,0.25,0.3333333333333357,0.629553264604811,0.36029411764705876,0.5138339920948616
0.0,0.5434782608695627,0.48148148148148806,0.21718213058419256,0.7279411764705883,0.225296442687747
0.5,0.5434782608695627,0.7037037037037024,0.27903780068728534,0.6875000000000001,0.43083003952569165
0.5,0.30434782608695343,0.2592592592592595,0.6432989690721649,0.43933823529411775,0.20158102766798416
0.5,0.5869565217391255,0.46913580246913966,0.38075601374570445,0.6176470588235294,0.09486166007905138
0.0,0.2391304347826022,0.3580246913580325,0.5195876288659793,0.38602941176470584,0.5494071146245059
0.0,0.6630434782608603,0.6666666666666714,0.4137457044673538,0.4430147058823529,0.525691699604743
0.0,0.5652173913043441,0.7037037037037024,0.6089347079037801,0.3658088235294118,0.17391304347826086
0.0,0.6195652173912976,0.5308641975308674,0.42886597938144355,0.5643382352941178,0.08300395256916995
0.5,0.5434782608695627,0.5308641975308674,0.5072164948453608,0.4540441176470589,0.023715415019762844
0.0,0.6739130434782581,0.5802469135802468,0.6336769759450172,0.3915441176470589,0.5968379446640316
0.5,0.9021739130434767,0.7530864197530889,0.3628865979381444,0.5459558823529412,0.592885375494071
0.5,0.9021739130434767,0.827160493827158,0.4618556701030929,0.6746323529411765,0.43083003952569165
0.0,0.45652173913043015,0.4320987654321016,0.7175257731958764,0.30147058823529405,0.4268774703557312
0.0,0.8152173913043441,0.6666666666666714,0.7601374570446735,0.3161764705882353,0.3438735177865612
0.0,0.6413043478260789,0.654320987654323,0.6900343642611686,0.3713235294117647,0.7905138339920948
0.0,0.4130434782608674,0.5432098765432158,0.9979381443298969,0.13419117647058812,0.41897233201581024
0.0,0.3478260869565162,0.3209876543209944,0.22817869415807568,0.6801470588235294,0.7351778656126482
0.5,0.7065217391304301,0.6666666666666714,0.3120274914089347,0.5845588235294119,0.6758893280632411
0.0,0.8043478260869534,0.6419753086419746,0.3120274914089347,0.6525735294117647,0.3162055335968379
0.0,0.7173913043478208,0.6296296296296333,0.548453608247423,0.4871323529411764,0.035573122529644265
0.0,0.6847826086956488,0.6049382716049436,0.42611683848797277,0.4375,0.8616600790513833
0.5,0.9347826086956488,0.9259259259259238,0.6268041237113402,0.4963235294117647,0.4229249011857707
0.0,0.3478260869565162,0.4320987654321016,1.0,0.1360294117647057,0.450592885375494
0.0,0.6739130434782581,0.5925925925925952,0.28041237113402073,0.573529411764706,0.8023715415019762
0.0,0.5217391304347814,0.49382716049382935,0.2515463917525773,0.8345588235294119,0.6126482213438734
0.5,0.7826086956521721,0.5925925925925952,0.4659793814432991,0.5036764705882354,0.7944664031620553
0.5,0.5978260869565162,0.49382716049382935,0.12371134020618557,0.7738970588235294,0.6640316205533596
0.0,0.46739130434782794,0.4074074074074119,0.4907216494845361,0.5514705882352942,0.6324110671936758
0.0,0.19565217391303946,0.2592592592592595,0.3573883161512028,0.568014705882353,0.7075098814229248
0.0,0.1630434782608674,0.20987654320987303,0.5237113402061855,0.6525735294117647,0.4150197628458498
0.0,0.3913043478260789,0.6049382716049436,0.2680412371134022,0.7316176470588237,0.7509881422924901
0.0,0.17391304347825098,0.3333333333333357,0.30515463917525776,0.5330882352941176,0.7272727272727272
0.5,0.5652173913043441,0.518518518518519,0.2405498281786942,0.9356617647058827,0.49011857707509876
1.0,0.5978260869565162,0.6666666666666714,0.7285223367697595,0.22058823529411756,0.616600790513834
0.0,0.9239130434782581,0.8888888888888857,0.2735395189003438,0.6819852941176472,0.758893280632411
0.0,0.3369565217391255,0.308641975308646,0.4948453608247423,0.43014705882352944,0.7747035573122529
0.5,0.3913043478260789,0.5432098765432158,0.5237113402061855,0.5036764705882354,0.2569169960474308
1.0,0.6847826086956488,0.6419753086419746,0.3450171821305843,0.6875000000000001,0.20158102766798416
0.0,0.38043478260869534,0.49382716049382935,0.35189003436426125,0.6764705882352943,0.5098814229249011
0.0,0.3913043478260789,0.5555555555555571,0.44398625429553285,0.5937500000000001,0.3992094861660079
0.0,0.6630434782608603,0.5925925925925952,0.6584192439862542,0.37683823529411753,0.3359683794466403
0.0,0.5217391304347814,0.6049382716049436,0.2831615120274915,0.599264705882353,0.4703557312252964
0.5,0.9021739130434767,0.8765432098765444,0.9030927835051545,0.22794117647058812,0.11462450592885375
0.0,0.6739130434782581,0.6419753086419746,0.31890034364261166,0.698529411764706,0.007905138339920948
0.0,0.05434782608695343,0.09876543209876587,0.26116838487972527,0.6691176470588237,0.24901185770750986
0.5,0.8260869565217348,0.8024691358024683,0.17044673539518906,0.7647058823529413,0.5375494071146245
0.5,0.7173913043478208,0.48148148148148806,0.5264604810996563,0.4007352941176471,0.83399209486166
1.0,0.6086956521739069,0.6296296296296333,0.4247422680412374,0.47058823529411764,0.12252964426877469
1.0,0.5760869565217348,0.6172839506172849,0.45773195876288675,0.5974264705882353,0.691699604743083
1.0,0.7499999999999929,0.7283950617283992,0.5855670103092785,0.4411764705882353,0.32411067193675885
0.5,0.3913043478260789,0.5432098765432158,0.6694158075601377,0.34375,0.6798418972332015
0.5,0.22826086956521152,0.3209876543209944,0.32577319587628883,0.7150735294117648,0.4268774703557312
0.0,0.5978260869565162,0.6419753086419746,0.19656357388316148,0.7904411764705883,0.46640316205533594
0.0,0.4239130434782581,0.3333333333333357,0.9250859106529212,0.18382352941176458,0.15810276679841895
1.0,0.2391304347826022,0.3580246913580325,0.43024054982817894,0.4779411764705882,0.05533596837944664
0.0,0.6413043478260789,0.7283950617283992,0.4027491408934707,0.7371323529411765,0.8221343873517786
1.0,0.6195652173912976,0.5432098765432158,0.8082474226804126,0.32904411764705876,0.007905138339920948
0.5,0.6413043478260789,0.6172839506172849,0.5154639175257731,0.36948529411764697,0.15810276679841895
0.0,0.3152173913043441,0.3950617283950635,0.7079037800687287,0.3474264705882353,0.2924901185770751
0.5,0.5869565217391255,0.7160493827160508,0.5512027491408937,0.4338235294117647,0.07905138339920947
0.5,0.5543478260869534,0.49382716049382935,0.5099656357388316,0.45772058823529416,0.616600790513834
0.0,0.7173913043478208,0.654320987654323,0.39450171821305835,0.6102941176470589,0.11462450592885375
0.0,0.44565217391303946,0.4197530864197603,0.18694158075601375,0.693014705882353,0.6047430830039525
0.0,0.9021739130434767,0.8765432098765444,0.7326460481099657,0.3308823529411764,0.04743083003952569
0.0,0.8586956521739069,0.7037037037037024,0.2515463917525773,0.7536764705882354,0.03162055335968379
0.0,0.4021739130434767,0.3703703703703738,0.4659793814432991,0.4540441176470589,0.5296442687747035
0.0,0.2391304347826022,0.3580246913580325,0.4756013745704468,0.4430147058823529,0.5296442687747035
0.0,0.44565217391303946,0.3580246913580325,0.7945017182130587,0.25735294117647045,0.4229249011857707
0.5,0.2717391304347814,0.20987654320987303,1.0,0.2113970588235293,0.5098814229249011
0.0,0.3913043478260789,0.3209876543209944,0.3628865979381444,0.6636029411764707,0.15019762845849802
1.0,0.38043478260869534,0.5432098765432158,0.4329896907216497,0.599264705882353,0.758893280632411
0.5,0.4782608695652115,0.654320987654323,0.38487972508591084,0.6801470588235294,0.3162055335968379
0.0,0.45652173913043015,0.6296296296296333,0.38350515463917545,0.5183823529411765,0.3675889328063241
0.0,0.36956521739129755,0.5555555555555571,0.2680412371134022,0.6011029411764707,0.11067193675889328
0.0,0.1521739130434696,0.23456790123456983,0.4783505154639176,0.4522058823529411,0.5770750988142292
0.5,0.5652173913043441,0.49382716049382935,0.24604810996563575,0.7628676470588236,0.5375494071146245
0.0,0.6304347826086953,0.654320987654323,0.6996563573883163,0.2996323529411764,0.7430830039525691
0.0,0.6956521739130395,0.6419753086419746,0.32577319587628883,0.6176470588235294,0.8181818181818181
0.0,0.7282608695652115,0.654320987654323,0.5250859106529209,0.41176470588235303,0.7272727272727272
1.0,0.10869565217390686,0.17283950617284205,0.8329896907216496,0.24080882352941166,0.608695652173913
0.0,0.4021739130434767,0.5802469135802468,0.6020618556701032,0.33639705882352944,0.5296442687747035
0.0,0.29347826086956275,0.4320987654321016,0.2886597938144331,0.6783088235294119,0.37154150197628455
0.0,0.891304347826086,0.9012345679012341,0.211683848797251,0.8584558823529413,0.28063241106719367
1.0,0.35869565217391397,0.45679012345679126,0.3725085910652921,0.630514705882353,0.5889328063241106
0.0,0.17391304347825098,0.22222222222222143,1.0,0.0,0.07114624505928853
0.5,0.4021739130434767,0.4074074074074119,0.3450171821305843,0.5955882352941178,0.1067193675889328
0.0,0.9239130434782581,0.8765432098765444,0.3573883161512028,0.7444852941176472,0.6007905138339921
0.0,0.7499999999999929,0.7037037037037024,0.47010309278350526,0.5900735294117647,0.13043478260869565
0.0,0.9456521739130395,0.9259259259259238,0.43024054982817894,0.5477941176470589,0.8418972332015809
0.0,0.5978260869565162,0.8395061728395063,0.35051546391752586,0.6341911764705883,0.4861660079051383
0.0,0.2717391304347814,0.20987654320987303,0.2570446735395189,0.6066176470588236,0.23715415019762845
0.5,0.5652173913043441,0.7654320987654302,0.6982817869415809,0.41176470588235303,0.38339920948616596
0.0,0.35869565217391397,0.46913580246913966,0.5209621993127147,0.5882352941176471,0.14229249011857706
0.0,0.9130434782608674,0.827160493827158,0.4907216494845361,0.5716911764705883,0.7430830039525691
0.0,0.7065217391304301,0.46913580246913966,0.4907216494845361,0.49264705882352944,0.8972332015810276
0.0,0.4130434782608674,0.5679012345679055,0.7683848797250858,0.29227941176470584,0.16996047430830039
0.0,0.3913043478260789,0.6049382716049436,0.3271477663230242,0.5698529411764706,0.04743083003952569
0.0,0.1630434782608674,0.308641975308646,0.6529209621993126,0.4025735294117647,0.7549407114624506
0.0,0.4239130434782581,0.3456790123456841,0.3766323024054983,0.6194852941176472,0.043478260869565216
0.0,0.5108695652173907,0.7037037037037024,0.2831615120274915,0.5349264705882353,0.3794466403162055
0.5,0.25,0.3456790123456841,0.361512027491409,0.7316176470588237,0.10276679841897232
0.5,0.1521739130434696,0.2592592592592595,0.2845360824742269,0.7095588235294118,0.4268774703557312
0.0,0.36956521739129755,0.5061728395061778,0.4137457044673538,0.47058823529411764,0.24505928853754938
0.0,0.9891304347826022,0.9876543209876516,0.46872852233676987,0.40808823529411764,0.8102766798418972
0.5,0.3478260869565162,0.46913580246913966,0.2721649484536084,0.9025735294117649,0.5138339920948616
0.5,0.4021739130434767,0.5679012345679055,0.448109965635739,0.6213235294117648,0.5691699604743082
0.5,0.5326086956521721,0.4074074074074119,0.6515463917525772,0.33823529411764697,0.14624505928853754
1.0,0.9239130434782581,0.9259259259259238,0.29003436426116846,0.6875000000000001,0.7035573122529644
0.5,0.7826086956521721,0.5679012345679055,0.38350515463917545,0.4852941176470589,0.6798418972332015
0.0,0.6195652173912976,0.7283950617283992,0.41512027491408965,0.5625,0.525691699604743
0.0,0.03260869565217206,0.03703703703703809,0.2680412371134022,0.6838235294117648,0.05533596837944664
0.5,0.4021739130434767,0.5432098765432158,0.4384879725085913,0.6378676470588236,0.4861660079051383
0.0,0.7826086956521721,0.7654320987654302,0.2556701030927835,0.6727941176470589,0.4624505928853755
0.0,0.3369565217391255,0.45679012345679126,0.30790378006872854,0.6856617647058825,0.4624505928853755
0.5,0.29347826086956275,0.3703703703703738,1.0,0.08455882352941155,0.7826086956521738
0.0,0.5108695652173907,0.4197530864197603,0.6364261168384879,0.2849264705882353,0.43478260869565216
0.0,0.5217391304347814,0.7037037037037024,0.41099656357388303,0.42095588235294124,0.17786561264822134
0.0,0.3152173913043441,0.3703703703703738,0.36838487972508593,0.667279411764706,0.10276679841897232
0.0,0.4891304347826093,0.49382716049382935,0.4329896907216497,0.49264705882352944,0.3438735177865612
0.0,0.6304347826086953,0.8148148148148167,0.5030927835051546,0.4816176470588236,0.5098814229249011
0.0,0.7065217391304301,0.6049382716049436,0.17457044673539523,0.9099264705882355,0.35968379446640314
0.0,0.8043478260869534,0.7407407407407405,0.42886597938144355,0.5955882352941178,0.03162055335968379
0.5,0.4891304347826093,0.4197530864197603,0.4508591065292098,0.5808823529411765,0.6126482213438734
0.0,0.3369565217391255,0.308641975308646,0.15670103092783516,0.8805147058823533,0.8537549407114624
0.5,0.0760869565217348,0.12345679012345556,1.0,0.17463235294117638,0.18972332015810275
0.0,0.8369565217391255,0.8395061728395063,0.629553264604811,0.3253676470588235,0.3438735177865612
0.0,0.38043478260869534,0.3950617283950635,0.9402061855670105,0.22426470588235284,0.225296442687747
0.0,0.4239130434782581,0.3333333333333357,0.9745704467353953,0.20404411764705868,0.015810276679841896
0.0,0.4999999999999929,0.5802469135802468,0.41512027491408965,0.6838235294117648,0.5849802371541502
0.0,0.3260869565217348,0.308641975308646,0.41786941580756043,0.5790441176470589,0.28063241106719367
0.5,0.10869565217390686,0.17283950617284205,0.5030927835051546,0.38602941176470584,0.5968379446640316
0.5,0.7282608695652115,0.5925925925925952,0.5567010309278353,0.35477941176470584,0.5652173913043478
0.0,0.5543478260869534,0.6666666666666714,0.5786941580756015,0.41727941176470584,0.7549407114624506
0.5,0.3913043478260789,0.3456790123456841,0.5030927835051546,0.5533088235294118,0.47826086956521735
0.5,0.7499999999999929,0.6913580246913611,0.5621993127147769,0.3125,0.4426877470355731
0.0,0.7826086956521721,0.7283950617283992,0.3450171821305843,0.568014705882353,0.1541501976284585
0.5,0.20652173913043015,0.2962962962963047,0.23642611683848802,0.8915441176470589,0.8181818181818181
1.0,0.9239130434782581,0.8395061728395063,0.4907216494845361,0.4632352941176471,0.826086956521739
0.0,0.7282608695652115,0.6296296296296333,1.0,0.08272058823529396,0.8972332015810276
0.5,0.5869565217391255,0.7407407407407405,0.4618556701030929,0.4430147058823529,0.9051383399209486
0.0,0.8586956521739069,0.6790123456790127,0.32439862542955344,0.7003676470588236,0.12252964426877469
0.0,0.29347826086956275,0.2592592592592595,0.1347079037800687,0.8768382352941178,0.3201581027667984
0.0,0.7065217391304301,0.6049382716049436,0.28041237113402073,0.7702205882352944,0.37549407114624506
0.0,0.22826086956521152,0.3333333333333357,0.30790378006872854,0.6783088235294119,0.6877470355731224
0.0,0.3369565217391255,0.44444444444444997,0.4618556701030929,0.4871323529411764,0.758893280632411
0.0,0.38043478260869534,0.5555555555555571,0.4027491408934707,0.6231617647058825,0.4150197628458498
0.0,0.4891304347826093,0.6666666666666714,0.3903780068728524,0.6341911764705883,0.7430830039525691
1.0,0.35869565217391397,0.46913580246913966,0.5718213058419246,0.3492647058823529,0.1067193675889328
0.0,0.5869565217391255,0.6049382716049436,0.7587628865979381,0.3216911764705882,0.3794466403162055
0.5,0.5543478260869534,0.7283950617283992,0.26254295532646066,0.7830882352941178,0.6324110671936758
0.0,0.4239130434782581,0.5802469135802468,0.5525773195876291,0.4503676470588235,0.14624505928853754
0.0,0.9347826086956488,0.9012345679012341,0.32302405498281805,0.6525735294117647,0.03952569169960474
1.0,0.6086956521739069,0.5925925925925952,0.47285223367697604,0.5220588235294119,0.19367588932806323
0.0,0.9130434782608674,0.8024691358024683,0.4384879725085913,0.3897058823529411,0.37154150197628455
0.0,0.7717391304347743,0.7777777777777786,0.541580756013746,0.46139705882352944,0.03952569169960474
0.0,0.6739130434782581,0.6296296296296333,0.2501718213058419,0.8400735294117649,0.05138339920948616
0.0,0.4999999999999929,0.4320987654321016,0.36838487972508593,0.7205882352941178,0.4229249011857707
0.0,0.7826086956521721,0.5679012345679055,0.5099656357388316,0.4816176470588236,0.4703557312252964
0.0,0.9130434782608674,0.9135802469135825,0.4508591065292098,0.636029411764706,0.18972332015810275
0.0,0.5326086956521721,0.5679012345679055,0.2240549828178695,0.7224264705882354,0.11857707509881422
0.5,0.22826086956521152,0.3209876543209944,0.22955326460481107,0.8290441176470589,0.44664031620553357
0.0,0.4891304347826093,0.4320987654321016,0.5814432989690723,0.4540441176470589,0.43083003952569165
0.0,0.2391304347826022,0.3950617283950635,0.5305841924398624,0.40441176470588225,0.8063241106719367
0.0,0.9565217391304373,0.9259259259259238,0.3903780068728524,0.6470588235294119,0.4980237154150197
0.5,0.38043478260869534,0.49382716049382935,0.3725085910652921,0.6066176470588236,0.3201581027667984
0.0,0.7717391304347743,0.7777777777777786,0.4673539518900345,0.4430147058823529,0.01976284584980237
0.0,0.3913043478260789,0.5432098765432158,0.2378006872852234,0.7665441176470589,0.20158102766798416
0.5,0.5760869565217348,0.7407407407407405,0.30378006872852237,0.7224264705882354,0.8300395256916996
0.0,0.6847826086956488,0.5308641975308674,0.9635738831615122,0.18566176470588222,0.07114624505928853
0.0,0.5869565217391255,0.6666666666666714,0.21443298969072178,0.7242647058823531,0.3359683794466403
0.5,0.6086956521739069,0.790123456790127,0.6171821305841925,0.3345588235294117,0.5849802371541502
1.0,0.28260869565216495,0.3456790123456841,1.0,0.10845588235294099,0.4980237154150197
0.0,0.22826086956521152,0.45679012345679126,0.32027491408934705,0.6084558823529412,0.19367588932806323
0.0,0.03260869565217206,0.04938271604938649,0.29553264604811,0.6599264705882354,0.5810276679841897
0.0,0.25,0.3580246913580325,0.48659793814432994,0.44485294117647056,0.41897233201581024
0.5,0.29347826086956275,0.23456790123456983,0.9292096219931274,0.20220588235294104,0.17391304347826086
0.0,0.5217391304347814,0.4320987654321016,0.5017182130584192,0.44485294117647056,0.3992094861660079
0.0,0.5869565217391255,0.6296296296296333,0.8302405498281789,0.26654411764705876,0.2727272727272727
0.0,0.1630434782608674,0.2592592592592595,0.3106529209621993,0.641544117647059,0.6126482213438734
0.0,0.6195652173912976,0.5925925925925952,0.29003436426116846,0.818014705882353,0.8063241106719367
1.0,0.5869565217391255,0.7654320987654302,0.30378006872852237,0.6194852941176472,0.7351778656126482
0.0,0.5760869565217348,0.45679012345679126,0.35326460481099664,0.5055147058823529,0.40711462450592883
1.0,0.9565217391304373,0.9382716049382722,0.3147766323024055,0.6764705882352943,0.13438735177865613
0.0,0.6630434782608603,0.5679012345679055,0.647422680412371,0.3658088235294118,0.6758893280632411
0.0,0.7282608695652115,0.6049382716049436,0.5704467353951892,0.41176470588235303,0.6758893280632411
0.0,0.891304347826086,0.8395061728395063,0.3436426116838489,0.5404411764705883,0.6719367588932806
0.0,0.1521739130434696,0.2716049382716008,0.7903780068728525,0.2775735294117646,0.21739130434782608
0.5,0.021739130434781373,0.02469135802468969,0.29140893470790385,0.7279411764705883,0.7984189723320158
1.0,0.5543478260869534,0.518518518518519,0.47422680412371143,0.4761029411764707,0.30039525691699603
0.0,0.9021739130434767,0.9012345679012341,0.6171821305841925,0.33272058823529405,0.48221343873517786
1.0,0.6630434782608603,0.5432098765432158,0.6254295532646048,0.3584558823529411,0.1541501976284585
0.5,0.25,0.48148148148148806,0.22268041237113412,0.7408088235294119,0.02766798418972332
0.0,0.891304347826086,0.9135802469135825,1.0,0.19852941176470576,0.2964426877470355
0.5,0.7717391304347743,0.7037037037037024,0.4219931271477666,0.5955882352941178,0.1818181818181818
0.5,0.8152173913043441,0.6296296296296333,0.389003436426117,0.5863970588235295,0.12648221343873517
0.5,0.5869565217391255,0.49382716049382935,0.3147766323024055,0.7077205882352942,0.6126482213438734
0.5,0.5869565217391255,0.46913580246913966,0.6391752577319587,0.3400735294117647,0.3557312252964427
0.5,0.2717391304347814,0.4074074074074119,0.6969072164948455,0.3161764705882353,0.43478260869565216
0.0,0.4347826086956488,0.5679012345679055,0.3134020618556701,0.636029411764706,0.05533596837944664
1.0,0.44565217391303946,0.4197530864197603,0.5209621993127147,0.5165441176470589,0.1976284584980237
0.5,0.30434782608695343,0.24691358024691112,0.38075601374570445,0.6470588235294119,0.2885375494071146
0.0,0.1521739130434696,0.23456790123456983,0.511340206185567,0.47426470588235303,0.20948616600790512
0.0,0.7173913043478208,0.49382716049382935,0.35189003436426125,0.5514705882352942,0.5533596837944663
0.0,0.4021739130434767,0.5679012345679055,0.45773195876288675,0.5551470588235294,0.35968379446640314
0.0,0.9130434782608674,0.8395061728395063,0.6378006872852233,0.4375,0.7351778656126482
0.0,0.891304347826086,0.7283950617283992,1.0,0.07720588235294099,0.43478260869565216
0.0,0.2717391304347814,0.3950617283950635,0.4810996563573884,0.5073529411764706,0.007905138339920948
0.0,0.5434782608695627,0.5061728395061778,0.3876288659793816,0.7757352941176472,0.533596837944664
0.5,0.6304347826086953,0.6666666666666714,1.0,0.12867647058823514,0.6403162055335968
1.0,0.5326086956521721,0.48148148148148806,0.3766323024054983,0.6691176470588237,0.24110671936758893
0.0,0.7608695652173907,0.7283950617283992,0.4398625429553267,0.5330882352941176,0.2964426877470355
0.5,0.5217391304347814,0.6790123456790127,0.3903780068728524,0.5441176470588236,0.7509881422924901
0.0,0.7934782608695627,0.8148148148148167,0.6762886597938147,0.3216911764705882,0.14229249011857706
0.0,0.4347826086956488,0.6296296296296333,0.35463917525773203,0.5441176470588236,0.0
0.0,0.8043478260869534,0.5925925925925952,0.47147766323024065,0.45772058823529416,0.23715415019762845
0.0,0.8152173913043441,0.6666666666666714,0.5429553264604814,0.3566176470588236,0.308300395256917
0.0,0.6630434782608603,0.5925925925925952,0.3628865979381444,0.7628676470588236,0.3201581027667984
0.0,0.6630434782608603,0.6172839506172849,0.6721649484536085,0.29227941176470584,0.4268774703557312
0.5,0.7499999999999929,0.5925925925925952,0.4659793814432991,0.5073529411764706,0.4387351778656126
0.0,0.29347826086956275,0.4320987654321016,0.6831615120274916,0.4375,0.08695652173913043
0.0,0.38043478260869534,0.49382716049382935,1.0,0.14338235294117638,0.09881422924901186
0.5,0.35869565217391397,0.49382716049382935,0.34914089347079047,0.6783088235294119,0.5494071146245059
1.0,0.3152173913043441,0.2716049382716008,0.4041237113402061,0.6011029411764707,0.6758893280632411
0.5,0.9565217391304373,0.9259259259259238,0.47010309278350526,0.6268382352941178,0.6007905138339921
0.0,0.5326086956521721,0.5061728395061778,0.3161512027491409,0.7720588235294119,0.1541501976284585
0.0,0.7717391304347743,0.5555555555555571,0.6391752577319587,0.27941176470588225,0.6482213438735177
0.0,0.6521739130434767,0.5802469135802468,0.5085910652920962,0.47058823529411764,0.7707509881422925
0.5,0.7499999999999929,0.6790123456790127,0.26391752577319605,0.7352941176470589,0.6956521739130435
0.0,0.6086956521739069,0.6049382716049436,0.5278350515463917,0.40625,0.37549407114624506
0.0,0.6521739130434767,0.6049382716049436,0.5608247422680415,0.32352941176470584,0.3636363636363636
0.0,0.4782608695652115,0.46913580246913966,0.2529209621993127,0.6783088235294119,0.7272727272727272
0.0,0.3369565217391255,0.3950617283950635,0.30652920962199315,0.6544117647058825,0.3952569169960474
0.0,0.7934782608695627,0.7654320987654302,0.2556701030927835,0.6470588235294119,0.26482213438735175
1.0,0.5434782608695627,0.7407407407407405,0.3628865979381444,0.641544117647059,0.24110671936758893
0.0,0.3260869565217348,0.4074074074074119,0.23505154639175263,0.8455882352941178,0.13833992094861658
0.5,0.3260869565217348,0.4074074074074119,0.4920962199312715,0.4430147058823529,0.07905138339920947
1.0,0.4021739130434767,0.4074074074074119,0.36838487972508593,0.5716911764705883,0.07905138339920947
0.0,0.9130434782608674,0.8765432098765444,0.6309278350515464,0.3474264705882353,0.15810276679841895
0.5,0.6956521739130395,0.6419753086419746,0.654295532646048,0.3621323529411764,0.7944664031620553
1.0,0.2608695652173836,0.49382716049382935,0.5525773195876291,0.42279411764705876,0.6324110671936758
0.0,0.3478260869565162,0.2839506172839492,0.6268041237113402,0.3125,0.6324110671936758
0.5,0.6086956521739069,0.8518518518518547,0.5319587628865978,0.511029411764706,0.43083003952569165
0.0,0.30434782608695343,0.24691358024691112,0.1663230240549829,0.6525735294117647,0.1660079051383399
0.0,0.4347826086956488,0.3580246913580325,0.48384879725085916,0.3841911764705883,0.30039525691699603
0.0,0.3913043478260789,0.5432098765432158,0.25841924398625427,0.6433823529411765,0.458498023715415
0.5,0.4999999999999929,0.5802469135802468,0.2735395189003438,0.7444852941176472,0.7944664031620553
0.5,0.4021739130434767,0.308641975308646,0.26116838487972527,0.5496323529411765,0.1976284584980237
0.0,0.4999999999999929,0.45679012345679126,0.2680412371134022,0.8841911764705883,0.225296442687747
0.0,0.6956521739130395,0.6049382716049436,0.38350515463917545,0.8106617647058825,0.18577075098814227
0.0,0.7065217391304301,0.6172839506172849,0.5264604810996563,0.45772058823529416,0.25296442687747034
0.0,0.9673913043478208,0.9506172839506135,0.43161512027491433,0.5257352941176471,0.12648221343873517
1.0,0.4999999999999929,0.5925925925925952,0.5237113402061855,0.5514705882352942,0.8221343873517786
0.0,0.7608695652173907,0.7407407407407405,0.7326460481099657,0.27022058823529405,0.5731225296442687
0.0,0.5434782608695627,0.48148148148148806,0.5072164948453608,0.4466911764705883,0.7391304347826086
1.0,0.4239130434782581,0.3580246913580325,0.4041237113402061,0.7757352941176472,0.6442687747035573
1.0,0.14130434782608603,0.24691358024691112,0.2996563573883162,0.9099264705882355,0.3952569169960474
0.0,0.7499999999999929,0.7283950617283992,0.29553264604811,0.5790441176470589,0.2845849802371541
0.0,0.5217391304347814,0.6790123456790127,0.44123711340206206,0.48345588235294124,0.7430830039525691
1.0,0.7717391304347743,0.7777777777777786,0.4247422680412374,0.4944852941176472,0.07114624505928853
0.5,0.4891304347826093,0.45679012345679126,0.35051546391752586,0.5533088235294118,0.49011857707509876
0.0,0.5869565217391255,0.654320987654323,1.0,0.14522058823529396,0.43083003952569165
0.0,0.22826086956521152,0.3703703703703738,0.5718213058419246,0.46691176470588247,0.608695652173913
1.0,0.3369565217391255,0.44444444444444997,0.723024054982818,0.33272058823529405,0.4387351778656126
0.0,0.35869565217391397,0.45679012345679126,0.20343642611683865,0.7095588235294118,0.20553359683794464
0.0,0.5652173913043441,0.7283950617283992,0.4522336769759452,0.5091911764705883,0.7114624505928854
1.0,0.7826086956521721,0.6913580246913611,0.30927835051546393,0.6378676470588236,0.5138339920948616
0.0,0.6195652173912976,0.6049382716049436,0.5773195876288661,0.3841911764705883,0.450592885375494
0.0,0.5434782608695627,0.48148148148148806,0.32439862542955344,0.5845588235294119,0.3438735177865612
1.0,0.29347826086956275,0.3827160493827222,0.3340206185567012,0.7536764705882354,0.2885375494071146
0.0,0.19565217391303946,0.2716049382716008,0.2391752577319588,0.667279411764706,0.7075098814229248
1.0,0.7608695652173907,0.6049382716049436,0.4907216494845361,0.6599264705882354,0.450592885375494
0.0,0.38043478260869534,0.518518518518519,0.3573883161512028,0.5441176470588236,0.5217391304347826
0.5,0.20652173913043015,0.3580246913580325,0.15945017182130594,0.7077205882352942,0.12648221343873517
1.0,0.7499999999999929,0.6172839506172849,0.33676975945017196,0.6636029411764707,0.450592885375494
0.0,0.5434782608695627,0.7283950617283992,0.6034364261168386,0.3805147058823529,0.43083003952569165
1.0,0.5434782608695627,0.7283950617283992,0.8701030927835052,0.19852941176470576,0.38339920948616596
1.0,0.5217391304347814,0.7037037037037024,0.4357388316151205,0.5073529411764706,0.2964426877470355
0.5,0.5869565217391255,0.6419753086419746,0.27628865979381456,0.7058823529411766,0.24901185770750986
0.0,0.8043478260869534,0.6049382716049436,0.7175257731958764,0.2555147058823528,0.015810276679841896
0.5,0.7608695652173907,0.7407407407407405,0.4329896907216497,0.5091911764705883,0.03162055335968379
0.0,0.7608695652173907,0.6913580246913611,0.39725085910652913,0.5827205882352942,0.32806324110671936
0.0,0.4347826086956488,0.4074074074074119,0.33951890034364274,0.6397058823529412,0.616600790513834
0.0,0.4891304347826093,0.49382716049382935,0.740893470790378,0.2996323529411764,0.37154150197628455
0.5,0.7499999999999929,0.6790123456790127,0.5168384879725085,0.5661764705882354,0.24901185770750986
0.5,0.7826086956521721,0.5679012345679055,0.3340206185567012,0.6746323529411765,0.43478260869565216
0.0,0.13043478260868824,0.23456790123456983,0.5127147766323024,0.4724264705882353,0.38735177865612647
0.0,0.2608695652173836,0.3703703703703738,0.38625429553264623,0.5036764705882354,0.37549407114624506
1.0,0.4021739130434767,0.518518518518519,0.984192439862543,0.23529411764705874,0.3952569169960474
0.5,0.4782608695652115,0.4197530864197603,0.4673539518900345,0.5220588235294119,0.6007905138339921
0.5,0.03260869565217206,0.04938271604938649,0.44261168384879745,0.5496323529411765,0.6758893280632411
0.0,0.6739130434782581,0.6419753086419746,0.270790378006873,0.6194852941176472,0.6798418972332015
0.0,0.29347826086956275,0.23456790123456983,0.7079037800687287,0.3676470588235293,0.48221343873517786
0.5,0.5217391304347814,0.49382716049382935,0.3463917525773197,0.6544117647058825,0.14229249011857706
1.0,0.5217391304347814,0.45679012345679126,0.22130584192439873,0.7794117647058825,0.5652173913043478
1.0,0.5978260869565162,0.6790123456790127,1.0,0.07720588235294099,0.37549407114624506
0.0,0.3369565217391255,0.4320987654321016,0.24329896907216497,0.7334558823529413,0.7747035573122529
0.0,0.28260869565216495,0.2592592592592595,0.3999999999999999,0.6268382352941178,0.3359683794466403
0.0,0.5652173913043441,0.5061728395061778,0.6804123711340209,0.2996323529411764,0.5731225296442687
1.0,0.5869565217391255,0.6296296296296333,0.24467353951890036,0.7205882352941178,0.7628458498023715
0.0,0.4347826086956488,0.3333333333333357,0.3271477663230242,0.636029411764706,0.011857707509881422
1.0,0.36956521739129755,0.48148148148148806,0.6680412371134024,0.39522058823529405,0.5375494071146245
0.0,0.9565217391304373,0.9753086419753103,0.5333333333333332,0.4522058823529411,0.5098814229249011
0.0,0.09782608695651618,0.19753086419753174,0.4219931271477666,0.44485294117647056,0.17391304347826086
0.0,0.22826086956521152,0.3827160493827222,0.4962199312714777,0.5238970588235294,0.6521739130434783
0.0,0.5326086956521721,0.48148148148148806,0.26254295532646066,0.7113970588235295,0.2608695652173913
0.0,0.25,0.3333333333333357,0.479725085910653,0.3933823529411765,0.2608695652173913
0.0,0.2391304347826022,0.3456790123456841,0.7615120274914089,0.32352941176470584,0.7035573122529644
0.0,0.891304347826086,0.7160493827160508,0.50446735395189,0.37683823529411753,0.4743083003952569
0.0,0.021739130434781373,0.03703703703703809,0.5195876288659793,0.4246323529411764,0.6679841897233201
0.0,0.36956521739129755,0.3456790123456841,0.4137457044673538,0.49816176470588236,0.26482213438735175
0.0,0.6847826086956488,0.6419753086419746,0.2982817869415808,0.6966911764705884,0.7707509881422925
0.0,0.5760869565217348,0.518518518518519,0.3573883161512028,0.661764705882353,0.43083003952569165
0.0,0.5652173913043441,0.5061728395061778,0.29003436426116846,0.7610294117647061,0.8181818181818181
1.0,0.22826086956521152,0.3827160493827222,0.21443298969072178,0.7481617647058825,0.6679841897233201
0.0,0.5760869565217348,0.6172839506172849,0.8000000000000003,0.3272058823529411,0.6758893280632411
0.5,0.021739130434781373,0.03703703703703809,0.21718213058419256,0.698529411764706,0.07114624505928853
0.0,0.46739130434782794,0.4320987654321016,0.511340206185567,0.43933823529411775,0.8735177865612648
0.0,0.6086956521739069,0.6172839506172849,0.42749140893470816,0.5606617647058824,0.7944664031620553
1.0,0.5434782608695627,0.49382716049382935,0.3903780068728524,0.5275735294117647,0.5494071146245059
0.0,0.6086956521739069,0.6419753086419746,0.27766323024054995,0.729779411764706,0.4229249011857707
1.0,0.8260869565217348,0.8395061728395063,0.25979381443298966,0.7757352941176472,0.04743083003952569
1.0,0.38043478260869534,0.3950617283950635,0.40962199312714764,0.5753676470588236,0.7272727272727272
0.5,0.7065217391304301,0.6666666666666714,0.6804123711340209,0.34558823529411764,0.7865612648221343
0.5,0.6521739130434767,0.6049382716049436,0.45498281786941597,0.4283088235294118,0.6442687747035573
0.0,0.6630434782608603,0.5432098765432158,1.0,0.16544117647058812,0.8102766798418972
0.0,0.4130434782608674,0.5555555555555571,0.59106529209622,0.3786764705882353,0.07905138339920947
0.0,0.7173913043478208,0.6790123456790127,0.27628865979381456,0.6801470588235294,0.2608695652173913
0.0,0.6413043478260789,0.8148148148148167,0.4948453608247423,0.47058823529411764,0.3359683794466403
0.0,0.3260869565217348,0.3827160493827222,0.8233676975945019,0.26654411764705876,0.6640316205533596
0.0,0.29347826086956275,0.308641975308646,0.44123711340206206,0.5073529411764706,0.043478260869565216
0.0,0.7608695652173907,0.7037037037037024,0.2268041237113403,0.9908088235294121,0.8102766798418972
0.5,0.5652173913043441,0.7777777777777786,0.9608247422680414,0.18749999999999986,0.40711462450592883
0.5,0.3478260869565162,0.3209876543209944,0.29278350515463925,0.693014705882353,0.08695652173913043
0.0,0.22826086956521152,0.3209876543209944,0.24604810996563575,0.6066176470588236,0.16996047430830039
0.5,0.4347826086956488,0.5925925925925952,0.32439862542955344,0.6378676470588236,0.04743083003952569
0.0,0.4239130434782581,0.4074074074074119,0.329896907216495,0.6323529411764707,0.0
0.5,0.6739130434782581,0.654320987654323,0.4618556701030929,0.5477941176470589,0.43083003952569165
0.0,0.5326086956521721,0.46913580246913966,0.36838487972508593,0.661764705882353,0.533596837944664
0.5,0.3369565217391255,0.45679012345679126,0.684536082474227,0.2113970588235293,0.26877470355731226
1.0,0.6847826086956488,0.5802469135802468,0.22268041237113412,0.6746323529411765,0.11857707509881422
0.5,0.6413043478260789,0.6172839506172849,0.6144329896907217,0.40625,0.37549407114624506
0.0,0.3152173913043441,0.4074074074074119,0.3436426116838489,0.5772058823529412,0.3438735177865612
0.0,0.6086956521739069,0.6172839506172849,0.6735395189003439,0.28860294117647056,0.07114624505928853
0.0,0.5978260869565162,0.6049382716049436,0.26391752577319605,0.661764705882353,0.35968379446640314
0.5,0.7608695652173907,0.7037037037037024,0.4343642611683851,0.4908088235294118,0.08695652173913043
0.0,0.6956521739130395,0.6049382716049436,0.18556701030927836,0.8621323529411766,0.1660079051383399
0.0,0.7499999999999929,0.6296296296296333,1.0,0.06985294117647042,0.18577075098814227
0.0,0.3152173913043441,0.4074074074074119,0.6639175257731962,0.34375,0.7786561264822134
0.0,0.8369565217391255,0.6913580246913611,0.859106529209622,0.3033088235294117,0.6205533596837944
1.0,0.19565217391303946,0.3333333333333357,0.26254295532646066,0.6213235294117648,0.6956521739130435
0.0,0.3260869565217348,0.3580246913580325,0.5718213058419246,0.3033088235294117,0.6403162055335968
0.0,0.29347826086956275,0.3456790123456841,0.3587628865979382,0.45772058823529416,0.8695652173913043
0.0,0.5217391304347814,0.4320987654321016,0.21718213058419256,0.7922794117647061,0.21739130434782608
0.5,0.5217391304347814,0.48148148148148806,0.5718213058419246,0.43933823529411775,0.6521739130434783
1.0,0.38043478260869534,0.5555555555555571,0.6804123711340209,0.32352941176470584,0.826086956521739
0.5,0.38043478260869534,0.3580246913580325,0.59106529209622,0.4099264705882353,0.20553359683794464
0.5,0.3478260869565162,0.46913580246913966,0.45773195876288675,0.5036764705882354,0.450592885375494
0.5,0.21739130434782084,0.3333333333333357,0.38625429553264623,0.5808823529411765,0.13438735177865613
0.0,0.35869565217391397,0.45679012345679126,0.7285223367697595,0.375,0.5810276679841897
0.0,0.29347826086956275,0.2592592592592595,0.2996563573883162,0.818014705882353,0.5810276679841897
0.0,0.20652173913043015,0.3333333333333357,0.9140893470790381,0.22794117647058812,0.4624505928853755
0.0,0.5978260869565162,0.7407407407407405,0.42749140893470816,0.48897058823529416,0.07114624505928853
0.0,0.4130434782608674,0.308641975308646,0.24742268041237114,0.7959558823529413,0.43478260869565216
0.0,0.5326086956521721,0.46913580246913966,0.5099656357388316,0.41360294117647056,0.3162055335968379
0.0,0.3260869565217348,0.3333333333333357,0.329896907216495,0.5569852941176472,0.6996047430830039
0.5,0.4021739130434767,0.49382716049382935,0.44123711340206206,0.5128676470588236,0.8379446640316205
0.0,0.6739130434782581,0.6049382716049436,0.29278350515463925,0.6966911764705884,0.8142292490118577
0.5,0.6956521739130395,0.6172839506172849,0.3766323024054983,0.5202205882352942,0.3517786561264822
0.0,0.5108695652173907,0.46913580246913966,0.9635738831615122,0.18198529411764694,0.19367588932806323
0.0,0.6739130434782581,0.6296296296296333,0.3422680412371135,0.6783088235294119,0.01976284584980237
0.0,0.6630434782608603,0.654320987654323,0.6405498281786941,0.36397058823529416,0.6126482213438734
0.0,0.44565217391303946,0.4197530864197603,1.0,0.17095588235294104,0.21739130434782608
0.5,0.7499999999999929,0.6296296296296333,0.34914089347079047,0.6286764705882354,0.011857707509881422
0.0,0.5434782608695627,0.7530864197530889,0.26391752577319605,0.6470588235294119,0.4703557312252964
0.0,0.5326086956521721,0.7283950617283992,0.511340206185567,0.45772058823529416,0.28063241106719367
0.5,0.5869565217391255,0.6049382716049436,0.3285223367697596,0.5441176470588236,0.8616600790513833
0.5,0.5978260869565162,0.6419753086419746,0.4756013745704468,0.4761029411764707,0.2608695652173913
0.0,0.6739130434782581,0.6172839506172849,0.35189003436426125,0.704044117647059,0.08695652173913043
0.5,0.46739130434782794,0.45679012345679126,0.6515463917525772,0.3216911764705882,0.3162055335968379
0.0,0.25,0.3703703703703738,0.4013745704467353,0.6231617647058825,0.592885375494071
0.0,0.6630434782608603,0.6419753086419746,0.33814432989690735,0.4779411764705882,0.6403162055335968
0.0,0.6521739130434767,0.6296296296296333,0.3573883161512028,0.7794117647058825,0.34782608695652173
0.0,0.6521739130434767,0.5802469135802468,0.33814432989690735,0.7095588235294118,0.7865612648221343
1.0,0.7065217391304301,0.5925925925925952,0.42611683848797277,0.47426470588235303,0.5573122529644269
0.0,0.8369565217391255,0.864197530864196,0.26529209621993144,0.661764705882353,0.4743083003952569
0.5,0.25,0.3580246913580325,0.46872852233676987,0.4944852941176472,0.6561264822134387
0.5,0.5434782608695627,0.6790123456790127,0.8453608247422681,0.23529411764705874,0.5494071146245059
0.0,0.30434782608695343,0.24691358024691112,0.6625429553264608,0.3915441176470589,0.5454545454545454
0.0,0.20652173913043015,0.2839506172839492,0.4206185567010312,0.568014705882353,0.6403162055335968
0.5,0.7934782608695627,0.7777777777777786,0.2680412371134022,0.604779411764706,0.35968379446640314
0.0,0.5326086956521721,0.5432098765432158,0.30790378006872854,0.6452205882352942,0.7944664031620553
0.0,0.45652173913043015,0.45679012345679126,0.5429553264604814,0.5275735294117647,0.7233201581027667
0.5,0.5217391304347814,0.7037037037037024,0.4893470790378007,0.511029411764706,0.38735177865612647
0.0,0.6304347826086953,0.6172839506172849,0.36838487972508593,0.5974264705882353,0.03162055335968379
0.0,0.6304347826086953,0.8148148148148167,0.40687285223367686,0.41360294117647056,0.2569169960474308
0.5,0.25,0.3580246913580325,0.37938144329896906,0.6507352941176472,0.1818181818181818
0.0,0.5434782608695627,0.4320987654321016,0.5759450171821308,0.34191176470588225,0.16996047430830039
0.0,0.38043478260869534,0.3580246913580325,0.361512027491409,0.604779411764706,0.38339920948616596
0.0,0.6630434782608603,0.6913580246913611,0.6955326460481102,0.37683823529411753,0.1818181818181818
0.0,0.2608695652173836,0.48148148148148806,0.42886597938144355,0.6452205882352942,0.07114624505928853
0.0,0.6739130434782581,0.5925925925925952,0.50446735395189,0.4816176470588236,0.8063241106719367
0.0,0.5869565217391255,0.7530864197530889,0.597938144329897,0.3915441176470589,0.06719367588932806
0.0,0.6304347826086953,0.5925925925925952,0.21443298969072178,0.7279411764705883,0.6758893280632411
1.0,0.30434782608695343,0.23456790123456983,0.5140893470790378,0.4466911764705883,0.3320158102766798
0.0,0.45652173913043015,0.6172839506172849,0.3711340206185567,0.604779411764706,0.41897233201581024
1.0,0.4239130434782581,0.3827160493827222,0.3738831615120275,0.48345588235294124,0.7430830039525691
1.0,0.6304347826086953,0.7283950617283992,0.3422680412371135,0.7463235294117648,0.0
0.0,0.25,0.3456790123456841,0.3903780068728524,0.5477941176470589,0.458498023715415
0.0,0.38043478260869534,0.4197530864197603,0.2886597938144331,0.7647058823529413,0.6521739130434783
0.0,0.19565217391303946,0.2716049382716008,0.44536082474226824,0.48897058823529416,0.6758893280632411
0.5,0.44565217391303946,0.4197530864197603,0.3422680412371135,0.6341911764705883,0.23320158102766797
0.0,0.4021739130434767,0.4074074074074119,0.5168384879725085,0.3492647058823529,0.09881422924901186
0.0,0.4239130434782581,0.3333333333333357,0.6859106529209624,0.29779411764705876,0.7865612648221343
0.0,0.3260869565217348,0.4074074074074119,0.329896907216495,0.599264705882353,0.38735177865612647
0.0,0.4999999999999929,0.4320987654321016,0.2268041237113403,0.698529411764706,0.24110671936758893
0.0,0.5217391304347814,0.45679012345679126,0.5498281786941583,0.4944852941176472,0.1660079051383399
0.0,0.3369565217391255,0.4074074074074119,0.4206185567010312,0.7334558823529413,0.37549407114624506
0.5,0.29347826086956275,0.4320987654321016,0.3711340206185567,0.5533088235294118,0.3992094861660079
0.0,0.9565217391304373,0.9506172839506135,0.31752577319587627,0.568014705882353,0.4387351778656126
0.0,0.29347826086956275,0.4197530864197603,0.8989690721649484,0.19669117647058812,0.48221343873517786
0.0,0.7065217391304301,0.6049382716049436,0.6625429553264608,0.35110294117647056,0.4980237154150197
1.0,0.19565217391303946,0.308641975308646,0.8549828178694159,0.3216911764705882,0.5059288537549407
0.0,0.4891304347826093,0.4197530864197603,0.5635738831615122,0.5386029411764707,0.7549407114624506
0.0,0.5108695652173907,0.7037037037037024,0.5800687285223369,0.38235294117647056,0.01976284584980237
0.0,0.5652173913043441,0.6049382716049436,0.27491408934707917,0.6764705882352943,0.03952569169960474
0.5,0.3260869565217348,0.3950617283950635,0.6570446735395188,0.2316176470588234,0.1818181818181818
0.5,0.7608695652173907,0.7037037037037024,0.3436426116838489,0.5238970588235294,0.24505928853754938
0.0,0.28260869565216495,0.2592592592592595,0.5085910652920962,0.4724264705882353,0.4861660079051383
0.0,0.3152173913043441,0.3703703703703738,1.0,0.14154411764705868,0.14229249011857706
0.5,0.20652173913043015,0.2962962962963047,0.5305841924398624,0.5238970588235294,0.5810276679841897
0.0,0.22826086956521152,0.3333333333333357,0.597938144329897,0.4007352941176471,0.2569169960474308
0.0,0.1630434782608674,0.3209876543209944,0.4646048109965637,0.6084558823529412,0.7193675889328063
0.0,0.3152173913043441,0.3209876543209944,0.4219931271477666,0.6819852941176472,0.18577075098814227
0.0,0.29347826086956275,0.3703703703703738,0.6336769759450172,0.39522058823529405,0.7549407114624506
1.0,0.46739130434782794,0.4197530864197603,0.6350515463917525,0.3584558823529411,0.7667984189723319
0.5,0.043478260869562746,0.07407407407407618,0.4041237113402061,0.5790441176470589,0.14624505928853754
1.0,0.4891304347826093,0.5555555555555571,0.5072164948453608,0.4375,0.7549407114624506
0.0,0.6195652173912976,0.6419753086419746,0.8810996563573883,0.23713235294117632,0.758893280632411
0.0,0.5652173913043441,0.5308641975308674,0.33676975945017196,0.5827205882352942,0.6007905138339921
0.5,0.7391304347826093,0.654320987654323,0.2515463917525773,0.8731617647058825,0.8181818181818181
0.5,0.36956521739129755,0.5432098765432158,0.27491408934707917,0.8088235294117647,0.2845849802371541
0.5,0.5869565217391255,0.5061728395061778,0.44261168384879745,0.4779411764705882,0.683794466403162
0.0,0.5869565217391255,0.7407407407407405,0.4013745704467353,0.6121323529411765,0.05928853754940711
1.0,0.2608695652173836,0.19753086419753174,0.4756013745704468,0.47426470588235303,0.07509881422924901
0.0,0.8695652173913047,0.6790123456790127,0.8178694158075603,0.26654411764705876,0.1067193675889328
0.0,0.5760869565217348,0.5555555555555571,0.5319587628865978,0.5349264705882353,0.07509881422924901
0.0,0.2717391304347814,0.3950617283950635,0.15670103092783516,0.8327205882352944,0.4268774703557312
0.0,0.1521739130434696,0.2592592592592595,0.4632302405498283,0.48897058823529416,0.9328063241106719
0.0,0.6847826086956488,0.6419753086419746,0.5003436426116838,0.5661764705882354,0.05928853754940711
0.0,0.7934782608695627,0.654320987654323,0.15945017182130594,1.0,0.450592885375494
0.5,0.10869565217390686,0.18518518518518334,0.20756013745704482,1.0,0.09486166007905138
0.0,0.3478260869565162,0.2839506172839492,0.2969072164948454,0.8584558823529413,0.1067193675889328
0.5,0.8369565217391255,0.8148148148148167,0.6955326460481102,0.30698529411764697,0.43083003952569165
0.5,0.7934782608695627,0.5925925925925952,1.0,0.1360294117647057,0.15810276679841895
0.0,0.7826086956521721,0.7777777777777786,0.29553264604811,0.7077205882352942,0.7509881422924901
0.5,0.6956521739130395,0.6296296296296333,0.691408934707904,0.34558823529411764,0.541501976284585
0.0,0.2717391304347814,0.2592592592592595,0.33539518900343657,0.6525735294117647,0.1067193675889328
0.0,0.7717391304347743,0.6666666666666714,0.38487972508591084,0.5882352941176471,0.7707509881422925
0.5,0.20652173913043015,0.3456790123456841,0.35326460481099664,0.6066176470588236,0.43083003952569165
0.0,0.17391304347825098,0.3209876543209944,0.5319587628865978,0.46691176470588247,0.691699604743083
0.0,0.21739130434782084,0.3456790123456841,0.5182130584192439,0.39522058823529405,0.2924901185770751
0.5,0.28260869565216495,0.3950617283950635,0.5209621993127147,0.573529411764706,0.2845849802371541
0.5,0.28260869565216495,0.3827160493827222,0.4137457044673538,0.6654411764705883,0.20158102766798416
0.0,0.5543478260869534,0.4320987654321016,0.802749140893471,0.29779411764705876,0.20553359683794464
0.0,0.5434782608695627,0.7283950617283992,0.4769759450171822,0.5900735294117647,0.2727272727272727
0.5,0.6413043478260789,0.6172839506172849,0.3106529209621993,0.5514705882352942,0.6640316205533596
0.5,0.8369565217391255,0.8148148148148167,0.4329896907216497,0.4779411764705882,0.450592885375494
0.5,0.7717391304347743,0.6419753086419746,0.4137457044673538,0.5294117647058825,0.49011857707509876
0.0,0.38043478260869534,0.4197530864197603,0.3725085910652921,0.4852941176470589,0.4110671936758893
0.5,0.6739130434782581,0.6049382716049436,0.5567010309278353,0.4522058823529411,0.14624505928853754
0.5,0.20652173913043015,0.2716049382716008,0.7134020618556702,0.32352941176470584,0.32411067193675885
0.0,0.4130434782608674,0.308641975308646,0.4467353951890036,0.40625,0.4703557312252964
0.5,0.2608695652173836,0.49382716049382935,0.7037800687285225,0.31985294117647056,0.6640316205533596
0.0,0.3913043478260789,0.5555555555555571,0.7257731958762887,0.31985294117647056,0.8458498023715414
0.0,0.4347826086956488,0.4197530864197603,0.8618556701030928,0.21874999999999986,0.7391304347826086
0.0,0.6630434782608603,0.5802469135802468,0.5154639175257731,0.5165441176470589,0.7509881422924901
0.5,0.043478260869562746,0.06172839506172778,0.35051546391752586,0.5459558823529412,0.47826086956521735
0.0,0.5434782608695627,0.7037037037037024,0.4920962199312715,0.4724264705882353,0.3992094861660079
1.0,0.2608695652173836,0.3456790123456841,0.7587628865979381,0.31433823529411753,0.8300395256916996
0.0,0.8369565217391255,0.6790123456790127,0.6501718213058418,0.36397058823529416,0.24901185770750986
0.5,0.29347826086956275,0.23456790123456983,0.5676975945017184,0.5625,0.44664031620553357
0.0,0.36956521739129755,0.4074074074074119,0.7189003436426118,0.3180147058823529,0.608695652173913
0.0,0.5326086956521721,0.5061728395061778,0.3436426116838489,0.6709558823529412,0.06324110671936758
0.0,0.45652173913043015,0.4320987654321016,0.30927835051546393,0.6341911764705883,0.07905138339920947
0.5,0.5869565217391255,0.5432098765432158,0.2735395189003438,0.7316176470588237,0.6600790513833992
0.0,0.6304347826086953,0.6666666666666714,0.3010309278350516,0.7408088235294119,0.7430830039525691
0.5,0.3369565217391255,0.5555555555555571,0.7656357388316151,0.3529411764705882,0.3162055335968379
0.5,0.6739130434782581,0.5802469135802468,0.5841924398625431,0.4411764705882353,0.1976284584980237
0.0,0.5652173913043441,0.7654320987654302,0.9883161512027492,0.16360294117647042,0.22134387351778656
0.0,0.043478260869562746,0.09876543209876587,0.7821305841924402,0.24632352941176458,0.38339920948616596
0.5,0.5217391304347814,0.6913580246913611,0.6625429553264608,0.38602941176470584,0.15019762845849802
0.5,0.7934782608695627,0.6666666666666714,0.48384879725085916,0.5551470588235294,0.34782608695652173
0.0,0.5543478260869534,0.45679012345679126,0.33539518900343657,0.7132352941176472,0.6047430830039525
0.5,0.2608695652173836,0.308641975308646,0.7587628865979381,0.23529411764705874,0.6877470355731224
0.0,0.5326086956521721,0.7283950617283992,0.691408934707904,0.2941176470588235,0.5889328063241106
1.0,0.8260869565217348,0.654320987654323,0.3903780068728524,0.8363970588235294,0.4861660079051383
0.5,0.5434782608695627,0.7530864197530889,0.5828178694158077,0.35477941176470584,0.043478260869565216
0.0,0.7608695652173907,0.7530864197530889,0.5457044673539522,0.4595588235294117,0.23320158102766797
1.0,0.3913043478260789,0.3580246913580325,0.6254295532646048,0.3345588235294117,0.7114624505928854
1.0,0.7065217391304301,0.6296296296296333,0.41512027491408965,0.4558823529411765,0.8063241106719367
0.5,0.22826086956521152,0.3333333333333357,0.8536082474226805,0.22426470588235284,0.8300395256916996
0.5,0.30434782608695343,0.3209876543209944,0.7037800687285225,0.3841911764705883,0.7312252964426877
0.0,0.6739130434782581,0.5925925925925952,1.0,0.055147058823529244,0.7549407114624506
0.5,0.29347826086956275,0.23456790123456983,0.3999999999999999,0.5808823529411765,0.6442687747035573
0.0,0.7826086956521721,0.654320987654323,0.5223367697594501,0.47058823529411764,0.7430830039525691
0.5,0.5869565217391255,0.6296296296296333,0.4646048109965637,0.573529411764706,0.38339920948616596
0.5,0.22826086956521152,0.3580246913580325,0.4948453608247423,0.2996323529411764,0.6442687747035573
0.5,0.9347826086956488,0.9135802469135825,0.4329896907216497,0.6323529411764707,0.28063241106719367
1.0,0.7608695652173907,0.6419753086419746,0.2721649484536084,0.6544117647058825,0.5138339920948616
1.0,0.9239130434782581,0.8395061728395063,0.6694158075601377,0.27941176470588225,0.6719367588932806
0.0,0.25,0.45679012345679126,0.44398625429553285,0.5036764705882354,0.9130434782608695
0.0,0.21739130434782084,0.3209876543209944,0.3340206185567012,0.5588235294117648,0.24901185770750986
0.5,0.46739130434782794,0.5432098765432158,0.6570446735395188,0.3088235294117647,0.2885375494071146
0.5,0.4891304347826093,0.6913580246913611,0.479725085910653,0.5220588235294119,0.4150197628458498
1.0,0.6521739130434767,0.5802469135802468,0.5085910652920962,0.47058823529411764,0.2569169960474308
0.5,0.4782608695652115,0.5679012345679055,0.3587628865979382,0.641544117647059,0.13833992094861658
1.0,0.8369565217391255,0.8395061728395063,0.7285223367697595,0.3161764705882353,0.3517786561264822
0.0,0.7608695652173907,0.7283950617283992,0.3161512027491409,0.667279411764706,0.4703557312252964
1.0,0.6086956521739069,0.6172839506172849,0.32302405498281805,0.511029411764706,0.8181818181818181
0.0,0.9130434782608674,0.8518518518518547,0.622680412371134,0.4779411764705882,0.7193675889328063
0.0,0.7173913043478208,0.6419753086419746,0.29003436426116846,0.7720588235294119,0.3913043478260869
0.0,0.5760869565217348,0.45679012345679126,0.5333333333333332,0.42647058823529416,0.38735177865612647
0.5,0.5869565217391255,0.6049382716049436,0.24879725085910653,0.7665441176470589,0.07509881422924901
0.5,0.8369565217391255,0.6666666666666714,0.44261168384879745,0.5551470588235294,0.4268774703557312
0.0,0.9347826086956488,0.9259259259259238,0.30927835051546393,0.6194852941176472,0.035573122529644265
0.0,0.5108695652173907,0.5432098765432158,0.40824742268041225,0.5165441176470589,0.23715415019762845
0.0,0.30434782608695343,0.3703703703703738,0.7079037800687287,0.2996323529411764,0.6363636363636364
0.0,0.3260869565217348,0.3209876543209944,0.37938144329896906,0.5698529411764706,0.6956521739130435
0.0,0.6195652173912976,0.8024691358024683,0.5951890034364262,0.3713235294117647,0.43083003952569165
0.0,0.6086956521739069,0.654320987654323,0.29415807560137464,0.7058823529411766,0.5375494071146245
1.0,0.21739130434782084,0.308641975308646,0.666666666666667,0.34191176470588225,0.035573122529644265
0.0,0.44565217391303946,0.6419753086419746,0.8013745704467357,0.27573529411764697,0.03952569169960474
0.0,0.29347826086956275,0.3456790123456841,0.6817869415807563,0.2849264705882353,0.7747035573122529
1.0,0.8804347826086882,0.7654320987654302,0.5030927835051546,0.375,0.8300395256916996
0.0,0.4239130434782581,0.5432098765432158,0.5030927835051546,0.45772058823529416,0.03952569169960474
0.0,0.20652173913043015,0.2716049382716008,1.0,0.1378676470588234,0.7351778656126482
0.0,0.7499999999999929,0.7160493827160508,0.5223367697594501,0.36029411764705876,0.3201581027667984
0.5,0.5217391304347814,0.3950617283950635,0.5223367697594501,0.47058823529411764,0.12252964426877469
0.0,0.3478260869565162,0.48148148148148806,0.3477663230240551,0.7500000000000001,0.48221343873517786
0.0,0.4347826086956488,0.3950617283950635,0.2859106529209623,0.8731617647058825,0.6442687747035573
0.0,0.3260869565217348,0.2839506172839492,0.5635738831615122,0.4595588235294117,0.3992094861660079
1.0,0.38043478260869534,0.3580246913580325,0.38625429553264623,0.6727941176470589,0.592885375494071
0.5,0.7282608695652115,0.6790123456790127,0.6281786941580756,0.32904411764705876,0.7470355731225296
0.0,0.6630434782608603,0.5925925925925952,0.44123711340206206,0.5643382352941178,0.38735177865612647
0.0,0.5652173913043441,0.6172839506172849,0.6020618556701032,0.3805147058823529,0.47826086956521735
0.5,0.5108695652173907,0.7037037037037024,0.2969072164948454,0.6121323529411765,0.02766798418972332
0.5,0.25,0.3580246913580325,0.30515463917525776,0.7463235294117648,0.691699604743083
0.0,0.5760869565217348,0.46913580246913966,0.9608247422680414,0.18749999999999986,0.9565217391304347
0.0,0.4239130434782581,0.3950617283950635,0.3601374570446736,0.48345588235294124,0.4624505928853755
0.0,0.1630434782608674,0.2716049382716008,0.28041237113402073,0.6654411764705883,0.5533596837944663
0.0,0.7826086956521721,0.8024691358024683,0.5580756013745707,0.4761029411764707,0.11857707509881422
0.0,0.46739130434782794,0.5555555555555571,0.2268041237113403,0.7058823529411766,0.15810276679841895
0.0,0.3152173913043441,0.4074074074074119,0.6529209621993126,0.3915441176470589,0.35968379446640314
0.0,0.7934782608695627,0.7283950617283992,0.5608247422680415,0.4025735294117647,0.7193675889328063
0.0,0.46739130434782794,0.4320987654321016,0.35326460481099664,0.6084558823529412,0.525691699604743
0.5,0.5978260869565162,0.7654320987654302,0.25841924398625427,0.5790441176470589,0.8458498023715414
0.5,0.21739130434782084,0.3827160493827222,0.4137457044673538,0.5753676470588236,0.592885375494071
0.5,0.22826086956521152,0.3209876543209944,0.37938144329896906,0.573529411764706,0.07114624505928853
0.5,0.25,0.3703703703703738,0.329896907216495,0.7113970588235295,0.015810276679841896
0.0,0.8043478260869534,0.5802469135802468,0.44123711340206206,0.5496323529411765,0.13043478260869565
0.0,0.2391304347826022,0.4320987654321016,0.7518900343642612,0.27941176470588225,0.11857707509881422
0.5,0.8369565217391255,0.8518518518518547,0.30790378006872854,0.5533088235294118,0.37154150197628455
1.0,0.7499999999999929,0.6419753086419746,0.48659793814432994,0.4246323529411764,0.24110671936758893
0.0,0.29347826086956275,0.3209876543209944,0.6790378006872855,0.3658088235294118,0.0
0.5,0.5543478260869534,0.5061728395061778,0.3601374570446736,0.5625,0.7826086956521738
1.0,0.4239130434782581,0.3456790123456841,0.2391752577319588,0.6378676470588236,0.5810276679841897
0.5,0.5326086956521721,0.7283950617283992,0.33951890034364274,0.7904411764705883,0.32411067193675885
0.5,0.5217391304347814,0.6913580246913611,0.7972508591065295,0.25367647058823517,0.1660079051383399
0.0,0.7608695652173907,0.7777777777777786,0.2556701030927835,0.7242647058823531,0.6521739130434783
0.0,0.7499999999999929,0.7160493827160508,0.5773195876288661,0.3272058823529411,0.1541501976284585
0.0,0.06521739130434412,0.11111111111111427,0.33539518900343657,0.5183823529411765,0.43083003952569165
0.0,0.7173913043478208,0.6049382716049436,0.4041237113402061,0.4779411764705882,0.08695652173913043
0.5,0.7282608695652115,0.6296296296296333,0.38075601374570445,0.6158088235294118,0.06719367588932806
0.5,0.7826086956521721,0.5555555555555571,0.8013745704467357,0.3253676470588235,0.3557312252964427
1.0,0.3913043478260789,0.3456790123456841,0.33951890034364274,0.7573529411764707,0.023715415019762844
0.0,0.3478260869565162,0.3333333333333357,0.7766323024054982,0.2426470588235293,0.03162055335968379
0.0,0.21739130434782084,0.308641975308646,0.44261168384879745,0.5183823529411765,0.06324110671936758
0.0,0.6630434782608603,0.6172839506172849,0.7395189003436426,0.2775735294117646,0.6719367588932806
0.0,0.2608695652173836,0.4197530864197603,0.541580756013746,0.4411764705882353,0.6798418972332015
0.0,0.9565217391304373,0.9135802469135825,0.5250859106529209,0.33272058823529405,0.035573122529644265
0.0,0.5217391304347814,0.4074074074074119,0.20068728522336787,0.8345588235294119,0.450592885375494
0.0,0.5217391304347814,0.45679012345679126,0.5374570446735398,0.4944852941176472,0.09486166007905138
0.5,0.8804347826086882,0.7160493827160508,0.5388316151202752,0.4338235294117647,0.450592885375494
0.0,0.7934782608695627,0.654320987654323,0.27628865979381456,0.8676470588235297,0.3675889328063241
0.5,0.5108695652173907,0.518518518518519,0.6639175257731962,0.28125,0.450592885375494
0.0,0.5652173913043441,0.5061728395061778,0.3752577319587629,0.661764705882353,0.7905138339920948
0.0,0.25,0.3333333333333357,0.4013745704467353,0.5055147058823529,0.7707509881422925
0.0,0.5543478260869534,0.7530864197530889,0.6432989690721649,0.3584558823529411,0.02766798418972332
0.0,0.6847826086956488,0.5925925925925952,0.3147766323024055,0.6727941176470589,0.4110671936758893
0.0,0.5108695652173907,0.45679012345679126,1.0,0.13235294117647042,0.21739130434782608
0.0,0.7499999999999929,0.7407407407407405,0.4398625429553267,0.5845588235294119,0.7035573122529644
0.5,0.5543478260869534,0.6790123456790127,0.2721649484536084,0.7959558823529413,0.6996047430830039
0.0,0.5543478260869534,0.7777777777777786,0.6364261168384879,0.40625,0.45454545454545453
1.0,0.2391304347826022,0.45679012345679126,0.27491408934707917,0.5974264705882353,0.5098814229249011
0.0,0.5326086956521721,0.7407407407407405,0.597938144329897,0.3253676470588235,0.6956521739130435
0.0,0.1630434782608674,0.2592592592592595,0.42886597938144355,0.48897058823529416,0.48221343873517786
0.0,0.45652173913043015,0.6296296296296333,0.5539518900343645,0.46691176470588247,0.2924901185770751
0.5,0.7499999999999929,0.7160493827160508,0.38625429553264623,0.5827205882352942,0.44664031620553357
0.5,0.4021739130434767,0.5555555555555571,0.6721649484536085,0.3584558823529411,0.25296442687747034
0.5,0.6630434782608603,0.654320987654323,0.4371134020618559,0.43566176470588236,0.35968379446640314
0.5,0.45652173913043015,0.6172839506172849,0.2694158075601376,0.6746323529411765,0.0
0.0,0.8260869565217348,0.827160493827158,0.35189003436426125,0.6746323529411765,0.6126482213438734
0.0,0.6304347826086953,0.654320987654323,0.2886597938144331,0.704044117647059,0.7509881422924901
0.5,0.5652173913043441,0.5061728395061778,0.34089347079037813,0.6562500000000001,0.43478260869565216
0.0,0.7499999999999929,0.7037037037037024,0.8054982817869418,0.2591911764705881,0.13043478260869565
0.0,0.2717391304347814,0.3209876543209944,0.4536082474226806,0.6341911764705883,0.6324110671936758
0.0,0.3913043478260789,0.5308641975308674,0.6391752577319587,0.33823529411764697,0.30039525691699603
0.0,0.22826086956521152,0.3580246913580325,0.8962199312714776,0.21691176470588228,0.31225296442687744
0.5,0.4782608695652115,0.6419753086419746,0.6213058419243986,0.44852941176470595,0.8023715415019762
0.5,0.2391304347826022,0.4320987654321016,0.49759450171821307,0.5,0.8142292490118577
0.0,0.7499999999999929,0.6666666666666714,0.3106529209621993,0.7518382352941179,0.5533596837944663
0.0,0.6304347826086953,0.5925925925925952,0.4962199312714777,0.4761029411764707,0.35968379446640314
0.0,0.5652173913043441,0.6049382716049436,1.0,0.1378676470588234,0.8221343873517786
0.0,0.7608695652173907,0.7530864197530889,0.6006872852233678,0.41176470588235303,0.6007905138339921
0.5,0.3260869565217348,0.4320987654321016,0.8453608247422681,0.2849264705882353,0.5138339920948616
0.5,0.4239130434782581,0.5925925925925952,0.5223367697594501,0.3805147058823529,0.13833992094861658
0.5,0.3369565217391255,0.3703703703703738,0.3477663230240551,0.8805147058823533,0.4703557312252964
0.0,0.7717391304347743,0.654320987654323,0.20481099656357404,0.8566176470588236,0.7075098814229248
0.5,0.5869565217391255,0.45679012345679126,0.5786941580756015,0.40808823529411764,0.20553359683794464
0.0,0.6195652173912976,0.5925925925925952,0.5951890034364262,0.375,0.3043478260869565
0.5,0.4021739130434767,0.5679012345679055,0.9058419243986258,0.27941176470588225,0.7035573122529644
0.0,0.7717391304347743,0.5555555555555571,0.24467353951890036,0.911764705882353,0.41897233201581024
0.5,0.6195652173912976,0.7283950617283992,0.18281786941580758,0.7757352941176472,0.035573122529644265
0.5,0.22826086956521152,0.3950617283950635,0.24742268041237114,0.8511029411764708,0.7944664031620553
0.0,0.29347826086956275,0.2592592592592595,0.33814432989690735,0.7150735294117648,0.5533596837944663
0.0,0.6521739130434767,0.5802469135802468,0.24467353951890036,0.6231617647058825,0.3557312252964427
0.5,0.9565217391304373,0.9506172839506135,0.4810996563573884,0.5441176470588236,0.4150197628458498
0.0,0.5869565217391255,0.5555555555555571,0.24742268041237114,0.7720588235294119,0.1976284584980237
0.5,0.21739130434782084,0.3209876543209944,0.7271477663230241,0.2683823529411764,0.47826086956521735
0.0,0.1630434782608674,0.23456790123456983,0.5209621993127147,0.43566176470588236,0.7075098814229248
0.0,0.4130434782608674,0.45679012345679126,0.3725085910652921,0.5772058823529412,0.32411067193675885
0.5,0.6304347826086953,0.6419753086419746,0.3134020618556701,0.5937500000000001,0.04743083003952569
0.5,0.8695652173913047,0.7530864197530889,0.3752577319587629,0.5900735294117647,0.24110671936758893
1.0,0.5326086956521721,0.654320987654323,0.8371134020618558,0.27022058823529405,0.5968379446640316
0.0,0.5108695652173907,0.7037037037037024,0.29553264604811,0.6764705882352943,0.3992094861660079
0.0,0.4021739130434767,0.5802469135802468,0.4618556701030929,0.39522058823529405,0.18972332015810275
1.0,0.38043478260869534,0.5061728395061778,0.5429553264604814,0.4779411764705882,0.2569169960474308
0.0,0.3260869565217348,0.3950617283950635,0.7243986254295534,0.32904411764705876,0.6877470355731224
0.5,0.6630434782608603,0.6172839506172849,0.6171821305841925,0.39522058823529405,0.3992094861660079
0.5,0.7826086956521721,0.7777777777777786,0.9044673539518904,0.22977941176470576,0.8023715415019762
0.0,0.08695652173912549,0.18518518518518334,0.6144329896907217,0.3308823529411764,0.07114624505928853
0.5,0.5760869565217348,0.7777777777777786,0.44261168384879745,0.4963235294117647,0.37154150197628455
0.5,0.891304347826086,0.9012345679012341,0.44536082474226824,0.6121323529411765,0.3517786561264822
0.0,0.6521739130434767,0.6913580246913611,0.36563573883161515,0.6801470588235294,0.06324110671936758
1.0,0.9456521739130395,0.9259259259259238,0.14158075601374587,1.0,0.6363636363636364
1.0,0.29347826086956275,0.22222222222222143,0.7079037800687287,0.27573529411764697,0.10276679841897232
0.0,0.29347826086956275,0.3950617283950635,0.6034364261168386,0.45772058823529416,0.19367588932806323
0.0,0.4999999999999929,0.5679012345679055,0.6460481099656357,0.2996323529411764,0.6007905138339921
0.0,0.2391304347826022,0.3950617283950635,0.40962199312714764,0.5551470588235294,0.05928853754940711
0.0,0.35869565217391397,0.5061728395061778,0.9264604810996566,0.13419117647058812,0.5612648221343873
0.0,0.6086956521739069,0.5925925925925952,0.5525773195876291,0.5018382352941178,0.31225296442687744
0.5,0.5652173913043441,0.7530864197530889,0.6432989690721649,0.3970588235294117,0.007905138339920948
0.0,0.7826086956521721,0.5802469135802468,0.33951890034364274,0.6507352941176472,0.4624505928853755
0.0,0.4021739130434767,0.5555555555555571,0.7065292096219933,0.2941176470588235,0.19367588932806323
0.0,0.20652173913043015,0.2716049382716008,0.23230240549828185,0.8327205882352944,0.7272727272727272
0.0,0.8043478260869534,0.6049382716049436,0.5443298969072168,0.39522058823529405,0.0
0.0,0.3369565217391255,0.308641975308646,0.41649484536082504,0.6286764705882354,0.8458498023715414
1.0,0.20652173913043015,0.2716049382716008,0.3876288659793816,0.44852941176470595,0.5968379446640316
0.0,0.6521739130434767,0.5802469135802468,0.3738831615120275,0.5275735294117647,0.7786561264822134
0.5,0.4021739130434767,0.3209876543209944,0.2872852233676977,0.6323529411764707,0.13833992094861658
0.0,0.8369565217391255,0.6790123456790127,0.3312714776632304,0.5349264705882353,0.38735177865612647
0.0,0.38043478260869534,0.4197530864197603,0.26666666666666683,0.599264705882353,0.44664031620553357
0.0,0.4347826086956488,0.4197530864197603,0.31752577319587627,0.7224264705882354,0.1067193675889328
0.0,0.6413043478260789,0.6172839506172849,0.6982817869415809,0.36029411764705876,0.38735177865612647
0.5,0.38043478260869534,0.49382716049382935,0.38487972508591084,0.5882352941176471,0.12252964426877469
0.0,0.45652173913043015,0.518518518518519,0.32164948453608244,0.7150735294117648,0.2292490118577075
0.0,0.7608695652173907,0.7407407407407405,0.6089347079037801,0.47426470588235303,0.5652173913043478
0.0,0.28260869565216495,0.4074074074074119,0.6336769759450172,0.29779411764705876,0.10276679841897232
0.5,0.7499999999999929,0.6913580246913611,1.0,0.1672794117647057,0.3992094861660079
0.5,0.6739130434782581,0.6172839506172849,0.26254295532646066,0.630514705882353,0.45454545454545453
0.5,0.22826086956521152,0.3209876543209944,0.8329896907216496,0.2959558823529411,0.6561264822134387
0.5,0.44565217391303946,0.6419753086419746,0.4192439862542958,0.5018382352941178,0.02766798418972332
0.0,0.36956521739129755,0.5061728395061778,0.5786941580756015,0.3492647058823529,0.8577075098814229
1.0,0.4782608695652115,0.5679012345679055,0.4041237113402061,0.5073529411764706,0.07509881422924901
0.0,0.5108695652173907,0.49382716049382935,0.21718213058419256,0.9025735294117649,0.3162055335968379
1.0,0.30434782608695343,0.44444444444444997,0.2254295532646049,0.7022058823529412,0.2845849802371541
0.5,0.9021739130434767,0.8148148148148167,1.0,0.17463235294117638,0.458498023715415
0.5,0.6521739130434767,0.6172839506172849,0.5003436426116838,0.5128676470588236,0.7035573122529644
1.0,0.25,0.3580246913580325,0.42886597938144355,0.4963235294117647,0.07509881422924901
0.0,0.3369565217391255,0.4074074074074119,1.0,0.042279411764705704,0.3517786561264822
0.0,0.28260869565216495,0.24691358024691112,0.1924398625429553,0.7794117647058825,0.3438735177865612
0.0,0.5434782608695627,0.6913580246913611,0.2254295532646049,0.8768382352941178,0.4426877470355731
0.0,0.2391304347826022,0.308641975308646,0.6075601374570447,0.38235294117647056,0.45454545454545453
0.5,0.30434782608695343,0.3703703703703738,0.26666666666666683,0.6764705882352943,0.6245059288537549
0.5,0.6739130434782581,0.6172839506172849,0.9663230240549829,0.15624999999999986,0.6007905138339921
0.5,0.22826086956521152,0.3580246913580325,0.3903780068728524,0.5220588235294119,0.7786561264822134
0.0,0.5652173913043441,0.6172839506172849,0.4398625429553267,0.48897058823529416,0.6284584980237153
0.0,0.19565217391303946,0.308641975308646,0.31752577319587627,0.5477941176470589,0.7667984189723319
0.0,0.6956521739130395,0.654320987654323,0.46048109965635753,0.5882352941176471,0.5296442687747035
1.0,0.8043478260869534,0.790123456790127,0.597938144329897,0.3621323529411764,0.5849802371541502
0.0,0.9021739130434767,0.8888888888888857,0.29278350515463925,0.8272058823529413,0.1067193675889328
0.0,0.5869565217391255,0.6666666666666714,0.3738831615120275,0.5551470588235294,0.5849802371541502
0.5,0.7065217391304301,0.6172839506172849,0.3463917525773197,0.7205882352941178,0.34782608695652173
0.0,0.44565217391303946,0.4197530864197603,0.6900343642611686,0.4246323529411764,0.26877470355731226
0.5,0.5108695652173907,0.7037037037037024,0.9567010309278352,0.19301470588235284,0.007905138339920948
0.0,0.9239130434782581,0.8765432098765444,0.34089347079037813,0.8437500000000002,0.616600790513834
1.0,0.35869565217391397,0.5061728395061778,0.152577319587629,0.7922794117647061,0.6007905138339921
0.0,0.4347826086956488,0.3703703703703738,0.4343642611683851,0.5091911764705883,0.8418972332015809
0.0,0.2717391304347814,0.22222222222222143,0.302405498281787,0.5,0.6284584980237153
0.5,0.4782608695652115,0.6790123456790127,0.5388316151202752,0.5716911764705883,0.4980237154150197
0.0,0.4782608695652115,0.44444444444444997,0.5195876288659793,0.44852941176470595,0.015810276679841896
0.0,0.28260869565216495,0.24691358024691112,0.548453608247423,0.4025735294117647,0.2924901185770751
0.5,0.20652173913043015,0.3209876543209944,0.8604810996563574,0.27022058823529405,0.15019762845849802
0.0,0.18478260869564878,0.2716049382716008,0.42749140893470816,0.4852941176470589,0.5968379446640316
0.0,0.6847826086956488,0.5432098765432158,0.21718213058419256,0.6507352941176472,0.3043478260869565
0.5,0.6304347826086953,0.6666666666666714,0.2969072164948454,0.5459558823529412,0.7312252964426877
0.0,0.5108695652173907,0.7037037037037024,0.4384879725085913,0.5220588235294119,0.08695652173913043
0.0,0.6847826086956488,0.6419753086419746,0.6254295532646048,0.3915441176470589,0.22134387351778656
1.0,0.1630434782608674,0.2592592592592595,0.6309278350515464,0.3253676470588235,0.4624505928853755
0.0,0.5217391304347814,0.4074074074074119,0.32439862542955344,0.7720588235294119,0.11462450592885375
0.0,0.7608695652173907,0.5432098765432158,0.666666666666667,0.31066176470588225,0.13438735177865613
0.0,0.22826086956521152,0.3209876543209944,0.361512027491409,0.5551470588235294,0.44664031620553357
0.0,0.6521739130434767,0.6049382716049436,0.4962199312714777,0.5330882352941176,0.6956521739130435
0.0,0.4239130434782581,0.3456790123456841,0.44261168384879745,0.5588235294117648,0.6245059288537549
0.5,0.5543478260869534,0.49382716049382935,0.4398625429553267,0.5404411764705883,0.525691699604743
0.5,0.28260869565216495,0.3827160493827222,0.5965635738831616,0.35477941176470584,0.23320158102766797
0.5,0.5217391304347814,0.7037037037037024,0.30515463917525776,0.7224264705882354,0.37154150197628455
1.0,0.25,0.4074074074074119,0.9855670103092784,0.22794117647058812,0.09486166007905138
0.0,0.2608695652173836,0.3950617283950635,0.7890034364261171,0.24816176470588228,0.09486166007905138
0.0,0.2717391304347814,0.19753086419753174,0.9498281786941583,0.20588235294117638,0.7035573122529644
0.0,0.5108695652173907,0.7160493827160508,0.8852233676975945,0.2849264705882353,0.37154150197628455
0.5,0.3369565217391255,0.308641975308646,0.5718213058419246,0.5183823529411765,0.7549407114624506
0.0,0.9239130434782581,0.8765432098765444,0.6570446735395188,0.42279411764705876,0.5652173913043478
0.0,0.5869565217391255,0.654320987654323,0.4508591065292098,0.46875,0.3913043478260869
0.0,0.03260869565217206,0.06172839506172778,0.35189003436426125,0.5459558823529412,0.2292490118577075
0.0,0.38043478260869534,0.3703703703703738,0.6419243986254295,0.41176470588235303,0.18577075098814227
0.0,0.6847826086956488,0.518518518518519,0.3147766323024055,0.568014705882353,0.40316205533596833
0.5,0.38043478260869534,0.3456790123456841,0.7463917525773196,0.28860294117647056,0.5533596837944663
0.0,0.5543478260869534,0.5802469135802468,0.4371134020618559,0.6158088235294118,0.18972332015810275
0.0,0.8586956521739069,0.7160493827160508,0.47422680412371143,0.46139705882352944,0.0
0.5,0.6630434782608603,0.5802469135802468,0.529209621993127,0.5863970588235295,0.683794466403162
0.0,0.6195652173912976,0.6419753086419746,0.8989690721649484,0.16176470588235284,0.6640316205533596
0.5,0.21739130434782084,0.3456790123456841,0.4893470790378007,0.6709558823529412,0.6956521739130435
0.0,0.22826086956521152,0.3456790123456841,0.4041237113402061,0.5514705882352942,0.26877470355731226
1.0,0.7608695652173907,0.7530864197530889,0.8742268041237113,0.22426470588235284,0.16996047430830039
0.0,0.44565217391303946,0.4074074074074119,0.6116838487972509,0.3566176470588236,0.7035573122529644
0.0,0.8804347826086882,0.8765432098765444,0.26391752577319605,0.698529411764706,0.37154150197628455
0.0,0.20652173913043015,0.3456790123456841,0.5580756013745707,0.42279411764705876,0.37549407114624506
0.5,0.3260869565217348,0.46913580246913966,0.5388316151202752,0.4430147058823529,0.5177865612648221
0.5,0.7717391304347743,0.7530864197530889,0.3917525773195878,0.5386029411764707,0.4150197628458498
0.0,0.5652173913043441,0.6296296296296333,0.7697594501718212,0.24816176470588228,0.49407114624505927
0.0,0.8695652173913047,0.6913580246913611,0.30927835051546393,0.636029411764706,0.07114624505928853
0.0,0.891304347826086,0.9012345679012341,0.40824742268041225,0.5183823529411765,0.22134387351778656
0.0,0.5760869565217348,0.5555555555555571,0.6240549828178694,0.3915441176470589,0.011857707509881422
0.0,0.3260869565217348,0.2716049382716008,0.36701030927835054,0.49816176470588236,0.5652173913043478
0.0,0.7173913043478208,0.5925925925925952,0.9951890034364261,0.16544117647058812,0.6996047430830039
0.0,0.9782608695652186,0.9382716049382722,0.834364261168385,0.22242647058823514,0.1541501976284585
0.5,0.6304347826086953,0.5925925925925952,0.6570446735395188,0.32904411764705876,0.30039525691699603
1.0,0.1521739130434696,0.2962962962963047,0.4948453608247423,0.6158088235294118,0.8023715415019762
0.5,0.7608695652173907,0.7407407407407405,0.3917525773195878,0.5459558823529412,0.22134387351778656
0.0,0.36956521739129755,0.3456790123456841,0.2845360824742269,0.6176470588235294,0.18972332015810275
0.0,0.7391304347826093,0.6790123456790127,0.3422680412371135,0.6470588235294119,0.05138339920948616
1.0,0.22826086956521152,0.3333333333333357,0.4384879725085913,0.6139705882352943,0.592885375494071
0.0,0.9021739130434767,0.7654320987654302,0.4192439862542958,0.6856617647058825,0.3320158102766798
0.0,0.44565217391303946,0.6049382716049436,0.3436426116838489,0.7408088235294119,0.03952569169960474
0.0,0.9021739130434767,0.7777777777777786,0.9058419243986258,0.19301470588235284,0.40711462450592883
1.0,0.3260869565217348,0.4074074074074119,0.9003436426116838,0.24080882352941166,0.7154150197628458
0.0,0.30434782608695343,0.2592592592592595,0.6020618556701032,0.3713235294117647,0.5138339920948616
0.0,0.7608695652173907,0.6790123456790127,0.2996563573883162,0.7481617647058825,0.23320158102766797
0.0,0.7717391304347743,0.5432098765432158,0.3436426116838489,0.7261029411764707,0.5573122529644269
0.0,0.7282608695652115,0.518518518518519,0.1924398625429553,0.8235294117647061,0.7786561264822134
0.0,0.7499999999999929,0.6296296296296333,0.2501718213058419,0.8051470588235297,0.30039525691699603
0.5,0.22826086956521152,0.3580246913580325,0.6529209621993126,0.3345588235294117,0.3517786561264822
1.0,0.3913043478260789,0.5432098765432158,0.3986254295532645,0.5790441176470589,0.616600790513834
0.0,0.7065217391304301,0.6296296296296333,0.5608247422680415,0.47426470588235303,0.15019762845849802
0.0,0.38043478260869534,0.3580246913580325,0.5841924398625431,0.41727941176470584,0.691699604743083
0.0,0.5760869565217348,0.7654320987654302,0.4054982817869415,0.46691176470588247,0.16205533596837943
0.0,0.4021739130434767,0.5679012345679055,1.0,0.21323529411764694,0.7114624505928854
0.5,0.5760869565217348,0.6172839506172849,0.23505154639175263,0.7371323529411765,0.0
0.0,0.7499999999999929,0.654320987654323,0.9127147766323027,0.19117647058823514,0.27667984189723316
0.0,0.8804347826086882,0.8765432098765444,0.2859106529209623,0.7463235294117648,0.38735177865612647
0.0,0.5543478260869534,0.7160493827160508,0.7367697594501719,0.31066176470588225,0.40711462450592883
0.5,0.7934782608695627,0.7283950617283992,0.4810996563573884,0.4816176470588236,0.7272727272727272
0.5,0.8804347826086882,0.864197530864196,0.25979381443298966,0.78125,0.12252964426877469
0.0,0.5760869565217348,0.5432098765432158,0.17731958762886602,0.6838235294117648,0.5138339920948616
0.5,0.20652173913043015,0.3209876543209944,0.5635738831615122,0.4595588235294117,0.011857707509881422
0.5,0.5978260869565162,0.6172839506172849,0.27903780068728534,0.5863970588235295,0.8102766798418972
0.5,0.7499999999999929,0.6666666666666714,0.36563573883161515,0.8419117647058825,0.40316205533596833
0.0,0.7173913043478208,0.654320987654323,0.1663230240549829,0.7738970588235294,0.5059288537549407
0.5,0.6304347826086953,0.6419753086419746,0.5278350515463917,0.46139705882352944,0.4980237154150197
0.0,0.9130434782608674,0.827160493827158,0.20343642611683865,0.8547794117647061,0.541501976284585
0.5,0.891304347826086,0.864197530864196,0.3463917525773197,0.667279411764706,0.1660079051383399
0.5,0.5760869565217348,0.5555555555555571,0.08934707903780081,0.7261029411764707,0.0909090909090909
0.0,0.5326086956521721,0.5679012345679055,0.04673539518900349,0.8584558823529413,0.15810276679841895
0.0,0.17391304347825098,0.2839506172839492,0.48522336769759455,0.39889705882352944,0.3320158102766798
0.0,0.29347826086956275,0.2839506172839492,0.4893470790378007,0.44485294117647056,0.19367588932806323
0.0,0.22826086956521152,0.3209876543209944,0.7628865979381443,0.2941176470588235,0.13043478260869565
0.5,0.7717391304347743,0.7530864197530889,0.5099656357388316,0.49816176470588236,0.3992094861660079
0.5,0.891304347826086,0.8888888888888857,0.9828178694158076,0.19301470588235284,0.3952569169960474
0.0,0.3913043478260789,0.3950617283950635,0.3876288659793816,0.6378676470588236,0.035573122529644265
0.5,0.5326086956521721,0.46913580246913966,0.36563573883161515,0.7113970588235295,0.7470355731225296
0.0,0.4239130434782581,0.3827160493827222,0.6006872852233678,0.33639705882352944,0.7154150197628458
0.0,0.7826086956521721,0.6296296296296333,0.5621993127147769,0.4430147058823529,0.6245059288537549
0.0,0.7173913043478208,0.5802469135802468,0.4810996563573884,0.3915441176470589,0.6126482213438734
1.0,0.5543478260869534,0.7160493827160508,0.6790378006872855,0.29779411764705876,0.541501976284585
0.0,0.9565217391304373,0.9135802469135825,0.5333333333333332,0.43198529411764697,0.33992094861660077
0.0,0.5434782608695627,0.7530864197530889,1.0,0.12499999999999986,0.04743083003952569
0.0,0.9130434782608674,0.827160493827158,0.50446735395189,0.47426470588235303,0.4229249011857707
0.5,0.30434782608695343,0.4320987654321016,0.4013745704467353,0.6066176470588236,0.3162055335968379
0.0,0.7173913043478208,0.6790123456790127,0.6721649484536085,0.2996323529411764,0.0909090909090909
1.0,0.7499999999999929,0.7037037037037024,0.6281786941580756,0.4154411764705882,0.27667984189723316
0.0,0.9347826086956488,0.9259259259259238,0.45498281786941597,0.4522058823529411,0.02766798418972332
0.0,0.2717391304347814,0.19753086419753174,0.3711340206185567,0.5827205882352942,0.011857707509881422
1.0,0.6304347826086953,0.8024691358024683,0.44398625429553285,0.5477941176470589,0.20553359683794464
0.0,0.3913043478260789,0.3950617283950635,0.34914089347079047,0.6397058823529412,0.05928853754940711
0.0,0.38043478260869534,0.3703703703703738,0.44261168384879745,0.38235294117647056,0.28063241106719367
0.0,0.4239130434782581,0.5679012345679055,0.4054982817869415,0.47977941176470584,0.6324110671936758
0.5,0.30434782608695343,0.2592592592592595,0.20343642611683865,0.8161764705882355,0.7549407114624506
1.0,0.4239130434782581,0.6049382716049436,0.36563573883161515,0.6544117647058825,0.6047430830039525
0.5,0.6847826086956488,0.6172839506172849,1.0,0.14522058823529396,0.7035573122529644
0.0,0.2391304347826022,0.3580246913580325,0.12646048109965635,0.7500000000000001,0.541501976284585
0.0,0.4999999999999929,0.4320987654321016,0.6735395189003439,0.40441176470588225,0.06324110671936758
0.0,0.3478260869565162,0.3209876543209944,0.8838487972508591,0.21874999999999986,0.1067193675889328
0.5,0.2391304347826022,0.2962962962963047,0.4137457044673538,0.5882352941176471,0.01976284584980237
0.0,0.5543478260869534,0.48148148148148806,0.48797250859106533,0.4724264705882353,0.49011857707509876
0.5,0.6195652173912976,0.654320987654323,0.4673539518900345,0.6268382352941178,0.44664031620553357
0.5,0.7499999999999929,0.6666666666666714,0.6487972508591064,0.3676470588235293,0.3043478260869565
0.5,0.3369565217391255,0.44444444444444997,0.30515463917525776,0.7500000000000001,0.01976284584980237
0.5,0.6630434782608603,0.6049382716049436,0.40687285223367686,0.4522058823529411,0.2924901185770751
1.0,0.891304347826086,0.7777777777777786,0.3147766323024055,0.7371323529411765,0.3162055335968379
0.0,0.5326086956521721,0.5432098765432158,0.3738831615120275,0.704044117647059,0.16205533596837943
0.0,0.30434782608695343,0.24691358024691112,0.6817869415807563,0.2720588235294117,0.5731225296442687
0.0,0.4021739130434767,0.5432098765432158,1.0,0.11948529411764694,0.05928853754940711
0.0,0.7608695652173907,0.654320987654323,0.6721649484536085,0.33639705882352944,0.011857707509881422
0.0,0.891304347826086,0.8518518518518547,0.4508591065292098,0.4816176470588236,0.08300395256916995
0.0,0.4782608695652115,0.4320987654321016,0.24467353951890036,0.8198529411764708,0.5454545454545454
0.0,0.3260869565217348,0.3209876543209944,0.3903780068728524,0.6011029411764707,0.24901185770750986
0.5,0.3152173913043441,0.3333333333333357,0.47010309278350526,0.49816176470588236,0.5296442687747035
1.0,0.38043478260869534,0.518518518518519,0.40962199312714764,0.5845588235294119,0.2608695652173913
0.5,0.5760869565217348,0.6049382716049436,0.3560137457044674,0.7352941176470589,0.2964426877470355
0.0,0.4130434782608674,0.3950617283950635,0.7037800687285225,0.2647058823529411,0.43478260869565216
0.0,0.6521739130434767,0.5679012345679055,0.3450171821305843,0.7886029411764708,0.49407114624505927
0.0,0.2391304347826022,0.45679012345679126,0.8810996563573883,0.2113970588235293,0.43478260869565216
0.5,0.6956521739130395,0.5925925925925952,0.6281786941580756,0.4246323529411764,0.47826086956521735
0.5,0.36956521739129755,0.49382716049382935,0.26666666666666683,0.693014705882353,0.13438735177865613
1.0,0.891304347826086,0.7283950617283992,0.40962199312714764,0.6286764705882354,0.3162055335968379
0.5,0.5978260869565162,0.6296296296296333,0.5237113402061855,0.41727941176470584,0.31225296442687744
0.0,0.2717391304347814,0.3827160493827222,0.3477663230240551,0.6764705882352943,0.3992094861660079
0.0,0.3478260869565162,0.4074074074074119,0.3986254295532645,0.5882352941176471,0.8577075098814229
0.5,0.4130434782608674,0.5555555555555571,0.39587628865979374,0.6544117647058825,0.3992094861660079
0.0,0.5543478260869534,0.7530864197530889,0.716151202749141,0.3308823529411764,0.7747035573122529
0.0,0.7391304347826093,0.6913580246913611,0.8109965635738834,0.21323529411764694,0.7905138339920948
1.0,0.9456521739130395,0.9012345679012341,0.7326460481099657,0.32352941176470584,0.6758893280632411
0.5,0.5978260869565162,0.6419753086419746,0.7010309278350517,0.28125,0.24901185770750986
1.0,0.6195652173912976,0.6049382716049436,0.2721649484536084,0.6948529411764707,0.41897233201581024
0.0,0.44565217391303946,0.44444444444444997,0.5883161512027493,0.3492647058823529,0.15810276679841895
0.0,0.5869565217391255,0.790123456790127,0.4536082474226806,0.573529411764706,0.6126482213438734
0.5,0.5978260869565162,0.7777777777777786,0.3876288659793816,0.5919117647058825,0.7233201581027667
0.0,0.1521739130434696,0.2592592592592595,0.6570446735395188,0.4007352941176471,0.9407114624505928
0.0,0.46739130434782794,0.6419753086419746,0.08384879725085925,0.9632352941176474,0.826086956521739
1.0,0.3913043478260789,0.6049382716049436,0.6144329896907217,0.3713235294117647,0.8735177865612648
0.0,0.7282608695652115,0.5802469135802468,0.6089347079037801,0.4191176470588236,0.4624505928853755
0.0,0.6086956521739069,0.6296296296296333,0.43161512027491433,0.44485294117647056,0.01976284584980237
0.5,0.5652173913043441,0.5061728395061778,0.4192439862542958,0.5422794117647058,0.47826086956521735
1.0,0.29347826086956275,0.3703703703703738,0.46048109965635753,0.43198529411764697,0.01976284584980237
0.0,0.29347826086956275,0.3703703703703738,0.37800687285223367,0.6709558823529412,0.20553359683794464
0.0,0.5326086956521721,0.5061728395061778,0.6625429553264608,0.3088235294117647,0.05138339920948616
0.0,0.7934782608695627,0.7407407407407405,0.8316151202749142,0.2628676470588235,0.11857707509881422
0.5,0.25,0.17283950617284205,0.4920962199312715,0.48345588235294124,0.1541501976284585
0.0,0.5434782608695627,0.6049382716049436,0.8769759450171821,0.21323529411764694,0.34782608695652173
0.5,0.7173913043478208,0.7160493827160508,0.44536082474226824,0.5147058823529411,0.592885375494071
0.0,0.5760869565217348,0.5802469135802468,0.32027491408934705,0.5477941176470589,0.450592885375494
1.0,0.4130434782608674,0.6049382716049436,0.8563573883161513,0.27941176470588225,0.6640316205533596
0.5,0.5978260869565162,0.6790123456790127,0.6405498281786941,0.35110294117647056,0.7035573122529644
0.5,0.4239130434782581,0.3827160493827222,0.20068728522336787,0.729779411764706,0.7628458498023715
0.0,0.36956521739129755,0.5061728395061778,0.49759450171821307,0.41727941176470584,0.0
0.0,0.2391304347826022,0.3827160493827222,0.3422680412371135,0.6801470588235294,0.6996047430830039
0.0,0.4239130434782581,0.3456790123456841,0.38075601374570445,0.5955882352941178,0.8774703557312252
0.0,0.5543478260869534,0.6666666666666714,0.32577319587628883,0.7591911764705884,0.7628458498023715
0.5,0.2391304347826022,0.3209876543209944,0.48522336769759455,0.46691176470588247,0.2924901185770751
0.0,0.7499999999999929,0.7160493827160508,0.44123711340206206,0.46875,0.13833992094861658
0.0,0.5434782608695627,0.5679012345679055,0.4329896907216497,0.7132352941176472,0.1976284584980237
0.5,0.5326086956521721,0.45679012345679126,0.802749140893471,0.27573529411764697,0.8221343873517786
0.5,0.8804347826086882,0.864197530864196,0.5608247422680415,0.6819852941176472,0.11067193675889328
0.0,0.5434782608695627,0.7407407407407405,0.270790378006873,0.7444852941176472,0.44664031620553357
0.0,0.9673913043478208,0.9506172839506135,0.44261168384879745,0.573529411764706,0.16205533596837943
0.0,0.3913043478260789,0.5679012345679055,0.2694158075601376,0.7573529411764707,0.37549407114624506
0.0,0.6086956521739069,0.6049382716049436,0.59106529209622,0.4154411764705882,0.7351778656126482
0.0,0.38043478260869534,0.3333333333333357,0.32027491408934705,0.6341911764705883,0.03952569169960474
0.0,0.5217391304347814,0.49382716049382935,0.5951890034364262,0.42279411764705876,0.6324110671936758
0.5,0.4347826086956488,0.3333333333333357,0.3711340206185567,0.5422794117647058,0.0
0.0,0.38043478260869534,0.518518518518519,0.4371134020618559,0.5055147058823529,0.4980237154150197
0.0,0.6739130434782581,0.6172839506172849,0.40962199312714764,0.6341911764705883,0.3043478260869565
0.0,0.7826086956521721,0.7654320987654302,0.1333333333333333,0.8639705882352942,0.4703557312252964
0.5,0.7065217391304301,0.6172839506172849,0.40824742268041225,0.42279411764705876,0.32411067193675885
0.0,0.6086956521739069,0.6172839506172849,0.33539518900343657,0.8216911764705883,0.06324110671936758
0.0,0.5434782608695627,0.5802469135802468,0.4467353951890036,0.4540441176470589,0.8656126482213438
0.0,0.5869565217391255,0.6666666666666714,1.0,0.011029411764705677,0.6719367588932806
0.5,0.18478260869564878,0.308641975308646,0.7340206185567011,0.32904411764705876,0.49011857707509876
0.5,0.7065217391304301,0.7160493827160508,0.34089347079037813,0.6654411764705883,0.5375494071146245
0.0,0.8369565217391255,0.6666666666666714,0.4907216494845361,0.5128676470588236,0.7075098814229248
0.0,0.8478260869565233,0.6913580246913611,0.23092783505154646,0.7316176470588237,0.6798418972332015
0.0,0.28260869565216495,0.23456790123456983,0.4618556701030929,0.5441176470588236,0.7114624505928854
0.5,0.8369565217391255,0.864197530864196,0.35463917525773203,0.625,0.3913043478260869
0.0,0.19565217391303946,0.2839506172839492,0.41099656357388303,0.5514705882352942,0.6679841897233201
0.0,0.7391304347826093,0.6790123456790127,0.38350515463917545,0.6893382352941178,0.043478260869565216
0.0,0.5978260869565162,0.7407407407407405,0.3147766323024055,0.5643382352941178,0.8972332015810276
0.5,0.5760869565217348,0.48148148148148806,0.270790378006873,0.6838235294117648,0.27667984189723316
1.0,0.30434782608695343,0.24691358024691112,0.2859106529209623,0.7977941176470591,0.44664031620553357
0.5,0.3152173913043441,0.4197530864197603,0.3340206185567012,0.6066176470588236,0.6205533596837944
0.5,0.6304347826086953,0.6790123456790127,0.5814432989690723,0.40808823529411764,0.8221343873517786
0.5,0.6630434782608603,0.6172839506172849,0.41512027491408965,0.6194852941176472,0.3992094861660079
0.0,0.45652173913043015,0.6296296296296333,0.25841924398625427,0.7738970588235294,0.2845849802371541
0.0,0.7934782608695627,0.5555555555555571,1.0,0.15992647058823514,0.07114624505928853
0.5,0.5217391304347814,0.49382716049382935,0.24742268041237114,0.818014705882353,0.18972332015810275
0.0,0.35869565217391397,0.5308641975308674,0.479725085910653,0.4816176470588236,0.015810276679841896
0.0,0.4891304347826093,0.45679012345679126,0.42886597938144355,0.5165441176470589,0.007905138339920948
0.0,0.6195652173912976,0.6049382716049436,0.6501718213058418,0.3786764705882353,0.04743083003952569
0.5,0.4130434782608674,0.3456790123456841,0.5759450171821308,0.4191176470588236,0.007905138339920948
0.5,0.8695652173913047,0.7160493827160508,0.5512027491408937,0.4375,0.18577075098814227
0.0,0.7499999999999929,0.6049382716049436,0.2996563573883162,0.6838235294117648,0.5217391304347826
0.5,0.5434782608695627,0.518518518518519,0.6089347079037801,0.29779411764705876,0.6996047430830039
0.5,0.7934782608695627,0.654320987654323,0.5786941580756015,0.4816176470588236,0.48221343873517786
0.5,0.36956521739129755,0.48148148148148806,0.39450171821305835,0.625,0.6403162055335968
0.0,0.5869565217391255,0.5679012345679055,0.5828178694158077,0.42647058823529416,0.05533596837944664
1.0,0.5760869565217348,0.5061728395061778,1.0,0.17830882352941166,0.6205533596837944
0.5,0.3478260869565162,0.2716049382716008,0.6487972508591064,0.37316176470588236,0.5770750988142292
0.5,0.2391304347826022,0.3333333333333357,0.27628865979381456,0.7720588235294119,0.5731225296442687
0.0,0.5652173913043441,0.49382716049382935,0.9250859106529212,0.21691176470588228,0.5652173913043478
0.0,0.4891304347826093,0.6666666666666714,0.597938144329897,0.4099264705882353,0.7075098814229248
0.0,0.4782608695652115,0.44444444444444997,0.3463917525773197,0.5753676470588236,0.23715415019762845
0.5,0.4239130434782581,0.3333333333333357,0.29278350515463925,0.5459558823529412,0.2134387351778656
0.0,0.6956521739130395,0.5432098765432158,1.0,0.0,0.03952569169960474
0.0,0.6847826086956488,0.5432098765432158,0.723024054982818,0.24816176470588228,0.05533596837944664
0.0,0.18478260869564878,0.3209876543209944,0.31752577319587627,0.849264705882353,0.533596837944664
0.5,0.19565217391303946,0.308641975308646,0.4962199312714777,0.46139705882352944,0.7233201581027667
0.0,0.3152173913043441,0.4074074074074119,0.44398625429553285,0.46875,0.47826086956521735
1.0,0.25,0.4074074074074119,0.779381443298969,0.24999999999999986,0.16205533596837943
0.5,0.6956521739130395,0.6049382716049436,0.44536082474226824,0.5404411764705883,0.3359683794466403
0.0,0.7608695652173907,0.7530864197530889,0.5580756013745707,0.5514705882352942,0.849802371541502
0.0,0.6195652173912976,0.6296296296296333,0.5237113402061855,0.5257352941176471,0.47826086956521735
1.0,0.7282608695652115,0.5925925925925952,0.3999999999999999,0.5588235294117648,0.5849802371541502
1.0,0.5760869565217348,0.45679012345679126,0.4054982817869415,0.6691176470588237,0.9288537549407114
0.0,0.4021739130434767,0.5432098765432158,0.26666666666666683,0.8584558823529413,0.1818181818181818
0.0,0.2717391304347814,0.4320987654321016,0.7079037800687287,0.33272058823529405,0.6442687747035573
1.0,0.5760869565217348,0.5308641975308674,0.3450171821305843,0.5441176470588236,0.3557312252964427
0.0,0.22826086956521152,0.4074074074074119,0.5498281786941583,0.3841911764705883,0.691699604743083
0.5,0.3369565217391255,0.3456790123456841,0.6432989690721649,0.42095588235294124,0.4229249011857707
0.0,0.5869565217391255,0.7530864197530889,0.23092783505154646,0.8382352941176472,0.7470355731225296
0.0,0.5434782608695627,0.5555555555555571,0.41649484536082504,0.5955882352941178,0.18972332015810275
1.0,0.08695652173912549,0.14814814814814525,0.5127147766323024,0.36397058823529416,0.13043478260869565
0.5,0.5652173913043441,0.7037037037037024,0.19793814432989687,0.7095588235294118,0.23715415019762845
0.0,0.8804347826086882,0.7407407407407405,0.859106529209622,0.23897058823529402,0.6363636363636364
0.0,0.3260869565217348,0.518518518518519,0.4659793814432991,0.5294117647058825,0.4426877470355731
0.0,0.6739130434782581,0.5925925925925952,0.6432989690721649,0.29227941176470584,0.41897233201581024
0.5,0.6304347826086953,0.6790123456790127,0.3285223367697596,0.7389705882352943,0.6521739130434783
0.5,0.3260869565217348,0.2592592592592595,0.4357388316151205,0.536764705882353,0.05138339920948616
0.5,0.5434782608695627,0.46913580246913966,0.38487972508591084,0.5441176470588236,0.5731225296442687
0.5,0.38043478260869534,0.3827160493827222,0.3752577319587629,0.5091911764705883,0.24901185770750986
0.5,0.4347826086956488,0.4074074074074119,0.4508591065292098,0.5625,0.26482213438735175
0.0,0.30434782608695343,0.24691358024691112,0.33814432989690735,0.6599264705882354,0.6284584980237153
0.0,0.2608695652173836,0.24691358024691112,0.5676975945017184,0.40625,0.12252964426877469
0.0,0.21739130434782084,0.3456790123456841,0.39587628865979374,0.7610294117647061,0.7075098814229248
0.0,0.21739130434782084,0.3580246913580325,0.2982817869415808,0.7794117647058825,0.616600790513834
0.0,0.7826086956521721,0.5555555555555571,0.5209621993127147,0.4430147058823529,0.40711462450592883
0.0,0.21739130434782084,0.2962962962963047,0.816494845360825,0.244485294117647,0.608695652173913
0.0,0.46739130434782794,0.4197530864197603,0.5580756013745707,0.4852941176470589,0.32806324110671936
0.0,0.6304347826086953,0.827160493827158,0.3601374570446736,0.46139705882352944,0.49011857707509876
1.0,0.4782608695652115,0.6666666666666714,0.2542955326460481,0.630514705882353,0.5652173913043478
0.0,0.4130434782608674,0.3333333333333357,0.35463917525773203,0.6452205882352942,0.26482213438735175
1.0,0.5217391304347814,0.7283950617283992,0.5786941580756015,0.46139705882352944,0.14624505928853754
0.0,0.8043478260869534,0.6172839506172849,0.27628865979381456,0.6378676470588236,0.043478260869565216
0.0,0.5760869565217348,0.49382716049382935,0.5841924398625431,0.36029411764705876,0.30039525691699603
0.0,0.22826086956521152,0.3456790123456841,0.4494845360824744,0.4595588235294117,0.83399209486166
1.0,0.11956521739129755,0.22222222222222143,0.5333333333333332,0.4632352941176471,0.24505928853754938
0.0,0.38043478260869534,0.49382716049382935,0.3876288659793816,0.5569852941176472,0.24901185770750986
0.0,0.9130434782608674,0.8888888888888857,0.45910652920962214,0.5091911764705883,0.0
0.0,0.4999999999999929,0.4074074074074119,0.529209621993127,0.5,0.34782608695652173
0.5,0.7934782608695627,0.790123456790127,0.38075601374570445,0.536764705882353,0.7154150197628458
0.5,0.7608695652173907,0.7530864197530889,0.4054982817869415,0.42095588235294124,0.7786561264822134
0.0,0.7608695652173907,0.654320987654323,0.38213058419243984,0.4558823529411765,0.2964426877470355
0.0,0.4347826086956488,0.4074074074074119,0.7780068728522336,0.3272058823529411,0.608695652173913
0.0,0.9130434782608674,0.9012345679012341,0.39725085910652913,0.5753676470588236,0.15810276679841895
1.0,0.5543478260869534,0.7037037037037024,0.38075601374570445,0.7279411764705883,0.4150197628458498
0.0,0.22826086956521152,0.2716049382716008,0.6020618556701032,0.3786764705882353,0.6956521739130435
0.0,0.30434782608695343,0.3703703703703738,0.6515463917525772,0.3216911764705882,0.011857707509881422
0.5,0.2717391304347814,0.2716049382716008,0.8714776632302406,0.23897058823529402,0.16996047430830039
0.0,0.6195652173912976,0.518518518518519,0.4659793814432991,0.5330882352941176,0.07509881422924901
0.0,0.4021739130434767,0.5802469135802468,0.3903780068728524,0.6139705882352943,0.6640316205533596
0.0,0.6413043478260789,0.6790123456790127,0.6419243986254295,0.3088235294117647,0.83399209486166
0.5,0.45652173913043015,0.4320987654321016,0.4494845360824744,0.5294117647058825,0.06719367588932806
0.0,0.3260869565217348,0.3456790123456841,0.5085910652920962,0.3566176470588236,0.683794466403162
0.0,0.28260869565216495,0.4074074074074119,0.4948453608247423,0.4540441176470589,0.2134387351778656
0.5,0.36956521739129755,0.48148148148148806,0.7835051546391756,0.26654411764705876,0.31225296442687744
0.5,0.4021739130434767,0.3333333333333357,0.50446735395189,0.6378676470588236,0.6442687747035573
0.5,0.5869565217391255,0.5555555555555571,0.2817869415807561,0.5753676470588236,0.11067193675889328
0.0,0.36956521739129755,0.5555555555555571,0.4907216494845361,0.568014705882353,0.13438735177865613
0.0,0.28260869565216495,0.3456790123456841,0.41786941580756043,0.5937500000000001,0.27667984189723316
0.5,0.8369565217391255,0.6790123456790127,0.3010309278350516,0.5257352941176471,0.3952569169960474
0.0,0.22826086956521152,0.3456790123456841,1.0,0.07536764705882334,0.6956521739130435
0.0,0.6086956521739069,0.790123456790127,0.4041237113402061,0.6102941176470589,0.6561264822134387
0.0,0.7173913043478208,0.5802469135802468,0.27766323024054995,0.7150735294117648,0.6047430830039525
0.5,0.5108695652173907,0.4197530864197603,0.4054982817869415,0.604779411764706,0.043478260869565216
0.5,0.4999999999999929,0.5432098765432158,0.26666666666666683,0.7996323529411766,0.7075098814229248
0.0,0.5652173913043441,0.5061728395061778,0.4659793814432991,0.5459558823529412,0.4624505928853755
0.0,0.46739130434782794,0.5555555555555571,0.47285223367697604,0.573529411764706,0.31225296442687744
0.0,0.7608695652173907,0.5432098765432158,0.4384879725085913,0.6102941176470589,0.7272727272727272
0.0,0.5434782608695627,0.48148148148148806,0.5498281786941583,0.49264705882352944,0.3359683794466403
1.0,0.4021739130434767,0.5555555555555571,0.7917525773195879,0.34375,0.0
0.0,0.5978260869565162,0.6049382716049436,0.2969072164948454,0.7371323529411765,0.6521739130434783
0.0,0.4347826086956488,0.6419753086419746,0.6886597938144332,0.36029411764705876,0.01976284584980237
0.0,0.4239130434782581,0.5679012345679055,0.2529209621993127,0.6636029411764707,0.9407114624505928
0.0,0.8260869565217348,0.827160493827158,0.7285223367697595,0.38602941176470584,0.7984189723320158
0.0,0.6956521739130395,0.5925925925925952,1.0,0.016544117647058626,0.5889328063241106
0.0,0.4021739130434767,0.3703703703703738,0.9951890034364261,0.18382352941176458,0.3794466403162055
0.0,0.20652173913043015,0.3580246913580325,0.3697594501718213,0.7279411764705883,0.14624505928853754
0.0,0.30434782608695343,0.2716049382716008,0.5635738831615122,0.4191176470588236,0.21739130434782608
0.0,0.20652173913043015,0.3580246913580325,0.9567010309278352,0.19852941176470576,0.40711462450592883
0.0,0.4021739130434767,0.5432098765432158,0.4054982817869415,0.4522058823529411,0.22134387351778656
0.0,0.6086956521739069,0.6419753086419746,0.7986254295532649,0.24999999999999986,0.15810276679841895
0.0,0.4782608695652115,0.6666666666666714,0.597938144329897,0.34191176470588225,0.5573122529644269
0.0,0.4239130434782581,0.3456790123456841,0.2886597938144331,0.7463235294117648,0.3952569169960474
1.0,0.7934782608695627,0.654320987654323,0.3711340206185567,0.7022058823529412,0.41897233201581024
0.5,0.5652173913043441,0.5061728395061778,0.27766323024054995,0.7922794117647061,0.5652173913043478
0.5,0.6739130434782581,0.5925925925925952,0.1924398625429553,0.8768382352941178,0.5494071146245059
0.0,0.5978260869565162,0.49382716049382935,1.0,0.14522058823529396,0.01976284584980237
0.0,0.043478260869562746,0.06172839506172778,0.3147766323024055,0.7205882352941178,0.3992094861660079
0.5,0.29347826086956275,0.22222222222222143,0.3560137457044674,0.5661764705882354,0.3992094861660079
0.0,0.4021739130434767,0.3333333333333357,0.25841924398625427,0.7316176470588237,0.7430830039525691
0.0,0.6413043478260789,0.6666666666666714,0.5250859106529209,0.4944852941176472,0.07905138339920947
1.0,0.4347826086956488,0.3827160493827222,0.3147766323024055,0.599264705882353,0.7549407114624506
0.0,0.45652173913043015,0.6419753086419746,0.4508591065292098,0.4724264705882353,0.6403162055335968
0.5,0.19565217391303946,0.3333333333333357,0.9786941580756015,0.19669117647058812,0.6126482213438734
1.0,0.5217391304347814,0.44444444444444997,0.38487972508591084,0.6066176470588236,0.6442687747035573
0.0,0.7499999999999929,0.654320987654323,0.5319587628865978,0.3933823529411765,0.7312252964426877
1.0,0.7173913043478208,0.654320987654323,0.23092783505154646,0.9338235294117649,0.4387351778656126
0.0,0.1630434782608674,0.23456790123456983,0.5773195876288661,0.4558823529411765,0.4980237154150197
1.0,0.4021739130434767,0.5308641975308674,0.3986254295532645,0.5900735294117647,0.8735177865612648
0.0,0.6521739130434767,0.5308641975308674,0.24192439862542958,0.7720588235294119,0.7351778656126482
0.0,0.9021739130434767,0.8395061728395063,0.7450171821305842,0.34191176470588225,0.7114624505928854
0.5,0.3478260869565162,0.49382716049382935,0.2556701030927835,0.8823529411764708,0.3794466403162055
0.0,0.4999999999999929,0.654320987654323,0.7958762886597941,0.2720588235294117,0.6996047430830039
0.0,0.5978260869565162,0.7654320987654302,0.33814432989690735,0.5202205882352942,0.6758893280632411
1.0,0.4239130434782581,0.6172839506172849,0.6432989690721649,0.3051470588235293,0.0909090909090909
0.0,0.36956521739129755,0.49382716049382935,0.17182130584192445,0.8511029411764708,0.49407114624505927
0.5,0.22826086956521152,0.308641975308646,0.32027491408934705,0.7187500000000001,0.4624505928853755
0.5,0.2717391304347814,0.4320987654321016,0.17457044673539523,0.8897058823529413,0.04743083003952569
0.5,0.4891304347826093,0.45679012345679126,0.3725085910652921,0.636029411764706,0.225296442687747
0.0,0.5326086956521721,0.7283950617283992,0.9058419243986258,0.26102941176470573,0.08695652173913043
0.0,0.2717391304347814,0.2592592592592595,0.5429553264604814,0.39522058823529405,0.20948616600790512
0.5,0.5869565217391255,0.654320987654323,0.22817869415807568,0.755514705882353,0.592885375494071
1.0,0.3152173913043441,0.3333333333333357,0.3161512027491409,0.7169117647058825,0.30039525691699603
0.5,0.4782608695652115,0.5802469135802468,0.3326460481099658,0.5827205882352942,0.4150197628458498
1.0,0.3260869565217348,0.2962962962963047,1.0,0.0,0.3320158102766798
0.0,0.2717391304347814,0.4074074074074119,0.32302405498281805,0.9448529411764708,0.0
0.0,0.46739130434782794,0.6419753086419746,0.9415807560137459,0.24816176470588228,0.6561264822134387
1.0,0.7499999999999929,0.6666666666666714,0.35463917525773203,0.6948529411764707,0.3992094861660079
0.0,0.6956521739130395,0.6913580246913611,0.3477663230240551,0.6084558823529412,0.3359683794466403
0.0,0.6739130434782581,0.6419753086419746,0.566323024054983,0.3584558823529411,0.043478260869565216
1.0,0.4347826086956488,0.3827160493827222,0.6432989690721649,0.41727941176470584,0.7114624505928854
1.0,0.5869565217391255,0.5925925925925952,0.423367697594502,0.5569852941176472,0.5296442687747035
0.0,0.5760869565217348,0.48148148148148806,0.16769759450171828,0.8198529411764708,0.4703557312252964
1.0,0.8478260869565233,0.8765432098765444,0.36701030927835054,0.5349264705882353,0.45454545454545453
0.0,0.36956521739129755,0.5061728395061778,0.5099656357388316,0.3786764705882353,0.007905138339920948
0.5,0.7499999999999929,0.6790123456790127,0.6309278350515464,0.375,0.2924901185770751
0.0,0.19565217391303946,0.3333333333333357,0.5704467353951892,0.35110294117647056,0.007905138339920948
0.0,0.4891304347826093,0.6790123456790127,0.27628865979381456,0.6139705882352943,0.5770750988142292
0.0,0.6630434782608603,0.6296296296296333,0.44261168384879745,0.4632352941176471,0.6640316205533596
0.0,0.5108695652173907,0.654320987654323,0.6446735395189003,0.38235294117647056,0.7154150197628458
0.0,0.3913043478260789,0.518518518518519,0.270790378006873,0.6194852941176472,0.2964426877470355
0.5,0.5760869565217348,0.5308641975308674,0.3147766323024055,0.7794117647058825,0.3557312252964427
0.0,0.6847826086956488,0.6172839506172849,0.6460481099656357,0.38602941176470584,0.7747035573122529
0.5,0.5760869565217348,0.5555555555555571,0.5003436426116838,0.4761029411764707,0.06324110671936758
0.0,0.8043478260869534,0.654320987654323,0.723024054982818,0.3125,0.592885375494071
1.0,0.9021739130434767,0.8518518518518547,0.36838487972508593,0.536764705882353,0.43478260869565216
0.0,0.5652173913043441,0.7530864197530889,0.4893470790378007,0.47977941176470584,0.8458498023715414
0.5,0.19565217391303946,0.3333333333333357,0.3628865979381444,0.7463235294117648,0.7865612648221343
1.0,0.4999999999999929,0.46913580246913966,0.5209621993127147,0.4724264705882353,0.5849802371541502
1.0,0.5869565217391255,0.8148148148148167,0.6900343642611686,0.26654411764705876,0.3201581027667984
0.5,0.5869565217391255,0.49382716049382935,0.36701030927835054,0.5863970588235295,0.30039525691699603
0.0,0.6630434782608603,0.6172839506172849,0.6158075601374571,0.43566176470588236,0.47826086956521735
0.0,0.7173913043478208,0.5679012345679055,0.3161512027491409,0.573529411764706,0.2569169960474308
0.5,0.4239130434782581,0.3333333333333357,0.5085910652920962,0.4632352941176471,0.38735177865612647
0.5,0.9021739130434767,0.8765432098765444,0.31890034364261166,0.5588235294117648,0.0909090909090909
0.0,0.5434782608695627,0.518518518518519,0.5951890034364262,0.3474264705882353,0.7114624505928854
0.0,0.4891304347826093,0.6296296296296333,0.3312714776632304,0.7187500000000001,0.608695652173913
0.0,0.8043478260869534,0.790123456790127,0.5896907216494847,0.4963235294117647,0.6047430830039525
0.0,0.6630434782608603,0.6666666666666714,1.0,0.18198529411764694,0.5177865612648221
0.5,0.1521739130434696,0.23456790123456983,0.5209621993127147,0.4025735294117647,0.592885375494071
0.5,0.7934782608695627,0.5555555555555571,0.6364261168384879,0.3345588235294117,0.3952569169960474
0.5,0.7717391304347743,0.6666666666666714,0.42886597938144355,0.604779411764706,0.7905138339920948
0.0,0.45652173913043015,0.5308641975308674,0.43024054982817894,0.5569852941176472,0.3557312252964427
0.0,0.6521739130434767,0.6666666666666714,0.33676975945017196,0.536764705882353,0.8735177865612648
0.0,0.38043478260869534,0.3703703703703738,0.38075601374570445,0.6562500000000001,0.27667984189723316
0.0,0.22826086956521152,0.3456790123456841,0.6529209621993126,0.38602941176470584,0.5217391304347826
0.5,0.2717391304347814,0.3456790123456841,0.40962199312714764,0.5863970588235295,0.34782608695652173
0.5,0.9782608695652186,0.9629629629629619,0.4907216494845361,0.536764705882353,0.007905138339920948
0.5,0.4999999999999929,0.44444444444444997,0.30378006872852237,0.7352941176470589,0.0
0.0,0.7717391304347743,0.654320987654323,0.6075601374570447,0.37316176470588236,0.6363636363636364
0.0,0.14130434782608603,0.24691358024691112,0.5333333333333332,0.45772058823529416,0.43478260869565216
0.5,0.5543478260869534,0.44444444444444997,0.41099656357388303,0.5055147058823529,0.6561264822134387
0.0,0.5434782608695627,0.7037037037037024,0.41649484536082504,0.44485294117647056,0.450592885375494
0.0,0.28260869565216495,0.3827160493827222,0.7051546391752579,0.3474264705882353,0.37154150197628455
0.0,0.7934782608695627,0.827160493827158,0.6323024054982818,0.3713235294117647,0.05928853754940711
0.0,0.6413043478260789,0.5925925925925952,0.5195876288659793,0.5,0.21739130434782608
0.5,0.36956521739129755,0.5432098765432158,0.7216494845360826,0.35110294117647056,0.20158102766798416
0.0,0.4347826086956488,0.4197530864197603,0.4508591065292098,0.44852941176470595,0.5889328063241106
0.0,0.6521739130434767,0.6049382716049436,0.3010309278350516,0.7500000000000001,0.37154150197628455
0.5,0.6956521739130395,0.6419753086419746,0.1814432989690722,0.9172794117647061,0.14229249011857706
0.0,0.9021739130434767,0.8888888888888857,0.3876288659793816,0.5974264705882353,0.11462450592885375
0.0,0.8152173913043441,0.790123456790127,0.3752577319587629,0.7224264705882354,0.31225296442687744
0.5,0.2391304347826022,0.308641975308646,1.0,0.018382352941176267,0.11462450592885375
0.5,0.5869565217391255,0.6172839506172849,0.2872852233676977,0.6231617647058825,0.14229249011857706
0.0,0.3369565217391255,0.2839506172839492,0.29140893470790385,0.6397058823529412,0.5138339920948616
1.0,0.44565217391303946,0.3580246913580325,0.5140893470790378,0.5330882352941176,0.6561264822134387
0.0,0.2608695652173836,0.49382716049382935,0.4536082474226806,0.5183823529411765,0.6956521739130435
0.0,0.17391304347825098,0.2962962962963047,0.34914089347079047,0.6599264705882354,0.849802371541502
0.0,0.6413043478260789,0.654320987654323,0.5168384879725085,0.4871323529411764,0.8577075098814229
0.5,0.9021739130434767,0.7777777777777786,0.36701030927835054,0.46139705882352944,0.38735177865612647
1.0,0.5543478260869534,0.7530864197530889,1.0,0.012867647058823317,0.01976284584980237
0.0,0.22826086956521152,0.44444444444444997,0.8123711340206188,0.22058823529411756,0.3201581027667984
0.5,0.3260869565217348,0.5432098765432158,0.30378006872852237,0.6764705882352943,0.2964426877470355
0.0,0.6521739130434767,0.6049382716049436,0.3986254295532645,0.6470588235294119,0.4110671936758893
0.0,0.7717391304347743,0.7654320987654302,0.5127147766323024,0.46139705882352944,0.758893280632411
0.0,0.5108695652173907,0.7037037037037024,0.423367697594502,0.4816176470588236,0.3636363636363636
1.0,0.6956521739130395,0.654320987654323,1.0,0.11948529411764694,0.7114624505928854
0.0,0.4130434782608674,0.5802469135802468,0.4632302405498283,0.6121323529411765,0.6956521739130435
0.5,0.1630434782608674,0.22222222222222143,0.37800687285223367,0.4852941176470589,0.05138339920948616
0.0,0.5543478260869534,0.6296296296296333,0.48384879725085916,0.4558823529411765,0.5968379446640316
0.5,0.5652173913043441,0.44444444444444997,0.5635738831615122,0.3253676470588235,0.13438735177865613
0.5,0.891304347826086,0.8148148148148167,0.5154639175257731,0.37683823529411753,0.28063241106719367
1.0,0.4347826086956488,0.5802469135802468,0.30927835051546393,0.5900735294117647,0.6403162055335968
1.0,0.7608695652173907,0.7160493827160508,0.4920962199312715,0.46691176470588247,0.18577075098814227
0.0,0.4782608695652115,0.4320987654321016,0.6364261168384879,0.4099264705882353,0.6996047430830039
0.0,0.3478260869565162,0.46913580246913966,0.5649484536082476,0.47426470588235303,0.4980237154150197
0.0,0.6630434782608603,0.5308641975308674,0.8357388316151204,0.23529411764705874,0.11857707509881422
0.0,0.5869565217391255,0.49382716049382935,0.4659793814432991,0.7279411764705883,0.6442687747035573
0.0,0.7173913043478208,0.6419753086419746,0.548453608247423,0.4816176470588236,0.8458498023715414
0.5,0.6195652173912976,0.5802469135802468,0.479725085910653,0.6121323529411765,0.5731225296442687
1.0,0.20652173913043015,0.3456790123456841,0.666666666666667,0.37683823529411753,0.8181818181818181
0.5,0.8804347826086882,0.7777777777777786,0.7972508591065295,0.2867647058823528,0.7905138339920948
0.0,0.6304347826086953,0.5432098765432158,0.39725085910652913,0.49264705882352944,0.849802371541502
0.0,0.8695652173913047,0.864197530864196,0.12920962199312713,0.9375000000000002,0.3952569169960474
0.0,0.5108695652173907,0.45679012345679126,0.3120274914089347,0.5827205882352942,0.7154150197628458
0.5,0.45652173913043015,0.4320987654321016,0.5800687285223369,0.4246323529411764,0.08695652173913043
0.5,0.5652173913043441,0.7530864197530889,0.5814432989690723,0.536764705882353,0.7193675889328063
0.0,0.20652173913043015,0.3209876543209944,0.8632302405498282,0.20220588235294104,0.24110671936758893
0.5,0.6304347826086953,0.6913580246913611,0.6680412371134024,0.32904411764705876,0.11067193675889328
0.0,0.7717391304347743,0.7777777777777786,0.622680412371134,0.3621323529411764,0.6679841897233201
0.0,0.5543478260869534,0.7283950617283992,0.8893470790378006,0.19669117647058812,0.19367588932806323
0.0,0.19565217391303946,0.2592592592592595,0.3931271477663232,0.6948529411764707,0.37154150197628455
0.5,0.5652173913043441,0.518518518518519,0.779381443298969,0.26102941176470573,0.4229249011857707
0.5,0.38043478260869534,0.3456790123456841,0.5621993127147769,0.375,0.0
0.0,0.5108695652173907,0.48148148148148806,0.4756013745704468,0.5845588235294119,0.38735177865612647
0.0,0.29347826086956275,0.4320987654321016,0.3986254295532645,0.4963235294117647,0.3438735177865612
1.0,0.29347826086956275,0.4197530864197603,0.5347079037800686,0.4338235294117647,0.2569169960474308
1.0,0.4021739130434767,0.5308641975308674,0.5512027491408937,0.39522058823529405,0.5217391304347826
0.0,0.3152173913043441,0.2962962962963047,0.29003436426116846,0.9099264705882355,0.5889328063241106
0.5,0.4999999999999929,0.4320987654321016,0.2542955326460481,0.6801470588235294,0.7193675889328063
0.0,0.8695652173913047,0.7160493827160508,0.5951890034364262,0.41176470588235303,0.03952569169960474
0.5,0.5978260869565162,0.5925925925925952,0.47147766323024065,0.42279411764705876,0.2134387351778656
0.0,0.6086956521739069,0.6666666666666714,0.41649484536082504,0.4871323529411764,0.35968379446640314
0.0,0.8043478260869534,0.6172839506172849,0.36426116838487976,0.568014705882353,0.05138339920948616
0.5,0.7826086956521721,0.7777777777777786,0.6515463917525772,0.2996323529411764,0.1818181818181818
0.0,0.8152173913043441,0.790123456790127,0.3436426116838489,0.7095588235294118,0.2134387351778656
1.0,0.5217391304347814,0.44444444444444997,0.48384879725085916,0.46691176470588247,0.6245059288537549
0.0,0.3152173913043441,0.2716049382716008,0.19931271477663226,1.0,0.26482213438735175
1.0,0.5760869565217348,0.6049382716049436,0.9099656357388319,0.24632352941176458,0.308300395256917
0.5,0.22826086956521152,0.3333333333333357,0.23642611683848802,0.7316176470588237,0.05928853754940711
0.0,0.7826086956521721,0.7160493827160508,0.7312714776632303,0.30698529411764697,0.525691699604743
0.0,0.6413043478260789,0.827160493827158,0.2886597938144331,0.849264705882353,0.37549407114624506
0.5,0.9130434782608674,0.9135802469135825,1.0,0.09742647058823514,0.7312252964426877
0.5,0.18478260869564878,0.2962962962963047,0.5567010309278353,0.40625,0.3675889328063241
1.0,0.3260869565217348,0.2716049382716008,0.3463917525773197,0.4852941176470589,0.6956521739130435
0.0,0.5434782608695627,0.7160493827160508,0.6859106529209624,0.2941176470588235,0.22134387351778656
0.0,0.8369565217391255,0.6666666666666714,1.0,0.1360294117647057,0.541501976284585
0.0,0.3369565217391255,0.3209876543209944,0.20618556701030943,0.8511029411764708,0.08695652173913043
0.0,0.8804347826086882,0.7407407407407405,0.6941580756013748,0.3566176470588236,0.6561264822134387
0.5,0.35869565217391397,0.3333333333333357,0.8384879725085912,0.28308823529411753,0.6363636363636364
0.0,0.3369565217391255,0.2962962962963047,0.3120274914089347,0.573529411764706,0.3636363636363636
0.0,0.35869565217391397,0.45679012345679126,0.4907216494845361,0.4595588235294117,0.2134387351778656
0.5,0.18478260869564878,0.2716049382716008,0.9814432989690722,0.20955882352941166,0.38339920948616596
0.0,0.5108695652173907,0.4197530864197603,0.8563573883161513,0.28308823529411753,0.4268774703557312
0.5,0.7499999999999929,0.6790123456790127,0.2872852233676977,0.5551470588235294,0.35968379446640314
0.0,0.22826086956521152,0.3950617283950635,0.7422680412371134,0.2941176470588235,0.6877470355731224
0.0,0.7934782608695627,0.654320987654323,0.4646048109965637,0.44852941176470595,0.37549407114624506
0.5,0.5869565217391255,0.7283950617283992,0.24742268041237114,0.9136029411764708,0.14229249011857706
0.0,0.3913043478260789,0.3950617283950635,0.9099656357388319,0.22242647058823514,0.13833992094861658
0.0,0.38043478260869534,0.3950617283950635,0.29003436426116846,0.6231617647058825,0.8063241106719367
0.0,0.5652173913043441,0.5308641975308674,0.48522336769759455,0.5937500000000001,0.33992094861660077
0.0,0.1521739130434696,0.2839506172839492,0.566323024054983,0.3566176470588236,0.1541501976284585
0.0,0.29347826086956275,0.3827160493827222,0.5676975945017184,0.4283088235294118,0.2885375494071146
0.5,0.08695652173912549,0.17283950617284205,0.2501718213058419,0.7444852941176472,0.08695652173913043
1.0,0.46739130434782794,0.4197530864197603,0.5773195876288661,0.5238970588235294,0.0
1.0,0.21739130434782084,0.3827160493827222,0.3450171821305843,0.5441176470588236,0.5494071146245059
0.0,0.3913043478260789,0.5061728395061778,0.30515463917525776,0.6819852941176472,0.08300395256916995
1.0,0.5760869565217348,0.6049382716049436,0.3450171821305843,0.49264705882352944,0.011857707509881422
0.0,0.7065217391304301,0.5925925925925952,0.5223367697594501,0.3915441176470589,0.3675889328063241
0.0,0.3478260869565162,0.3950617283950635,0.8426116838487974,0.27573529411764697,0.44664031620553357
1.0,0.5869565217391255,0.6296296296296333,0.4810996563573884,0.5018382352941178,0.5612648221343873
0.5,0.6521739130434767,0.6666666666666714,0.3711340206185567,0.5551470588235294,0.541501976284585
0.0,0.5978260869565162,0.6666666666666714,0.42886597938144355,0.5202205882352942,0.6956521739130435
0.0,0.9239130434782581,0.9012345679012341,0.270790378006873,0.8658088235294119,0.8102766798418972
0.0,0.35869565217391397,0.5061728395061778,0.5402061855670106,0.36397058823529416,0.7944664031620553
0.0,0.29347826086956275,0.2839506172839492,0.32027491408934705,0.7702205882352944,0.2569169960474308
0.0,0.5543478260869534,0.48148148148148806,0.20756013745704482,0.6488970588235295,0.10276679841897232
0.5,0.7608695652173907,0.6296296296296333,0.7601374570446735,0.2867647058823528,0.849802371541502
0.5,0.6304347826086953,0.6172839506172849,1.0,0.0,0.3952569169960474
0.5,0.5434782608695627,0.46913580246913966,0.6831615120274916,0.34191176470588225,0.12648221343873517
0.0,0.6847826086956488,0.6666666666666714,0.21580756013745717,0.6691176470588237,0.4110671936758893
0.5,0.3478260869565162,0.3703703703703738,0.6144329896907217,0.37683823529411753,0.16205533596837943
0.0,0.8804347826086882,0.7530864197530889,0.18969072164948453,0.8860294117647061,0.849802371541502
0.0,0.20652173913043015,0.2716049382716008,0.9030927835051545,0.21691176470588228,0.5612648221343873
0.5,0.18478260869564878,0.2962962962963047,0.2680412371134022,0.5974264705882353,0.7747035573122529
0.0,0.6304347826086953,0.5802469135802468,0.19793814432989687,1.0,0.19367588932806323
0.0,0.3478260869565162,0.48148148148148806,0.952577319587629,0.2591911764705881,0.5138339920948616
0.0,0.6630434782608603,0.6296296296296333,0.4247422680412374,0.6911764705882354,0.3557312252964427
0.5,0.25,0.3333333333333357,0.4659793814432991,0.6102941176470589,0.20158102766798416
0.5,0.8260869565217348,0.827160493827158,0.3477663230240551,0.6102941176470589,0.8142292490118577
1.0,0.28260869565216495,0.23456790123456983,0.4467353951890036,0.42647058823529416,0.6363636363636364
0.0,0.6630434782608603,0.6419753086419746,0.3738831615120275,0.599264705882353,0.6996047430830039
0.0,0.6195652173912976,0.6419753086419746,0.4769759450171822,0.4503676470588235,0.023715415019762844
0.5,0.6195652173912976,0.6419753086419746,1.0,0.0937499999999998,0.7035573122529644
0.0,0.5543478260869534,0.7407407407407405,0.37938144329896906,0.7058823529411766,0.6877470355731224
1.0,0.2608695652173836,0.48148148148148806,0.7271477663230241,0.3566176470588236,0.8300395256916996
0.0,0.5869565217391255,0.6419753086419746,0.7628865979381443,0.3345588235294117,0.2885375494071146
0.5,0.25,0.44444444444444997,0.33951890034364274,0.5238970588235294,0.06719367588932806
0.0,0.5760869565217348,0.5432098765432158,0.23230240549828185,0.6066176470588236,0.24505928853754938
0.0,0.38043478260869534,0.3580246913580325,0.50446735395189,0.5220588235294119,0.15810276679841895
0.0,0.9673913043478208,0.9506172839506135,0.36563573883161515,0.5459558823529412,0.691699604743083
0.0,0.3913043478260789,0.5555555555555571,0.18694158075601375,0.8161764705882355,0.7233201581027667
0.0,0.6413043478260789,0.7407407407407405,0.4054982817869415,0.6525735294117647,0.8063241106719367
0.0,0.28260869565216495,0.23456790123456983,0.4769759450171822,0.5091911764705883,0.46640316205533594
0.0,0.5978260869565162,0.6296296296296333,0.6405498281786941,0.30147058823529405,0.5889328063241106
0.5,0.6630434782608603,0.6172839506172849,0.3999999999999999,0.45772058823529416,0.15810276679841895
0.0,0.3478260869565162,0.4320987654321016,0.4618556701030929,0.3841911764705883,0.7193675889328063
0.5,0.6195652173912976,0.48148148148148806,0.5773195876288661,0.3658088235294118,0.5454545454545454
0.0,0.6847826086956488,0.6296296296296333,0.50446735395189,0.4154411764705882,0.5849802371541502
0.0,0.8369565217391255,0.6913580246913611,1.0,0.06801470588235278,0.5849802371541502
0.0,0.6086956521739069,0.5925925925925952,1.0,0.06066176470588222,0.3359683794466403
0.0,0.18478260869564878,0.23456790123456983,0.5594501718213061,0.4522058823529411,0.38735177865612647
0.0,0.5869565217391255,0.7654320987654302,0.4357388316151205,0.4779411764705882,0.035573122529644265
0.5,0.8043478260869534,0.7777777777777786,0.6652920962199316,0.3345588235294117,0.3201581027667984
0.0,0.5108695652173907,0.48148148148148806,0.4508591065292098,0.4779411764705882,0.1067193675889328
0.0,0.29347826086956275,0.23456790123456983,0.46872852233676987,0.5294117647058825,0.13043478260869565
0.5,0.35869565217391397,0.3333333333333357,0.30652920962199315,0.5441176470588236,0.6679841897233201
0.0,0.6413043478260789,0.518518518518519,0.4769759450171822,0.5165441176470589,0.08300395256916995
1.0,0.21739130434782084,0.3580246913580325,0.45498281786941597,0.4558823529411765,0.5810276679841897
0.5,0.5434782608695627,0.7407407407407405,0.7628865979381443,0.2849264705882353,0.7628458498023715
0.5,0.6956521739130395,0.6049382716049436,0.3422680412371135,0.5955882352941178,0.7312252964426877
0.0,0.6956521739130395,0.6172839506172849,0.6006872852233678,0.37683823529411753,0.8695652173913043
0.0,0.3913043478260789,0.5555555555555571,0.5017182130584192,0.5514705882352942,0.5454545454545454
0.0,0.3478260869565162,0.45679012345679126,0.2694158075601376,0.5827205882352942,0.6403162055335968
0.0,0.5543478260869534,0.7283950617283992,0.04398625429553271,1.0,0.011857707509881422
0.5,0.18478260869564878,0.2716049382716008,0.4467353951890036,0.4025735294117647,0.225296442687747
0.0,0.5543478260869534,0.7037037037037024,0.7697594501718212,0.3474264705882353,0.525691699604743
0.0,0.6739130434782581,0.6049382716049436,0.32577319587628883,0.5422794117647058,0.32806324110671936
0.5,0.6086956521739069,0.6296296296296333,0.8549828178694159,0.24632352941176458,0.7549407114624506
0.0,0.7608695652173907,0.654320987654323,0.6061855670103093,0.3345588235294117,0.7509881422924901
0.0,0.45652173913043015,0.4320987654321016,0.45498281786941597,0.5275735294117647,0.691699604743083
0.0,0.5978260869565162,0.6172839506172849,0.5745704467353954,0.3786764705882353,0.5612648221343873
0.0,0.25,0.3703703703703738,0.5278350515463917,0.5422794117647058,0.1067193675889328
0.0,0.35869565217391397,0.5432098765432158,0.5017182130584192,0.3878676470588235,0.09486166007905138
0.5,0.5760869565217348,0.45679012345679126,0.19793814432989687,0.5955882352941178,0.2885375494071146
0.5,0.7826086956521721,0.5679012345679055,0.4398625429553267,0.5330882352941176,0.6324110671936758
0.0,0.5326086956521721,0.5061728395061778,0.4920962199312715,0.6029411764705883,0.691699604743083
0.0,0.5869565217391255,0.46913580246913966,0.7202749140893472,0.3216911764705882,0.25296442687747034
0.0,0.6304347826086953,0.5432098765432158,0.511340206185567,0.4375,0.11067193675889328
0.0,0.7499999999999929,0.6666666666666714,0.3436426116838489,0.6286764705882354,0.24110671936758893
0.0,0.7282608695652115,0.6666666666666714,0.2817869415807561,0.7886029411764708,0.6205533596837944
0.5,0.9130434782608674,0.8888888888888857,0.5003436426116838,0.5238970588235294,0.12648221343873517
0.0,0.8804347826086882,0.7530864197530889,0.32027491408934705,0.7389705882352943,0.8221343873517786
0.5,0.4021739130434767,0.3703703703703738,0.6213058419243986,0.4154411764705882,0.7865612648221343
0.5,0.5434782608695627,0.4320987654321016,0.2694158075601376,0.6397058823529412,0.17786561264822134
0.5,0.3260869565217348,0.24691358024691112,0.3725085910652921,0.5698529411764706,0.4387351778656126
1.0,0.7282608695652115,0.6049382716049436,0.24467353951890036,0.7702205882352944,0.7747035573122529
0.0,0.7065217391304301,0.6419753086419746,1.0,0.21874999999999986,0.12252964426877469
0.0,0.4347826086956488,0.4074074074074119,0.34914089347079047,0.6341911764705883,0.09881422924901186
0.0,0.5978260869565162,0.6049382716049436,0.5264604810996563,0.39889705882352944,0.6047430830039525
0.0,0.4782608695652115,0.6666666666666714,0.7175257731958764,0.3272058823529411,0.5849802371541502
0.0,0.6195652173912976,0.8024691358024683,0.8357388316151204,0.2941176470588235,0.5454545454545454
0.5,0.6521739130434767,0.6296296296296333,0.28041237113402073,0.7610294117647061,0.19367588932806323
0.0,0.35869565217391397,0.45679012345679126,0.38350515463917545,0.5036764705882354,0.683794466403162
0.0,0.5869565217391255,0.46913580246913966,0.41099656357388303,0.5790441176470589,0.21739130434782608
0.0,0.6847826086956488,0.6049382716049436,0.30652920962199315,0.6727941176470589,0.6482213438735177
0.5,0.9347826086956488,0.9506172839506135,0.40687285223367686,0.667279411764706,0.6758893280632411
0.5,0.36956521739129755,0.5432098765432158,0.4646048109965637,0.6966911764705884,0.20948616600790512
1.0,0.06521739130434412,0.09876543209876587,0.5855670103092785,0.375,0.21739130434782608
1.0,0.22826086956521152,0.3703703703703738,0.3587628865979382,0.4558823529411765,0.46640316205533594
0.5,0.4021739130434767,0.5679012345679055,0.5690721649484538,0.37683823529411753,0.6996047430830039
0.0,0.6847826086956488,0.6419753086419746,0.6529209621993126,0.3915441176470589,0.17391304347826086
0.5,0.36956521739129755,0.518518518518519,1.0,0.09926470588235278,0.8102766798418972
0.0,0.6630434782608603,0.6049382716049436,0.29278350515463925,0.6121323529411765,0.27667984189723316
1.0,0.5108695652173907,0.4074074074074119,0.6240549828178694,0.3492647058823529,0.40711462450592883
1.0,0.2391304347826022,0.3703703703703738,0.34089347079037813,0.4852941176470589,0.2924901185770751
0.0,0.4130434782608674,0.3456790123456841,0.5099656357388316,0.625,0.7509881422924901
0.0,0.7608695652173907,0.6790123456790127,1.0,0.18566176470588222,0.21739130434782608
0.0,0.25,0.3703703703703738,0.6240549828178694,0.46139705882352944,0.31225296442687744
0.0,0.38043478260869534,0.49382716049382935,0.4962199312714777,0.573529411764706,0.5375494071146245
0.0,0.29347826086956275,0.3333333333333357,0.41786941580756043,0.536764705882353,0.05928853754940711
0.5,0.5434782608695627,0.7283950617283992,0.18694158075601375,0.9191176470588236,0.46640316205533594
0.5,0.8804347826086882,0.7283950617283992,0.38213058419243984,0.6838235294117648,0.6442687747035573
0.0,0.7717391304347743,0.6790123456790127,0.3876288659793816,0.6452205882352942,0.608695652173913
0.0,0.2391304347826022,0.3333333333333357,0.47147766323024065,0.5514705882352942,0.826086956521739
0.0,0.22826086956521152,0.3456790123456841,0.31752577319587627,0.8952205882352944,0.24110671936758893
0.0,0.6195652173912976,0.6296296296296333,0.536082474226804,0.40625,0.7747035573122529
0.0,0.35869565217391397,0.48148148148148806,0.2542955326460481,0.9136029411764708,0.035573122529644265
0.5,0.891304347826086,0.8765432098765444,0.2845360824742269,0.604779411764706,0.3517786561264822
0.0,0.2391304347826022,0.3703703703703738,0.3587628865979382,0.5790441176470589,0.7944664031620553
0.0,0.3260869565217348,0.3456790123456841,0.5594501718213061,0.5220588235294119,0.4150197628458498
0.5,0.08695652173912549,0.17283950617284205,0.4357388316151205,0.42647058823529416,0.6679841897233201
0.5,0.30434782608695343,0.3827160493827222,0.36563573883161515,0.5330882352941176,0.3675889328063241
0.0,0.29347826086956275,0.308641975308646,0.3766323024054983,0.5753676470588236,0.8063241106719367
0.0,0.5652173913043441,0.654320987654323,1.0,0.11213235294117627,0.035573122529644265
0.0,0.3913043478260789,0.48148148148148806,0.5704467353951892,0.4963235294117647,0.7984189723320158
0.0,0.38043478260869534,0.46913580246913966,0.6556701030927834,0.3676470588235293,0.6205533596837944
1.0,0.6413043478260789,0.5925925925925952,0.4632302405498283,0.5661764705882354,0.308300395256917
1.0,0.4891304347826093,0.49382716049382935,0.27491408934707917,0.636029411764706,0.5849802371541502
0.5,0.4130434782608674,0.5555555555555571,0.7463917525773196,0.28125,0.06719367588932806
0.5,0.3913043478260789,0.518518518518519,0.45773195876288675,0.4466911764705883,0.27667984189723316
0.0,0.2717391304347814,0.3333333333333357,0.7106529209621995,0.2867647058823528,0.7075098814229248
0.0,0.3369565217391255,0.2962962962963047,0.2735395189003438,0.8272058823529413,0.3636363636363636
0.5,0.4891304347826093,0.6666666666666714,0.3903780068728524,0.5790441176470589,0.6600790513833992
0.0,0.9456521739130395,0.9382716049382722,0.17319587628865984,0.7683823529411766,0.40316205533596833
0.0,0.3260869565217348,0.4197530864197603,0.41786941580756043,0.5018382352941178,0.12252964426877469
0.0,0.2391304347826022,0.3333333333333357,0.44123711340206206,0.4908088235294118,0.3794466403162055
0.5,0.6304347826086953,0.6049382716049436,0.1951890034364261,0.661764705882353,0.40711462450592883
0.0,0.6195652173912976,0.790123456790127,0.2872852233676977,0.6819852941176472,0.18972332015810275
0.0,0.45652173913043015,0.5308641975308674,0.33539518900343657,0.6636029411764707,0.22134387351778656
0.5,0.19565217391303946,0.3333333333333357,0.5704467353951892,0.46691176470588247,0.592885375494071
0.0,0.6195652173912976,0.7777777777777786,0.38350515463917545,0.4411764705882353,0.12252964426877469
0.0,0.7173913043478208,0.6296296296296333,0.511340206185567,0.4558823529411765,0.32806324110671936
0.0,0.29347826086956275,0.308641975308646,0.270790378006873,0.7371323529411765,0.8616600790513833
0.0,0.3152173913043441,0.2962962962963047,0.5003436426116838,0.5459558823529412,0.608695652173913
0.5,0.5217391304347814,0.48148148148148806,0.2859106529209623,0.7224264705882354,0.5810276679841897
0.0,0.4130434782608674,0.3827160493827222,0.22130584192439873,0.7500000000000001,0.8181818181818181
0.5,0.4021739130434767,0.4074074074074119,0.5594501718213061,0.41360294117647056,0.18577075098814227
0.0,0.6739130434782581,0.6049382716049436,0.5649484536082476,0.27941176470588225,0.8695652173913043
0.0,0.5869565217391255,0.6296296296296333,0.5030927835051546,0.5238970588235294,0.2727272727272727
0.0,0.10869565217390686,0.18518518518518334,0.6570446735395188,0.40808823529411764,0.758893280632411
0.0,0.6739130434782581,0.6419753086419746,0.389003436426117,0.511029411764706,0.0
0.0,0.4021739130434767,0.5679012345679055,0.5718213058419246,0.3970588235294117,0.32806324110671936
0.0,0.3260869565217348,0.2716049382716008,0.4659793814432991,0.5220588235294119,0.5889328063241106
1.0,0.8695652173913047,0.6913580246913611,0.45910652920962214,0.4908088235294118,0.15019762845849802
0.0,0.46739130434782794,0.654320987654323,0.7422680412371134,0.3345588235294117,0.48221343873517786
0.0,0.45652173913043015,0.44444444444444997,0.4247422680412374,0.5073529411764706,0.5454545454545454
0.0,0.5326086956521721,0.5679012345679055,0.38075601374570445,0.7003676470588236,0.13438735177865613
0.0,0.7173913043478208,0.6419753086419746,0.6158075601374571,0.39889705882352944,0.1818181818181818
0.0,0.22826086956521152,0.2962962962963047,0.7986254295532649,0.24080882352941166,0.03162055335968379
0.0,0.2608695652173836,0.3333333333333357,0.47010309278350526,0.47426470588235303,0.2845849802371541
0.5,0.5869565217391255,0.48148148148148806,0.3477663230240551,0.6801470588235294,0.6521739130434783
0.0,0.2608695652173836,0.49382716049382935,0.5814432989690723,0.45772058823529416,0.7747035573122529
0.0,0.2391304347826022,0.3580246913580325,0.622680412371134,0.2959558823529411,0.0
0.5,0.22826086956521152,0.3703703703703738,0.35326460481099664,0.6893382352941178,0.6007905138339921
0.0,0.3913043478260789,0.5432098765432158,0.4192439862542958,0.5477941176470589,0.6482213438735177
0.0,0.6630434782608603,0.6172839506172849,0.6969072164948455,0.32904411764705876,0.3636363636363636
0.0,0.7826086956521721,0.7654320987654302,0.48384879725085916,0.5900735294117647,0.37154150197628455
0.0,0.5978260869565162,0.6049382716049436,0.684536082474227,0.43014705882352944,0.5691699604743082
0.5,0.45652173913043015,0.6296296296296333,0.4659793814432991,0.5036764705882354,0.616600790513834
0.0,0.5869565217391255,0.7530864197530889,0.42611683848797277,0.5349264705882353,0.8181818181818181
0.5,0.4021739130434767,0.3703703703703738,0.45635738831615136,0.5036764705882354,0.11857707509881422
1.0,0.25,0.308641975308646,1.0,0.1047794117647057,0.5691699604743082
0.0,0.6956521739130395,0.654320987654323,0.7312714776632303,0.29227941176470584,0.07509881422924901
0.0,0.3152173913043441,0.2716049382716008,0.5264604810996563,0.3915441176470589,0.7509881422924901
0.0,0.8695652173913047,0.7530864197530889,0.20206185567010326,0.9044117647058825,0.1660079051383399
0.5,0.6304347826086953,0.654320987654323,0.33676975945017196,0.6213235294117648,0.11857707509881422
0.0,0.6413043478260789,0.6419753086419746,0.5896907216494847,0.46139705882352944,0.6482213438735177
1.0,0.6086956521739069,0.6172839506172849,0.6707903780068731,0.32904411764705876,0.7905138339920948
0.0,0.22826086956521152,0.45679012345679126,0.6213058419243986,0.4154411764705882,0.20158102766798416
0.0,0.5108695652173907,0.5308641975308674,0.4371134020618559,0.5330882352941176,0.2727272727272727
0.5,0.3913043478260789,0.5308641975308674,0.4384879725085913,0.4375,0.5098814229249011
0.5,0.9130434782608674,0.827160493827158,0.6515463917525772,0.3584558823529411,0.8142292490118577
1.0,0.38043478260869534,0.5061728395061778,0.3697594501718213,0.6507352941176472,0.6482213438735177
0.0,0.5652173913043441,0.654320987654323,0.8123711340206188,0.2849264705882353,0.05138339920948616
0.0,0.6413043478260789,0.6419753086419746,0.34089347079037813,0.7444852941176472,0.2608695652173913
0.0,0.5434782608695627,0.4320987654321016,0.4041237113402061,0.7095588235294118,0.18972332015810275
0.0,0.21739130434782084,0.3580246913580325,0.5745704467353954,0.45772058823529416,0.6126482213438734
0.0,0.3478260869565162,0.5308641975308674,0.44536082474226824,0.5220588235294119,0.07509881422924901
0.0,0.4130434782608674,0.4074074074074119,0.3876288659793816,0.5551470588235294,0.15810276679841895
0.5,0.7499999999999929,0.6790123456790127,0.41649484536082504,0.5349264705882353,0.6561264822134387
0.5,0.6630434782608603,0.6172839506172849,0.2845360824742269,0.536764705882353,0.6640316205533596
0.5,0.3260869565217348,0.3950617283950635,0.2680412371134022,0.6121323529411765,0.01976284584980237
0.0,0.35869565217391397,0.4320987654321016,1.0,0.12499999999999986,0.15810276679841895
0.0,0.7934782608695627,0.7654320987654302,0.3147766323024055,0.6268382352941178,0.32411067193675885
1.0,0.2608695652173836,0.49382716049382935,0.3738831615120275,0.704044117647059,0.7549407114624506
0.0,0.29347826086956275,0.3209876543209944,0.5168384879725085,0.4025735294117647,0.8418972332015809
0.5,0.3152173913043441,0.2716049382716008,0.4962199312714777,0.4375,0.4150197628458498
0.0,0.8043478260869534,0.8024691358024683,0.27628865979381456,0.7169117647058825,0.6877470355731224
1.0,0.6304347826086953,0.654320987654323,0.23505154639175263,0.7352941176470589,0.7667984189723319
0.5,0.7173913043478208,0.49382716049382935,0.5017182130584192,0.4246323529411764,0.8063241106719367
0.0,0.9021739130434767,0.827160493827158,0.3436426116838489,0.6102941176470589,0.5059288537549407
0.0,0.8152173913043441,0.8395061728395063,0.4041237113402061,0.5625,0.26877470355731226
0.0,0.9239130434782581,0.8888888888888857,0.8948453608247422,0.2003676470588234,0.06324110671936758
0.0,0.7282608695652115,0.6296296296296333,1.0,0.19485294117647042,0.7430830039525691
0.5,0.38043478260869534,0.48148148148148806,0.7216494845360826,0.37683823529411753,0.6719367588932806
0.5,0.5978260869565162,0.8518518518518547,0.5773195876288661,0.4191176470588236,0.450592885375494
0.0,0.3369565217391255,0.3703703703703738,0.5773195876288661,0.40808823529411764,0.3913043478260869
0.0,0.4347826086956488,0.4197530864197603,0.4467353951890036,0.4632352941176471,0.5968379446640316
0.0,0.5869565217391255,0.6790123456790127,0.39725085910652913,0.7095588235294118,0.24110671936758893
0.5,0.3369565217391255,0.4320987654321016,0.33814432989690735,0.6176470588235294,0.5059288537549407
0.5,0.44565217391303946,0.3703703703703738,0.1663230240549829,0.8768382352941178,0.4110671936758893
0.5,0.35869565217391397,0.46913580246913966,0.5498281786941583,0.43933823529411775,0.7193675889328063
0.0,0.7391304347826093,0.6049382716049436,0.3999999999999999,0.6397058823529412,0.3675889328063241
0.0,0.4999999999999929,0.4320987654321016,0.8151202749140896,0.23529411764705874,0.45454545454545453
0.0,0.4347826086956488,0.5802469135802468,0.6336769759450172,0.36397058823529416,0.6996047430830039
0.0,0.35869565217391397,0.48148148148148806,0.6089347079037801,0.42095588235294124,0.0909090909090909
0.5,0.2391304347826022,0.3703703703703738,0.5195876288659793,0.4632352941176471,0.4861660079051383
0.5,0.6956521739130395,0.518518518518519,0.5017182130584192,0.5165441176470589,0.41897233201581024
0.5,0.5978260869565162,0.7654320987654302,0.8151202749140896,0.29779411764705876,0.44664031620553357
1.0,0.4021739130434767,0.5555555555555571,0.6446735395189003,0.4632352941176471,0.26877470355731226
0.0,0.6739130434782581,0.5432098765432158,0.5127147766323024,0.5404411764705883,0.20553359683794464
0.0,0.5543478260869534,0.518518518518519,0.548453608247423,0.43566176470588236,0.2845849802371541
0.5,0.20652173913043015,0.3703703703703738,0.3161512027491409,0.4650735294117647,0.34782608695652173
0.5,0.6847826086956488,0.6296296296296333,0.2405498281786942,0.6746323529411765,0.5533596837944663
1.0,0.8043478260869534,0.7160493827160508,0.5333333333333332,0.40808823529411764,0.6482213438735177
0.0,0.891304347826086,0.790123456790127,0.21718213058419256,0.7886029411764708,0.450592885375494
0.5,0.5760869565217348,0.49382716049382935,0.3573883161512028,0.5477941176470589,0.0909090909090909
0.0,0.5543478260869534,0.48148148148148806,0.29003436426116846,0.7665441176470589,0.48221343873517786
0.0,0.29347826086956275,0.3827160493827222,0.6075601374570447,0.3841911764705883,0.8379446640316205
0.0,0.5434782608695627,0.7407407407407405,0.7065292096219933,0.27573529411764697,0.7035573122529644
0.0,0.6847826086956488,0.6172839506172849,0.448109965635739,0.4908088235294118,0.09486166007905138
0.0,0.45652173913043015,0.5308641975308674,0.24879725085910653,0.7334558823529413,0.3636363636363636
0.5,0.5434782608695627,0.48148148148148806,0.46872852233676987,0.6213235294117648,0.37549407114624506
0.5,0.46739130434782794,0.45679012345679126,0.15807560137457055,0.9062500000000002,0.32806324110671936
0.0,0.3913043478260789,0.5555555555555571,0.7381443298969073,0.3621323529411764,0.24901185770750986
0.0,0.6630434782608603,0.5802469135802468,0.647422680412371,0.2959558823529411,0.37154150197628455
0.0,0.7934782608695627,0.7777777777777786,0.6955326460481102,0.3566176470588236,0.27667984189723316
0.5,0.5652173913043441,0.7777777777777786,0.29415807560137464,0.7591911764705884,0.1067193675889328
0.5,0.5978260869565162,0.654320987654323,0.566323024054983,0.4375,0.43083003952569165
0.0,0.1630434782608674,0.2592592592592595,0.5567010309278353,0.4338235294117647,0.4980237154150197
0.0,0.3152173913043441,0.3209876543209944,1.0,0.0735294117647057,0.5494071146245059
0.0,0.18478260869564878,0.23456790123456983,0.47422680412371143,0.5441176470588236,0.49011857707509876
0.0,0.7608695652173907,0.7407407407407405,0.5168384879725085,0.5588235294117648,0.5059288537549407
0.0,0.3260869565217348,0.5308641975308674,0.4659793814432991,0.5863970588235295,0.2885375494071146
0.0,0.7826086956521721,0.5802469135802468,1.0,0.1378676470588234,0.1976284584980237
0.5,0.6086956521739069,0.5925925925925952,0.37938144329896906,0.5588235294117648,0.1067193675889328
0.0,0.21739130434782084,0.2962962962963047,0.6515463917525772,0.4430147058823529,0.8142292490118577
0.5,0.6630434782608603,0.6419753086419746,0.5347079037800686,0.4871323529411764,0.6877470355731224
0.0,0.7826086956521721,0.5555555555555571,0.5429553264604814,0.40441176470588225,0.592885375494071
0.0,0.8804347826086882,0.7654320987654302,0.36563573883161515,0.5845588235294119,0.308300395256917
0.5,0.4347826086956488,0.3456790123456841,0.18831615120274914,0.8786764705882355,0.17391304347826086
1.0,0.6195652173912976,0.6419753086419746,1.0,0.1691176470588234,0.1660079051383399
0.0,0.5108695652173907,0.48148148148148806,0.4920962199312715,0.6176470588235294,0.592885375494071
0.0,0.1630434782608674,0.2716049382716008,0.38487972508591084,0.661764705882353,0.12252964426877469
0.0,0.3260869565217348,0.3456790123456841,0.34089347079037813,0.7334558823529413,0.5968379446640316
0.5,0.3478260869565162,0.3703703703703738,0.24604810996563575,0.6562500000000001,0.13043478260869565
0.5,0.6195652173912976,0.49382716049382935,0.1649484536082475,0.8382352941176472,0.6403162055335968
0.0,0.4999999999999929,0.4320987654321016,0.6268041237113402,0.4007352941176471,0.4150197628458498
0.0,0.7065217391304301,0.6296296296296333,0.5195876288659793,0.5625,0.11462450592885375
0.0,0.6739130434782581,0.6419753086419746,1.0,0.0,0.05928853754940711
0.5,0.3478260869565162,0.44444444444444997,0.40824742268041225,0.5441176470588236,0.683794466403162
0.0,0.35869565217391397,0.48148148148148806,0.7518900343642612,0.2867647058823528,0.3557312252964427
0.0,0.5543478260869534,0.7037037037037024,1.0,0.20404411764705868,0.5177865612648221
0.5,0.5652173913043441,0.5308641975308674,0.566323024054983,0.44485294117647056,0.7154150197628458
0.0,0.7934782608695627,0.8024691358024683,0.48384879725085916,0.5551470588235294,0.8221343873517786
0.0,0.13043478260868824,0.19753086419753174,0.5470790378006876,0.44852941176470595,0.6482213438735177
0.0,0.7934782608695627,0.654320987654323,0.48384879725085916,0.5514705882352942,0.5849802371541502
0.0,0.7499999999999929,0.7160493827160508,0.7917525773195879,0.33823529411764697,0.6798418972332015
0.0,0.3369565217391255,0.2716049382716008,0.38213058419243984,0.5974264705882353,0.0909090909090909
0.5,0.2391304347826022,0.2839506172839492,0.3587628865979382,0.6066176470588236,0.5849802371541502
0.0,0.5760869565217348,0.5432098765432158,0.4357388316151205,0.6819852941176472,0.07509881422924901
0.0,0.7282608695652115,0.5432098765432158,0.3312714776632304,0.6911764705882354,0.6798418972332015
0.5,0.5326086956521721,0.518518518518519,0.5512027491408937,0.33823529411764697,0.6956521739130435
0.5,0.5652173913043441,0.7777777777777786,0.13058419243986252,0.8823529411764708,0.5770750988142292
0.0,0.5652173913043441,0.5061728395061778,0.2735395189003438,0.7573529411764707,0.5098814229249011
0.0,0.4891304347826093,0.4197530864197603,0.6872852233676978,0.3216911764705882,0.7905138339920948
0.5,0.25,0.3333333333333357,0.30652920962199315,0.7187500000000001,0.8616600790513833
0.0,0.22826086956521152,0.3333333333333357,0.35463917525773203,0.6911764705882354,0.27667984189723316
1.0,0.29347826086956275,0.2839506172839492,0.48384879725085916,0.49264705882352944,0.20158102766798416
1.0,0.19565217391303946,0.308641975308646,0.4934707903780069,0.5404411764705883,0.7865612648221343
0.0,0.4999999999999929,0.6913580246913611,0.48659793814432994,0.604779411764706,0.6047430830039525
0.0,0.7065217391304301,0.654320987654323,0.6639175257731962,0.3621323529411764,0.7707509881422925
0.0,0.5869565217391255,0.5061728395061778,0.3271477663230242,0.6544117647058825,0.5968379446640316
0.0,0.2608695652173836,0.18518518518518334,0.30790378006872854,0.5551470588235294,0.7786561264822134
0.0,0.5652173913043441,0.5802469135802468,0.7340206185567011,0.37316176470588236,0.28063241106719367
1.0,0.8804347826086882,0.8148148148148167,0.48659793814432994,0.5386029411764707,0.24505928853754938
0.0,0.4891304347826093,0.4320987654321016,0.8137457044673542,0.24080882352941166,0.24901185770750986
0.5,0.5869565217391255,0.5679012345679055,0.6749140893470793,0.3125,0.023715415019762844
0.0,0.5869565217391255,0.7530864197530889,0.3463917525773197,0.6286764705882354,0.4703557312252964
0.0,0.7717391304347743,0.6913580246913611,0.46048109965635753,0.46691176470588247,0.4743083003952569
0.5,0.30434782608695343,0.2839506172839492,1.0,0.10294117647058806,0.17786561264822134
0.0,0.5326086956521721,0.7283950617283992,0.211683848797251,0.7003676470588236,0.849802371541502
0.5,0.44565217391303946,0.4197530864197603,0.3738831615120275,0.6838235294117648,0.5296442687747035
0.5,0.28260869565216495,0.4197530864197603,0.4398625429553267,0.4503676470588235,0.11857707509881422
1.0,0.5978260869565162,0.5925925925925952,0.5374570446735398,0.5018382352941178,0.8695652173913043
0.5,0.3260869565217348,0.3827160493827222,0.30652920962199315,0.6911764705882354,0.05138339920948616
0.0,0.3152173913043441,0.2839506172839492,0.5085910652920962,0.46691176470588247,0.23320158102766797
0.0,0.20652173913043015,0.2716049382716008,0.21718213058419256,1.0,0.6798418972332015
0.0,0.6413043478260789,0.6172839506172849,1.0,0.15624999999999986,0.17391304347826086
0.5,0.8695652173913047,0.7530864197530889,0.5058419243986254,0.511029411764706,0.8102766798418972
1.0,0.9021739130434767,0.864197530864196,0.32302405498281805,0.6139705882352943,0.225296442687747
0.5,0.19565217391303946,0.2962962962963047,0.4646048109965637,0.45772058823529416,0.8300395256916996
0.0,0.25,0.44444444444444997,0.5154639175257731,0.39522058823529405,0.03162055335968379
0.0,0.9130434782608674,0.827160493827158,0.24742268041237114,0.7022058823529412,0.6007905138339921
0.0,0.36956521739129755,0.4074074074074119,0.5457044673539522,0.4099264705882353,0.6007905138339921
1.0,0.28260869565216495,0.3333333333333357,0.6446735395189003,0.39889705882352944,0.7549407114624506
0.0,0.3152173913043441,0.24691358024691112,0.3999999999999999,0.5827205882352942,0.3517786561264822
0.0,0.4782608695652115,0.4320987654321016,0.3340206185567012,0.6121323529411765,0.683794466403162
0.0,0.4130434782608674,0.6049382716049436,0.8632302405498282,0.2426470588235293,0.3557312252964427
1.0,0.7499999999999929,0.7530864197530889,0.22268041237113412,0.911764705882353,0.12252964426877469
0.5,0.3152173913043441,0.3827160493827222,0.629553264604811,0.5073529411764706,0.07905138339920947
0.0,0.5652173913043441,0.5925925925925952,0.3312714776632304,0.8841911764705883,0.2885375494071146
0.0,0.5108695652173907,0.4320987654321016,0.6075601374570447,0.35477941176470584,0.592885375494071
1.0,0.4239130434782581,0.5432098765432158,0.5140893470790378,0.4283088235294118,0.01976284584980237
0.0,0.7065217391304301,0.6049382716049436,0.48659793814432994,0.5698529411764706,0.27667984189723316
0.0,0.46739130434782794,0.5432098765432158,0.4384879725085913,0.5533088235294118,0.1660079051383399
1.0,0.6630434782608603,0.6172839506172849,0.5058419243986254,0.5808823529411765,0.3794466403162055
0.0,0.6739130434782581,0.6172839506172849,0.7120274914089348,0.2775735294117646,0.533596837944664
0.0,0.8478260869565233,0.6790123456790127,0.6323024054982818,0.41176470588235303,0.0909090909090909
0.0,0.5108695652173907,0.7160493827160508,0.39450171821305835,0.5312500000000001,0.5138339920948616
0.5,0.28260869565216495,0.24691358024691112,0.4934707903780069,0.5514705882352942,0.49407114624505927
1.0,0.7499999999999929,0.6666666666666714,0.6323024054982818,0.3272058823529411,0.4150197628458498
0.0,0.44565217391303946,0.4074074074074119,0.6762886597938147,0.2867647058823528,0.5494071146245059
0.0,0.8152173913043441,0.827160493827158,0.30790378006872854,0.6139705882352943,0.27667984189723316
0.0,0.3152173913043441,0.2592592592592595,0.48522336769759455,0.5533088235294118,0.23715415019762845
0.0,0.2608695652173836,0.3703703703703738,0.723024054982818,0.2996323529411764,0.40316205533596833
0.5,0.8260869565217348,0.8148148148148167,0.8810996563573883,0.22426470588235284,0.7114624505928854
0.5,0.5760869565217348,0.6172839506172849,0.302405498281787,0.5533088235294118,0.7509881422924901
0.0,0.5978260869565162,0.48148148148148806,0.4536082474226806,0.6066176470588236,0.18577075098814227
1.0,0.21739130434782084,0.3580246913580325,0.2859106529209623,0.7481617647058825,0.4426877470355731
0.0,0.9456521739130395,0.9259259259259238,0.6144329896907217,0.4595588235294117,0.5019762845849802
0.0,0.7173913043478208,0.6296296296296333,0.4907216494845361,0.5588235294117648,0.24505928853754938
0.0,0.30434782608695343,0.4074074074074119,0.5828178694158077,0.3878676470588235,0.3359683794466403
0.0,0.4999999999999929,0.7037037037037024,0.5883161512027493,0.2959558823529411,0.6324110671936758
0.5,0.03260869565217206,0.07407407407407618,0.35463917525773203,0.6011029411764707,0.20948616600790512
0.0,0.38043478260869534,0.6049382716049436,0.5965635738831616,0.48345588235294124,0.83399209486166
0.5,0.3478260869565162,0.3827160493827222,0.529209621993127,0.40625,0.07114624505928853
0.0,0.3478260869565162,0.308641975308646,0.389003436426117,0.6378676470588236,0.07114624505928853
0.0,0.8152173913043441,0.8148148148148167,0.4192439862542958,0.5477941176470589,0.91699604743083
1.0,0.5543478260869534,0.7037037037037024,0.3560137457044674,0.6966911764705884,0.48221343873517786
0.0,0.7499999999999929,0.7283950617283992,0.34089347079037813,0.7591911764705884,0.18972332015810275
0.0,0.3152173913043441,0.3827160493827222,0.684536082474227,0.34375,0.11857707509881422
0.5,0.6304347826086953,0.5925925925925952,0.1938144329896907,0.8805147058823533,0.3952569169960474
0.0,0.5652173913043441,0.7283950617283992,0.37938144329896906,0.6709558823529412,0.3636363636363636
0.0,0.38043478260869534,0.5308641975308674,1.0,0.12499999999999986,0.5849802371541502
1.0,0.5543478260869534,0.7283950617283992,0.7518900343642612,0.3308823529411764,0.8023715415019762
0.0,0.4130434782608674,0.5555555555555571,0.35326460481099664,0.7334558823529413,0.608695652173913
0.0,0.9130434782608674,0.9135802469135825,0.2570446735395189,0.667279411764706,0.7430830039525691
0.5,0.5978260869565162,0.6790123456790127,0.4398625429553267,0.5018382352941178,0.3438735177865612
0.0,0.4999999999999929,0.7037037037037024,0.6309278350515464,0.43933823529411775,0.46640316205533594
0.0,0.6195652173912976,0.654320987654323,0.32164948453608244,0.78125,0.38735177865612647
0.5,0.6521739130434767,0.7037037037037024,0.9209621993127151,0.19117647058823514,0.849802371541502
0.5,0.2391304347826022,0.3950617283950635,0.15395189003436438,0.6562500000000001,0.07509881422924901
0.5,0.38043478260869534,0.3827160493827222,0.4522336769759452,0.625,0.2845849802371541
0.0,0.44565217391303946,0.44444444444444997,0.4907216494845361,0.5275735294117647,0.11857707509881422
0.0,0.6086956521739069,0.5802469135802468,0.8522336769759451,0.27573529411764697,0.3557312252964427
0.5,0.46739130434782794,0.4074074074074119,0.7807560137457044,0.244485294117647,0.5770750988142292
1.0,0.5108695652173907,0.45679012345679126,0.4536082474226806,0.4724264705882353,0.14624505928853754
0.0,0.38043478260869534,0.5555555555555571,0.8879725085910652,0.25735294117647045,0.8063241106719367
0.0,0.35869565217391397,0.45679012345679126,0.3738831615120275,0.6507352941176472,0.5375494071146245
0.0,0.4891304347826093,0.46913580246913966,0.5800687285223369,0.28860294117647056,0.0909090909090909
1.0,0.5543478260869534,0.46913580246913966,0.5209621993127147,0.6966911764705884,0.5177865612648221
0.5,0.3478260869565162,0.45679012345679126,0.48522336769759455,0.4540441176470589,0.37154150197628455
0.0,0.3369565217391255,0.46913580246913966,1.0,0.045955882352940985,0.38735177865612647
0.0,0.9130434782608674,0.864197530864196,1.0,0.17647058823529396,0.6561264822134387
1.0,0.7608695652173907,0.7037037037037024,0.37800687285223367,0.5753676470588236,0.20158102766798416
0.5,0.9673913043478208,0.9506172839506135,0.3340206185567012,0.7720588235294119,0.17391304347826086
0.0,0.7608695652173907,0.7654320987654302,0.36563573883161515,0.7187500000000001,0.683794466403162
0.0,0.5543478260869534,0.7037037037037024,0.35189003436426125,0.5845588235294119,0.5019762845849802
0.0,0.3152173913043441,0.2592592592592595,0.3587628865979382,0.6268382352941178,0.4624505928853755
0.5,0.21739130434782084,0.3333333333333357,0.6831615120274916,0.2959558823529411,0.06719367588932806
0.0,0.8804347826086882,0.8148148148148167,0.7037800687285225,0.3272058823529411,0.26482213438735175
0.0,0.3478260869565162,0.5061728395061778,0.4123711340206184,0.5165441176470589,0.6205533596837944
0.5,0.6086956521739069,0.5555555555555571,0.5017182130584192,0.4650735294117647,0.541501976284585
0.5,0.36956521739129755,0.4197530864197603,0.35051546391752586,0.6746323529411765,0.7905138339920948
1.0,0.6086956521739069,0.6913580246913611,0.17457044673539523,0.8474264705882355,0.3043478260869565
0.5,0.2391304347826022,0.3580246913580325,0.41786941580756043,0.5900735294117647,0.7826086956521738
0.0,0.44565217391303946,0.5925925925925952,0.28041237113402073,0.6158088235294118,0.683794466403162
0.5,0.38043478260869534,0.518518518518519,0.7876288659793818,0.2738970588235293,0.1976284584980237
0.0,0.9239130434782581,0.8888888888888857,0.5567010309278353,0.4007352941176471,0.05533596837944664
0.5,0.6086956521739069,0.7777777777777786,0.38350515463917545,0.5257352941176471,0.7628458498023715
0.0,0.7608695652173907,0.654320987654323,0.5402061855670106,0.44852941176470595,0.7114624505928854
0.5,0.6195652173912976,0.6049382716049436,0.7285223367697595,0.26654411764705876,0.05533596837944664
0.0,0.3913043478260789,0.5679012345679055,0.36838487972508593,0.4816176470588236,0.12648221343873517
0.0,0.5217391304347814,0.5925925925925952,0.5003436426116838,0.42647058823529416,0.43083003952569165
0.0,0.46739130434782794,0.5555555555555571,0.6309278350515464,0.4375,0.06719367588932806
0.0,0.7826086956521721,0.5555555555555571,0.22130584192439873,0.6948529411764707,0.5849802371541502
0.0,0.5652173913043441,0.6913580246913611,0.4219931271477666,0.6158088235294118,0.19367588932806323
0.0,0.5652173913043441,0.5925925925925952,0.6570446735395188,0.39889705882352944,0.24901185770750986
0.0,0.4021739130434767,0.5308641975308674,0.46872852233676987,0.4632352941176471,0.6640316205533596
0.0,0.7065217391304301,0.6790123456790127,0.22817869415807568,0.7261029411764707,0.26877470355731226
0.0,0.22826086956521152,0.3580246913580325,0.7010309278350517,0.3584558823529411,0.7114624505928854
0.5,0.25,0.3456790123456841,0.40962199312714764,0.4944852941176472,0.13438735177865613
0.0,0.46739130434782794,0.4074074074074119,0.33676975945017196,0.6562500000000001,0.6047430830039525
0.0,0.28260869565216495,0.3580246913580325,1.0,0.05330882352941155,0.49407114624505927
0.0,0.8478260869565233,0.8765432098765444,0.40824742268041225,0.5753676470588236,0.43083003952569165
0.0,0.8804347826086882,0.8024691358024683,0.6707903780068731,0.3658088235294118,0.7707509881422925
0.5,0.8804347826086882,0.7160493827160508,0.8920962199312714,0.21874999999999986,0.49407114624505927
0.0,0.6195652173912976,0.7407407407407405,0.6900343642611686,0.3400735294117647,0.592885375494071
0.0,0.3913043478260789,0.5061728395061778,0.6158075601374571,0.43566176470588236,0.43478260869565216
0.5,0.30434782608695343,0.3827160493827222,1.0,0.0643382352941175,0.7707509881422925
0.0,0.7499999999999929,0.7160493827160508,0.24467353951890036,0.7279411764705883,0.6205533596837944
0.0,0.3152173913043441,0.3333333333333357,0.2570446735395189,0.6727941176470589,0.826086956521739
1.0,0.6086956521739069,0.46913580246913966,0.4137457044673538,0.5625,0.4980237154150197
0.0,0.38043478260869534,0.2962962962963047,0.41786941580756043,0.7481617647058825,0.11067193675889328
0.5,0.9565217391304373,0.9259259259259238,1.0,0.11213235294117627,0.17786561264822134
0.0,0.6195652173912976,0.5925925925925952,0.329896907216495,0.6286764705882354,0.7984189723320158
0.0,0.03260869565217206,0.07407407407407618,0.6432989690721649,0.3658088235294118,0.22134387351778656
0.0,0.20652173913043015,0.2716049382716008,0.566323024054983,0.42279411764705876,0.5533596837944663
0.0,0.7717391304347743,0.5432098765432158,0.5333333333333332,0.36948529411764697,0.5217391304347826
1.0,0.36956521739129755,0.5061728395061778,0.34914089347079047,0.5128676470588236,0.3359683794466403
0.0,0.6195652173912976,0.654320987654323,0.8742268041237113,0.23897058823529402,0.6877470355731224
0.0,0.8043478260869534,0.6172839506172849,1.0,0.13235294117647042,0.08300395256916995
0.0,0.5108695652173907,0.46913580246913966,1.0,0.1672794117647057,0.035573122529644265
1.0,0.38043478260869534,0.4320987654321016,0.35326460481099664,0.755514705882353,0.533596837944664
0.5,0.30434782608695343,0.308641975308646,0.7807560137457044,0.25735294117647045,0.1067193675889328
0.0,0.4239130434782581,0.4074074074074119,0.4769759450171822,0.6636029411764707,0.901185770750988
0.0,0.6413043478260789,0.654320987654323,0.5883161512027493,0.44852941176470595,0.8656126482213438
0.0,0.7717391304347743,0.7407407407407405,0.4494845360824744,0.4411764705882353,0.849802371541502
1.0,0.6195652173912976,0.5308641975308674,0.060481099656357395,1.0,0.11857707509881422
0.0,0.5108695652173907,0.5555555555555571,0.6969072164948455,0.31066176470588225,0.25296442687747034
0.5,0.5326086956521721,0.5679012345679055,0.42611683848797277,0.4650735294117647,0.17786561264822134
0.0,0.3152173913043441,0.308641975308646,0.36838487972508593,0.6875000000000001,0.16996047430830039
0.0,0.5434782608695627,0.46913580246913966,0.4206185567010312,0.4761029411764707,0.13833992094861658
0.0,0.5326086956521721,0.5432098765432158,0.6611683848797254,0.3253676470588235,0.16996047430830039
0.5,0.4347826086956488,0.3950617283950635,0.8233676975945019,0.22058823529411756,0.7747035573122529
0.0,0.5434782608695627,0.7160493827160508,0.5223367697594501,0.3566176470588236,0.09881422924901186
0.0,0.5760869565217348,0.5802469135802468,1.0,0.12867647058823514,0.458498023715415
0.0,0.7717391304347743,0.7407407407407405,0.7601374570446735,0.2591911764705881,0.4426877470355731
0.5,0.5869565217391255,0.5308641975308674,0.6501718213058418,0.4007352941176471,0.7035573122529644
0.0,0.6847826086956488,0.6666666666666714,0.7037800687285225,0.30147058823529405,0.4387351778656126
0.5,0.5434782608695627,0.5308641975308674,0.3312714776632304,0.5588235294117648,0.035573122529644265
0.0,0.6739130434782581,0.6296296296296333,0.5841924398625431,0.39889705882352944,0.6403162055335968
0.0,0.28260869565216495,0.3456790123456841,0.4824742268041238,0.39522058823529405,0.24110671936758893
0.5,0.5869565217391255,0.6172839506172849,0.2405498281786942,0.7132352941176472,0.83399209486166
0.0,0.8804347826086882,0.7654320987654302,0.8288659793814435,0.34558823529411764,0.7984189723320158
0.0,0.3260869565217348,0.2839506172839492,1.0,0.0,0.225296442687747
0.0,0.45652173913043015,0.5308641975308674,0.29003436426116846,0.6911764705882354,0.3359683794466403
0.5,0.9239130434782581,0.8888888888888857,0.5855670103092785,0.41176470588235303,0.2727272727272727
0.0,0.1630434782608674,0.22222222222222143,0.4206185567010312,0.5441176470588236,0.4229249011857707
0.0,0.3369565217391255,0.46913580246913966,0.25979381443298966,0.6856617647058825,0.49407114624505927
0.0,0.6086956521739069,0.6049382716049436,0.5085910652920962,0.43933823529411775,0.011857707509881422
0.5,0.8695652173913047,0.864197530864196,0.6515463917525772,0.38235294117647056,0.4110671936758893
0.0,0.17391304347825098,0.2592592592592595,0.35326460481099664,0.667279411764706,0.6442687747035573
1.0,0.38043478260869534,0.518518518518519,0.3725085910652921,0.5955882352941178,0.15810276679841895
0.5,0.4782608695652115,0.5925925925925952,0.44536082474226824,0.4871323529411764,0.5177865612648221
0.0,0.6195652173912976,0.7037037037037024,0.42611683848797277,0.4908088235294118,0.2964426877470355
0.0,0.8260869565217348,0.8024691358024683,0.5539518900343645,0.511029411764706,0.5494071146245059
0.5,0.5869565217391255,0.654320987654323,0.2886597938144331,0.5220588235294119,0.3675889328063241
0.5,0.4130434782608674,0.3827160493827222,0.44398625429553285,0.5183823529411765,0.826086956521739
1.0,0.9021739130434767,0.7407407407407405,0.423367697594502,0.5018382352941178,0.3359683794466403
0.0,0.35869565217391397,0.5308641975308674,0.22817869415807568,0.6470588235294119,0.1660079051383399
0.5,0.7173913043478208,0.654320987654323,0.3628865979381444,0.5275735294117647,0.20158102766798416
0.5,0.2608695652173836,0.3827160493827222,0.302405498281787,0.6029411764705883,0.7509881422924901
0.0,0.891304347826086,0.9012345679012341,0.6020618556701032,0.3897058823529411,0.4980237154150197
0.0,0.18478260869564878,0.24691358024691112,0.7738831615120274,0.28860294117647056,0.7351778656126482
0.0,0.6304347826086953,0.6172839506172849,0.2859106529209623,0.667279411764706,0.0
0.0,0.6086956521739069,0.827160493827158,0.2694158075601376,0.729779411764706,0.49407114624505927
1.0,0.22826086956521152,0.44444444444444997,0.270790378006873,0.7279411764705883,0.30039525691699603
1.0,0.38043478260869534,0.5432098765432158,0.7367697594501719,0.32904411764705876,0.592885375494071
0.5,0.4239130434782581,0.3950617283950635,0.5567010309278353,0.4522058823529411,0.8379446640316205
1.0,0.4130434782608674,0.6049382716049436,0.2254295532646049,0.6470588235294119,0.5849802371541502
1.0,0.5652173913043441,0.7283950617283992,0.4646048109965637,0.43014705882352944,0.03952569169960474
0.0,0.22826086956521152,0.3333333333333357,0.4907216494845361,0.4761029411764707,0.24505928853754938
0.0,0.6304347826086953,0.6913580246913611,0.6240549828178694,0.4191176470588236,0.13438735177865613
0.0,0.6630434782608603,0.6049382716049436,0.43024054982817894,0.4558823529411765,0.3043478260869565
0.5,0.20652173913043015,0.3456790123456841,0.6089347079037801,0.34558823529411764,0.7786561264822134
0.5,0.45652173913043015,0.4320987654321016,0.4522336769759452,0.5165441176470589,0.6679841897233201
0.0,0.6956521739130395,0.6172839506172849,0.20618556701030943,0.7757352941176472,0.7667984189723319
1.0,0.3152173913043441,0.2716049382716008,0.44398625429553285,0.4944852941176472,0.7154150197628458
0.5,0.30434782608695343,0.3703703703703738,0.5209621993127147,0.47977941176470584,0.0
0.0,0.4130434782608674,0.5925925925925952,0.41649484536082504,0.47058823529411764,0.5770750988142292
0.0,0.4782608695652115,0.4320987654321016,0.21718213058419256,0.9558823529411766,0.28063241106719367
0.0,0.5434782608695627,0.7530864197530889,0.5223367697594501,0.3713235294117647,0.06324110671936758
0.0,0.6739130434782581,0.6049382716049436,1.0,0.1360294117647057,0.49011857707509876
0.5,0.7499999999999929,0.6913580246913611,0.2845360824742269,0.6286764705882354,0.38735177865612647
0.0,0.7282608695652115,0.5308641975308674,0.9127147766323027,0.18566176470588222,0.7035573122529644
0.5,0.36956521739129755,0.5555555555555571,0.59106529209622,0.37683823529411753,0.14229249011857706
0.0,0.3369565217391255,0.3580246913580325,0.5512027491408937,0.3970588235294117,0.6324110671936758
0.5,0.6630434782608603,0.6172839506172849,0.7202749140893472,0.3584558823529411,0.01976284584980237
0.0,0.6630434782608603,0.5802469135802468,0.18281786941580758,0.7058823529411766,0.4426877470355731
0.0,0.2608695652173836,0.3827160493827222,0.4769759450171822,0.5018382352941178,0.32411067193675885
0.0,0.2717391304347814,0.22222222222222143,0.30652920962199315,0.6580882352941178,0.43083003952569165
0.0,0.7934782608695627,0.6296296296296333,0.4371134020618559,0.4338235294117647,0.6324110671936758
0.5,0.5326086956521721,0.7283950617283992,0.604810996563574,0.40808823529411764,0.8379446640316205
0.0,0.5543478260869534,0.48148148148148806,0.529209621993127,0.5716911764705883,0.2964426877470355
0.0,0.44565217391303946,0.4320987654321016,0.5512027491408937,0.5147058823529411,0.2885375494071146
0.0,0.7717391304347743,0.6790123456790127,0.32439862542955344,0.7205882352941178,0.225296442687747
0.0,0.28260869565216495,0.24691358024691112,0.5072164948453608,0.45772058823529416,0.05928853754940711
0.5,0.6630434782608603,0.5679012345679055,0.6075601374570447,0.2996323529411764,0.6561264822134387
0.5,0.6195652173912976,0.6296296296296333,0.5017182130584192,0.4871323529411764,0.7667984189723319
0.5,0.35869565217391397,0.48148148148148806,0.24192439862542958,0.8566176470588236,0.7905138339920948
1.0,0.6521739130434767,0.654320987654323,0.2378006872852234,0.8547794117647061,0.5296442687747035
0.0,0.5652173913043441,0.7283950617283992,0.772508591065292,0.31985294117647056,0.41897233201581024
0.0,0.35869565217391397,0.518518518518519,0.5333333333333332,0.47426470588235303,0.14229249011857706
0.0,0.6956521739130395,0.5555555555555571,0.7120274914089348,0.2959558823529411,0.23320158102766797
1.0,0.7173913043478208,0.6296296296296333,0.39450171821305835,0.5496323529411765,0.3359683794466403
0.5,0.6086956521739069,0.6419753086419746,0.7683848797250858,0.3180147058823529,0.40316205533596833
0.0,0.46739130434782794,0.6296296296296333,0.30927835051546393,0.6819852941176472,0.308300395256917
0.5,0.38043478260869534,0.5308641975308674,0.4962199312714777,0.4724264705882353,0.3043478260869565
0.5,0.8043478260869534,0.7530864197530889,0.7697594501718212,0.3161764705882353,0.04743083003952569
0.0,0.7608695652173907,0.6790123456790127,0.5237113402061855,0.511029411764706,0.2608695652173913
0.0,0.38043478260869534,0.4197530864197603,0.44123711340206206,0.667279411764706,0.5059288537549407
0.0,0.28260869565216495,0.24691358024691112,0.44536082474226824,0.568014705882353,0.23320158102766797
0.0,0.6413043478260789,0.5308641975308674,0.6185567010309279,0.4558823529411765,0.12648221343873517
0.5,0.3152173913043441,0.45679012345679126,0.7216494845360826,0.3970588235294117,0.2885375494071146
1.0,0.4782608695652115,0.4320987654321016,0.4123711340206184,0.6764705882352943,0.5217391304347826
1.0,0.2391304347826022,0.3333333333333357,0.5759450171821308,0.4283088235294118,0.38735177865612647
0.0,0.3260869565217348,0.3827160493827222,0.6556701030927834,0.32352941176470584,0.13043478260869565
0.5,0.22826086956521152,0.3580246913580325,0.5993127147766324,0.3676470588235293,0.3359683794466403
0.5,0.5434782608695627,0.7407407407407405,0.38350515463917545,0.4411764705882353,0.0
0.0,0.25,0.4074074074074119,0.4384879725085913,0.599264705882353,0.25296442687747034
0.0,0.8152173913043441,0.6049382716049436,0.691408934707904,0.3253676470588235,0.7944664031620553
0.0,0.4239130434782581,0.3456790123456841,0.3010309278350516,0.704044117647059,0.38735177865612647
0.0,0.2608695652173836,0.23456790123456983,0.9292096219931274,0.1672794117647057,0.24110671936758893
0.0,0.5434782608695627,0.4320987654321016,0.8783505154639175,0.24999999999999986,0.6679841897233201
0.0,0.5760869565217348,0.6419753086419746,0.24192439862542958,0.6231617647058825,0.525691699604743
0.0,0.6956521739130395,0.5061728395061778,0.44398625429553285,0.4871323529411764,0.450592885375494
1.0,0.14130434782608603,0.20987654320987303,0.2268041237113403,0.6875000000000001,0.6996047430830039
0.0,0.25,0.3209876543209944,0.7890034364261171,0.2738970588235293,0.05138339920948616
0.5,0.7717391304347743,0.5432098765432158,0.48384879725085916,0.4375,0.38339920948616596
1.0,0.7499999999999929,0.5308641975308674,0.4123711340206184,0.5661764705882354,0.15019762845849802
0.5,0.10869565217390686,0.20987654320987303,0.22955326460481107,0.693014705882353,0.18972332015810275
0.5,0.5543478260869534,0.48148148148148806,0.6130584192439863,0.3216911764705882,0.6363636363636364
0.5,0.2608695652173836,0.18518518518518334,0.32577319587628883,0.568014705882353,0.007905138339920948
0.0,0.5978260869565162,0.7037037037037024,0.20343642611683865,0.8235294117647061,0.16996047430830039
0.0,0.8043478260869534,0.5802469135802468,0.5140893470790378,0.42095588235294124,0.15019762845849802
0.0,0.30434782608695343,0.23456790123456983,0.4536082474226806,0.5533088235294118,0.6758893280632411
0.0,0.5978260869565162,0.7407407407407405,0.5635738831615122,0.34191176470588225,0.8656126482213438
0.5,0.5652173913043441,0.49382716049382935,0.30378006872852237,0.5606617647058824,0.035573122529644265
0.0,0.2391304347826022,0.3703703703703738,0.8151202749140896,0.24632352941176458,0.6482213438735177
0.0,0.18478260869564878,0.2716049382716008,0.17594501718213063,1.0,0.6047430830039525
0.0,0.5217391304347814,0.7037037037037024,0.3436426116838489,0.641544117647059,0.2885375494071146
0.0,0.6521739130434767,0.5432098765432158,0.2570446735395189,0.7500000000000001,0.7628458498023715
0.5,0.46739130434782794,0.5432098765432158,0.25979381443298966,0.6599264705882354,0.3794466403162055
0.5,0.8369565217391255,0.6666666666666714,0.4920962199312715,0.4503676470588235,0.6956521739130435
0.0,0.4021739130434767,0.3703703703703738,0.3134020618556701,0.6580882352941178,0.0
0.0,0.8043478260869534,0.790123456790127,0.7697594501718212,0.21323529411764694,0.5770750988142292
0.0,0.6630434782608603,0.6913580246913611,0.3147766323024055,0.5422794117647058,0.18972332015810275
0.5,0.4347826086956488,0.3703703703703738,0.3463917525773197,0.6893382352941178,0.8221343873517786
0.5,0.6413043478260789,0.6419753086419746,0.26254295532646066,0.698529411764706,0.46640316205533594
0.5,0.3913043478260789,0.5308641975308674,0.5402061855670106,0.5974264705882353,0.2292490118577075
0.5,0.3478260869565162,0.2839506172839492,0.4824742268041238,0.4503676470588235,0.11462450592885375
0.0,0.5869565217391255,0.5925925925925952,0.5058419243986254,0.636029411764706,0.758893280632411
0.0,0.6630434782608603,0.6296296296296333,0.7862542955326464,0.30147058823529405,0.43478260869565216
0.0,0.3369565217391255,0.45679012345679126,0.4027491408934707,0.6158088235294118,0.47826086956521735
0.5,0.891304347826086,0.8888888888888857,0.49759450171821307,0.39889705882352944,0.43478260869565216
0.0,0.6086956521739069,0.5925925925925952,0.5924398625429554,0.5091911764705883,0.225296442687747
0.0,0.3152173913043441,0.2839506172839492,0.45498281786941597,0.5753676470588236,0.6561264822134387
0.0,0.5760869565217348,0.7283950617283992,0.39450171821305835,0.6470588235294119,0.8023715415019762
0.0,0.5652173913043441,0.7160493827160508,0.7422680412371134,0.33823529411764697,0.225296442687747
0.0,0.8586956521739069,0.8518518518518547,0.5951890034364262,0.41360294117647056,0.5849802371541502
0.0,0.5434782608695627,0.5802469135802468,0.6927835051546394,0.30147058823529405,0.1541501976284585
0.5,0.4782608695652115,0.4320987654321016,0.33539518900343657,0.5974264705882353,0.8102766798418972
0.5,0.5652173913043441,0.7654320987654302,0.772508591065292,0.27022058823529405,0.826086956521739
0.0,0.35869565217391397,0.308641975308646,0.7381443298969073,0.24816176470588228,0.6996047430830039
0.5,0.2391304347826022,0.45679012345679126,0.43161512027491433,0.4871323529411764,0.4426877470355731
1.0,0.6413043478260789,0.6172839506172849,0.7958762886597941,0.26654411764705876,0.13833992094861658
1.0,0.6847826086956488,0.5925925925925952,0.8494845360824743,0.2628676470588235,0.13833992094861658
0.0,0.4782608695652115,0.6790123456790127,0.9168384879725089,0.2003676470588234,0.7233201581027667
0.0,0.18478260869564878,0.2592592592592595,0.3134020618556701,0.6838235294117648,0.3794466403162055
0.0,0.5108695652173907,0.5555555555555571,0.8137457044673542,0.2591911764705881,0.7628458498023715
0.0,0.5978260869565162,0.7407407407407405,0.6694158075601377,0.3566176470588236,0.04743083003952569
0.0,0.7282608695652115,0.5925925925925952,0.13058419243986252,0.8786764705882355,0.3557312252964427
1.0,0.18478260869564878,0.2962962962963047,0.479725085910653,0.5257352941176471,0.8774703557312252
0.5,0.4239130434782581,0.3580246913580325,0.6364261168384879,0.4154411764705882,0.25296442687747034
0.0,0.6956521739130395,0.5555555555555571,0.19656357388316148,0.8198529411764708,0.15810276679841895
0.0,0.4021739130434767,0.3827160493827222,0.32577319587628883,0.7794117647058825,0.40711462450592883
0.0,0.6304347826086953,0.6790123456790127,0.5319587628865978,0.41360294117647056,0.6798418972332015
0.5,0.6739130434782581,0.6172839506172849,0.3931271477663232,0.48897058823529416,0.06719367588932806
0.0,0.7065217391304301,0.5679012345679055,0.8206185567010311,0.26654411764705876,0.11462450592885375
0.0,0.2608695652173836,0.3950617283950635,0.7518900343642612,0.2647058823529411,0.7628458498023715
0.0,0.30434782608695343,0.24691358024691112,0.7381443298969073,0.2996323529411764,0.43083003952569165
0.0,0.6086956521739069,0.5802469135802468,1.0,0.11029411764705868,0.11857707509881422
1.0,0.8152173913043441,0.654320987654323,0.36838487972508593,0.5643382352941178,0.18577075098814227
0.0,0.2717391304347814,0.3209876543209944,0.36701030927835054,0.6856617647058825,0.7470355731225296
0.5,0.6195652173912976,0.5802469135802468,0.6831615120274916,0.33272058823529405,0.6996047430830039
0.5,0.4021739130434767,0.5679012345679055,0.716151202749141,0.31066176470588225,0.3992094861660079
0.0,0.6195652173912976,0.6419753086419746,0.8865979381443299,0.28860294117647056,0.7786561264822134
0.5,0.6086956521739069,0.45679012345679126,0.7642611683848797,0.23529411764705874,0.4703557312252964
0.5,0.8260869565217348,0.654320987654323,0.32164948453608244,0.5128676470588236,0.20553359683794464
0.0,0.4999999999999929,0.6913580246913611,0.3587628865979382,0.8345588235294119,0.40711462450592883
0.0,0.28260869565216495,0.2716049382716008,0.35463917525773203,0.5661764705882354,0.3517786561264822
0.5,0.4782608695652115,0.48148148148148806,0.4247422680412374,0.5496323529411765,0.6442687747035573
0.0,0.22826086956521152,0.2962962962963047,0.4206185567010312,0.48897058823529416,0.07905138339920947
0.0,0.6847826086956488,0.654320987654323,0.361512027491409,0.5477941176470589,0.6245059288537549
1.0,0.4891304347826093,0.6049382716049436,0.35051546391752586,0.5845588235294119,0.458498023715415
0.5,0.891304347826086,0.827160493827158,0.6020618556701032,0.3180147058823529,0.38735177865612647
0.5,0.2717391304347814,0.45679012345679126,0.07972508591065308,0.8437500000000002,0.5098814229249011
0.0,0.7934782608695627,0.5925925925925952,0.3876288659793816,0.5588235294117648,0.26877470355731226
0.5,0.7934782608695627,0.5555555555555571,1.0,0.0,0.3320158102766798
0.0,0.6521739130434767,0.6419753086419746,0.5470790378006876,0.37316176470588236,0.32411067193675885
0.5,0.7608695652173907,0.7160493827160508,0.6955326460481102,0.3161764705882353,0.04743083003952569
0.0,0.8804347826086882,0.8518518518518547,0.4041237113402061,0.4540441176470589,0.46640316205533594
0.5,0.3913043478260789,0.5925925925925952,0.4907216494845361,0.4724264705882353,0.1067193675889328
0.5,0.5434782608695627,0.5555555555555571,0.3766323024054983,0.4908088235294118,0.015810276679841896
0.0,0.3478260869565162,0.5308641975308674,0.36701030927835054,0.5459558823529412,0.09881422924901186
0.5,0.9130434782608674,0.9012345679012341,0.18556701030927836,0.7647058823529413,0.007905138339920948
0.0,0.7282608695652115,0.5925925925925952,0.6419243986254295,0.4963235294117647,0.3913043478260869
0.0,0.6086956521739069,0.7777777777777786,0.4467353951890036,0.4761029411764707,0.8577075098814229
0.0,0.5978260869565162,0.790123456790127,0.4632302405498283,0.5238970588235294,0.683794466403162
0.5,0.36956521739129755,0.46913580246913966,0.45635738831615136,0.4779411764705882,0.458498023715415
0.5,0.9456521739130395,0.9135802469135825,0.3876288659793816,0.5514705882352942,0.3992094861660079
0.5,0.25,0.4074074074074119,0.3560137457044674,0.6029411764705883,0.7075098814229248
0.0,0.6739130434782581,0.6296296296296333,0.47285223367697604,0.47977941176470584,0.035573122529644265
0.5,0.6413043478260789,0.6419753086419746,0.35189003436426125,0.5955882352941178,0.26877470355731226
0.0,0.38043478260869534,0.5925925925925952,0.40687285223367686,0.6176470588235294,0.8181818181818181
0.0,0.20652173913043015,0.2839506172839492,0.7381443298969073,0.2426470588235293,0.7905138339920948
0.0,0.4239130434782581,0.3950617283950635,0.2391752577319588,0.698529411764706,0.7707509881422925
0.0,0.5543478260869534,0.44444444444444997,0.4907216494845361,0.49264705882352944,0.7984189723320158
0.5,0.5978260869565162,0.5679012345679055,0.14020618556701048,0.8860294117647061,0.2134387351778656
0.0,0.5869565217391255,0.48148148148148806,0.8824742268041237,0.2426470588235293,0.7707509881422925
0.0,0.46739130434782794,0.6172839506172849,1.0,0.19301470588235284,0.8102766798418972
0.0,0.5543478260869534,0.48148148148148806,0.2996563573883162,0.8106617647058825,0.6719367588932806
0.5,0.45652173913043015,0.45679012345679126,0.3010309278350516,0.7977941176470591,0.12648221343873517
0.0,0.2391304347826022,0.3333333333333357,0.5993127147766324,0.4650735294117647,0.41897233201581024
0.5,0.35869565217391397,0.518518518518519,0.479725085910653,0.3897058823529411,0.849802371541502
0.5,0.7065217391304301,0.654320987654323,0.30927835051546393,0.6746323529411765,0.6640316205533596
0.5,0.3913043478260789,0.308641975308646,0.21993127147766334,0.6691176470588237,0.043478260869565216
0.0,0.9130434782608674,0.8765432098765444,0.5154639175257731,0.46875,0.24110671936758893
0.0,0.9347826086956488,0.9012345679012341,0.329896907216495,0.6378676470588236,0.30039525691699603
0.5,0.7826086956521721,0.5802469135802468,0.566323024054983,0.4191176470588236,0.6956521739130435
0.0,0.4891304347826093,0.44444444444444997,0.2996563573883162,0.6727941176470589,0.458498023715415
0.5,0.8695652173913047,0.7530864197530889,0.5704467353951892,0.37683823529411753,0.2845849802371541
0.0,0.7608695652173907,0.6790123456790127,0.17731958762886602,0.9136029411764708,0.43083003952569165
0.0,0.5217391304347814,0.45679012345679126,0.9484536082474229,0.19852941176470576,0.10276679841897232
0.0,0.7608695652173907,0.7283950617283992,0.6831615120274916,0.39522058823529405,0.5494071146245059
0.0,0.29347826086956275,0.2592592592592595,0.3917525773195878,0.45772058823529416,0.4703557312252964
0.0,0.29347826086956275,0.3950617283950635,0.4673539518900345,0.4466911764705883,0.3636363636363636
0.0,0.19565217391303946,0.3456790123456841,0.21305841924398639,0.5808823529411765,0.8181818181818181
0.0,0.6739130434782581,0.6419753086419746,0.5938144329896908,0.4816176470588236,0.6324110671936758
0.0,0.4891304347826093,0.5308641975308674,0.26529209621993144,0.7536764705882354,0.6600790513833992
0.5,0.8695652173913047,0.8395061728395063,0.6955326460481102,0.3658088235294118,0.30039525691699603
0.0,0.3478260869565162,0.2839506172839492,0.32439862542955344,0.6488970588235295,0.12648221343873517
0.0,0.30434782608695343,0.3950617283950635,1.0,0.056985294117646884,0.308300395256917
0.0,0.5434782608695627,0.5679012345679055,0.26666666666666683,0.8731617647058825,0.8142292490118577
0.0,0.6195652173912976,0.5802469135802468,0.423367697594502,0.5661764705882354,0.683794466403162
0.0,0.8152173913043441,0.8148148148148167,0.2721649484536084,0.667279411764706,0.8735177865612648
0.5,0.35869565217391397,0.4197530864197603,0.4384879725085913,0.5588235294117648,0.8142292490118577
0.0,0.19565217391303946,0.3333333333333357,0.18694158075601375,0.7481617647058825,0.6047430830039525
0.0,0.5652173913043441,0.5925925925925952,0.4769759450171822,0.4375,0.2134387351778656
0.5,0.3478260869565162,0.4320987654321016,0.38625429553264623,0.6176470588235294,0.32806324110671936
0.0,0.8260869565217348,0.6790123456790127,0.6405498281786941,0.4430147058823529,0.28063241106719367
0.0,0.8478260869565233,0.827160493827158,0.3285223367697596,0.5220588235294119,0.4229249011857707
0.0,0.8804347826086882,0.864197530864196,0.5786941580756015,0.3897058823529411,0.458498023715415
0.0,0.2717391304347814,0.2592592592592595,0.5567010309278353,0.46139705882352944,0.13043478260869565
0.0,0.2391304347826022,0.3703703703703738,0.3931271477663232,0.5919117647058825,0.07509881422924901
0.0,0.5978260869565162,0.5555555555555571,0.4756013745704468,0.5,0.6126482213438734
0.0,0.2608695652173836,0.4074074074074119,0.9704467353951891,0.21323529411764694,0.11067193675889328
0.0,0.8586956521739069,0.827160493827158,0.6804123711340209,0.3841911764705883,0.28063241106719367
0.0,0.2608695652173836,0.4320987654321016,0.270790378006873,0.8419117647058825,0.6719367588932806
0.0,0.19565217391303946,0.2962962962963047,0.8054982817869418,0.3216911764705882,0.8142292490118577
0.0,0.6304347826086953,0.7283950617283992,0.4398625429553267,0.5625,0.01976284584980237
0.0,0.30434782608695343,0.3209876543209944,0.2240549828178695,0.9227941176470591,0.05138339920948616
0.5,0.17391304347825098,0.2592592592592595,0.5168384879725085,0.5055147058823529,0.592885375494071
0.5,0.4130434782608674,0.6049382716049436,0.3147766323024055,0.6746323529411765,0.6521739130434783
0.0,0.6195652173912976,0.7160493827160508,0.5374570446735398,0.3492647058823529,0.7707509881422925
0.0,0.22826086956521152,0.3580246913580325,0.3725085910652921,0.7187500000000001,0.7430830039525691
0.5,0.7391304347826093,0.7160493827160508,0.6419243986254295,0.34558823529411764,0.0909090909090909
0.0,0.5108695652173907,0.5555555555555571,0.4371134020618559,0.4338235294117647,0.2608695652173913
0.0,0.29347826086956275,0.24691358024691112,0.36701030927835054,0.6029411764705883,0.7272727272727272
0.0,0.7608695652173907,0.6172839506172849,0.32164948453608244,0.7003676470588236,0.6205533596837944
1.0,0.6630434782608603,0.6666666666666714,0.38075601374570445,0.5257352941176471,0.5691699604743082
0.5,0.5108695652173907,0.6913580246913611,0.6336769759450172,0.35477941176470584,0.21739130434782608
0.5,0.5760869565217348,0.6049382716049436,0.32302405498281805,0.6911764705882354,0.25296442687747034
0.5,0.25,0.3456790123456841,0.5278350515463917,0.5165441176470589,0.3557312252964427
0.0,0.22826086956521152,0.4074074074074119,0.21443298969072178,0.8106617647058825,0.683794466403162
0.5,0.7826086956521721,0.7037037037037024,0.6432989690721649,0.40808823529411764,0.6205533596837944
0.5,0.5108695652173907,0.5555555555555571,0.30927835051546393,0.7058823529411766,0.7509881422924901
0.5,0.6956521739130395,0.6296296296296333,0.5855670103092785,0.36029411764705876,0.8063241106719367
0.5,0.19565217391303946,0.3333333333333357,0.45910652920962214,0.4503676470588235,0.7154150197628458
0.0,0.5652173913043441,0.46913580246913966,0.29003436426116846,0.786764705882353,0.007905138339920948
0.0,0.9130434782608674,0.9135802469135825,0.7079037800687287,0.2867647058823528,0.1818181818181818
0.5,0.4782608695652115,0.5925925925925952,0.44261168384879745,0.5220588235294119,0.4980237154150197
0.0,0.36956521739129755,0.518518518518519,0.6639175257731962,0.30698529411764697,0.1660079051383399
0.5,0.7717391304347743,0.654320987654323,0.566323024054983,0.43566176470588236,0.25296442687747034
1.0,0.2717391304347814,0.19753086419753174,0.5319587628865978,0.42279411764705876,0.7509881422924901
0.0,0.5869565217391255,0.654320987654323,0.5883161512027493,0.4430147058823529,0.6877470355731224
1.0,0.38043478260869534,0.5061728395061778,0.47010309278350526,0.5772058823529412,0.13833992094861658
0.0,0.4130434782608674,0.5432098765432158,0.2735395189003438,0.6029411764705883,0.17391304347826086
0.0,0.2391304347826022,0.3456790123456841,0.2845360824742269,0.786764705882353,0.5059288537549407
0.5,0.7826086956521721,0.5925925925925952,1.0,0.16176470588235284,0.5177865612648221
0.0,0.19565217391303946,0.3333333333333357,0.7216494845360826,0.30698529411764697,0.3952569169960474
0.5,0.7065217391304301,0.6419753086419746,0.26116838487972527,0.7261029411764707,0.22134387351778656
0.0,0.7717391304347743,0.5802469135802468,0.9580756013745706,0.20404411764705868,0.5098814229249011
1.0,0.9565217391304373,0.9259259259259238,0.5800687285223369,0.5625,0.20553359683794464
0.0,0.4999999999999929,0.46913580246913966,0.389003436426117,0.48897058823529416,0.07114624505928853
0.5,0.7826086956521721,0.7160493827160508,0.26116838487972527,0.7334558823529413,0.5494071146245059
0.5,0.30434782608695343,0.3950617283950635,0.22955326460481107,0.6911764705882354,0.43478260869565216
1.0,0.38043478260869534,0.5925925925925952,0.17319587628865984,0.7904411764705883,0.7984189723320158
0.5,0.5652173913043441,0.6666666666666714,0.17594501718213063,0.8915441176470589,0.7984189723320158
0.5,0.7826086956521721,0.7777777777777786,0.36838487972508593,0.5643382352941178,0.7272727272727272
0.0,0.5760869565217348,0.5679012345679055,0.8604810996563574,0.21323529411764694,0.83399209486166
0.5,0.9021739130434767,0.7654320987654302,0.6171821305841925,0.42647058823529416,0.37549407114624506
0.0,0.8152173913043441,0.6666666666666714,0.39587628865979374,0.4283088235294118,0.3517786561264822
0.0,0.5652173913043441,0.5061728395061778,1.0,0.1580882352941175,0.6482213438735177
0.0,0.4999999999999929,0.6913580246913611,0.50446735395189,0.4650735294117647,0.6324110671936758
1.0,0.11956521739129755,0.19753086419753174,0.511340206185567,0.4522058823529411,0.2964426877470355
0.0,0.21739130434782084,0.3209876543209944,0.5800687285223369,0.41727941176470584,0.23320158102766797
1.0,0.5760869565217348,0.45679012345679126,0.7189003436426118,0.27941176470588225,0.14229249011857706
0.0,0.25,0.3580246913580325,0.7917525773195879,0.28860294117647056,0.1660079051383399
1.0,0.44565217391303946,0.44444444444444997,0.7903780068728525,0.28308823529411753,0.0
0.0,0.5326086956521721,0.7407407407407405,0.4467353951890036,0.6525735294117647,0.6600790513833992
0.0,0.7934782608695627,0.8148148148148167,0.47285223367697604,0.3933823529411765,0.17391304347826086
0.5,0.2391304347826022,0.3456790123456841,0.4508591065292098,0.5404411764705883,0.08695652173913043
0.0,0.17391304347825098,0.2592592592592595,0.5347079037800686,0.4650735294117647,0.533596837944664
0.0,0.8586956521739069,0.7037037037037024,0.24879725085910653,0.704044117647059,0.035573122529644265
0.5,0.6413043478260789,0.5308641975308674,0.6281786941580756,0.34558823529411764,0.683794466403162
0.5,0.5326086956521721,0.49382716049382935,0.33676975945017196,0.5551470588235294,0.541501976284585
1.0,0.5434782608695627,0.7283950617283992,0.23505154639175263,0.7463235294117648,0.4861660079051383
1.0,0.7173913043478208,0.654320987654323,0.6927835051546394,0.31433823529411753,0.05138339920948616
0.5,0.2391304347826022,0.3209876543209944,0.6240549828178694,0.44852941176470595,0.40711462450592883
0.5,0.7608695652173907,0.6172839506172849,0.5374570446735398,0.3878676470588235,0.4703557312252964
0.0,0.5652173913043441,0.44444444444444997,0.40824742268041225,0.6102941176470589,0.3517786561264822
0.5,0.7065217391304301,0.48148148148148806,0.36838487972508593,0.6654411764705883,0.8458498023715414
0.0,0.6956521739130395,0.6049382716049436,0.47422680412371143,0.5202205882352942,0.25296442687747034
0.5,0.6413043478260789,0.518518518518519,0.39587628865979374,0.698529411764706,0.05928853754940711
0.0,0.3913043478260789,0.3703703703703738,0.3711340206185567,0.7150735294117648,0.25296442687747034
0.5,0.6521739130434767,0.5308641975308674,0.5841924398625431,0.3308823529411764,0.8300395256916996
0.0,0.6086956521739069,0.6296296296296333,0.5539518900343645,0.49816176470588236,0.20158102766798416
0.5,0.7499999999999929,0.7407407407407405,0.666666666666667,0.34191176470588225,0.007905138339920948
0.0,0.22826086956521152,0.3580246913580325,0.38213058419243984,0.6488970588235295,0.34782608695652173
0.5,0.22826086956521152,0.3580246913580325,0.6721649484536085,0.37316176470588236,0.616600790513834
0.0,0.8152173913043441,0.6049382716049436,1.0,0.13051470588235278,0.7865612648221343
0.0,0.38043478260869534,0.5555555555555571,0.4618556701030929,0.5183823529411765,0.20158102766798416
1.0,0.3478260869565162,0.45679012345679126,1.0,0.15073529411764694,0.23320158102766797
0.0,0.4021739130434767,0.3580246913580325,0.7780068728522336,0.36029411764705876,0.6363636363636364
0.0,0.7934782608695627,0.5925925925925952,0.7972508591065295,0.28308823529411753,0.007905138339920948
0.0,0.8260869565217348,0.8024691358024683,0.2735395189003438,0.7775735294117649,0.1976284584980237
0.5,0.30434782608695343,0.2716049382716008,0.2872852233676977,0.7775735294117649,0.1660079051383399
0.5,0.30434782608695343,0.2716049382716008,0.18556701030927836,0.755514705882353,0.20553359683794464
0.0,0.3369565217391255,0.3456790123456841,0.44261168384879745,0.46139705882352944,0.43478260869565216
0.0,0.8695652173913047,0.7037037037037024,0.47010309278350526,0.4503676470588235,0.14229249011857706
1.0,0.7717391304347743,0.6790123456790127,0.4646048109965637,0.5147058823529411,0.8063241106719367
0.0,0.4021739130434767,0.5555555555555571,0.3628865979381444,0.5404411764705883,0.3438735177865612
0.0,0.06521739130434412,0.12345679012345556,0.5209621993127147,0.5165441176470589,0.4229249011857707
1.0,0.2391304347826022,0.44444444444444997,0.3999999999999999,0.6783088235294119,0.7944664031620553
0.0,0.21739130434782084,0.3209876543209944,0.4824742268041238,0.45772058823529416,0.17786561264822134
0.5,0.6521739130434767,0.5802469135802468,1.0,0.10845588235294099,0.7509881422924901
0.0,0.21739130434782084,0.2962962962963047,0.8178694158075603,0.2867647058823528,0.2134387351778656
0.0,0.4130434782608674,0.3827160493827222,0.45910652920962214,0.46875,0.34782608695652173
0.0,0.8695652173913047,0.8518518518518547,0.6254295532646048,0.4007352941176471,0.40316205533596833
0.0,0.6739130434782581,0.5925925925925952,0.654295532646048,0.40625,0.7351778656126482
0.0,0.30434782608695343,0.2716049382716008,0.6831615120274916,0.3529411764705882,0.02766798418972332
0.0,0.30434782608695343,0.2592592592592595,0.8151202749140896,0.28308823529411753,0.30039525691699603
1.0,0.8804347826086882,0.8148148148148167,0.8261168384879727,0.2775735294117646,0.15810276679841895
0.0,0.5434782608695627,0.48148148148148806,0.4123711340206184,0.5863970588235295,0.7075098814229248
0.0,0.19565217391303946,0.3333333333333357,0.4398625429553267,0.5459558823529412,0.5770750988142292
0.0,0.44565217391303946,0.3950617283950635,0.5704467353951892,0.3915441176470589,0.6956521739130435
0.5,0.7391304347826093,0.6049382716049436,0.3477663230240551,0.7205882352941178,0.37549407114624506
0.0,0.5760869565217348,0.5802469135802468,0.39725085910652913,0.641544117647059,0.4743083003952569
0.0,0.45652173913043015,0.6296296296296333,0.15807560137457055,0.7279411764705883,0.4426877470355731
0.0,0.46739130434782794,0.6296296296296333,0.4659793814432991,0.5441176470588236,0.4268774703557312
0.0,0.44565217391303946,0.4320987654321016,0.5333333333333332,0.42095588235294124,0.2964426877470355
0.0,0.5652173913043441,0.49382716049382935,0.5388316151202752,0.31985294117647056,0.5494071146245059
1.0,0.5652173913043441,0.5308641975308674,0.4494845360824744,0.636029411764706,0.7272727272727272
0.5,0.5652173913043441,0.7283950617283992,0.5621993127147769,0.43566176470588236,0.015810276679841896
0.0,0.7826086956521721,0.7160493827160508,0.4467353951890036,0.4099264705882353,0.5177865612648221
0.5,0.4347826086956488,0.4320987654321016,0.5745704467353954,0.46139705882352944,0.5098814229249011
1.0,0.9456521739130395,0.9135802469135825,0.41786941580756043,0.6011029411764707,0.6561264822134387
0.0,0.9130434782608674,0.8024691358024683,0.6199312714776632,0.40625,0.3636363636363636
0.5,0.7499999999999929,0.6296296296296333,0.329896907216495,0.625,0.19367588932806323
0.0,0.7934782608695627,0.5925925925925952,0.5883161512027493,0.3676470588235293,0.7628458498023715
0.5,0.9565217391304373,0.9382716049382722,0.42886597938144355,0.47058823529411764,0.2845849802371541
0.5,0.22826086956521152,0.3333333333333357,0.6969072164948455,0.30698529411764697,0.23320158102766797
0.0,0.28260869565216495,0.24691358024691112,0.479725085910653,0.5808823529411765,0.26482213438735175
0.5,0.5434782608695627,0.7654320987654302,0.6996563573883163,0.3308823529411764,0.18972332015810275
0.0,0.5869565217391255,0.6172839506172849,0.3766323024054983,0.5588235294117648,0.19367588932806323
0.0,0.29347826086956275,0.23456790123456983,0.3876288659793816,0.6599264705882354,0.5454545454545454
0.0,0.1521739130434696,0.2716049382716008,0.7175257731958764,0.3088235294117647,0.4703557312252964
0.0,0.4021739130434767,0.3950617283950635,0.6240549828178694,0.35110294117647056,0.1660079051383399
0.0,0.5108695652173907,0.4074074074074119,0.7436426116838488,0.35477941176470584,0.31225296442687744
0.0,0.2717391304347814,0.3333333333333357,0.6103092783505155,0.35477941176470584,0.7233201581027667
0.0,0.5326086956521721,0.5432098765432158,0.48797250859106533,0.5422794117647058,0.09881422924901186
0.0,0.7499999999999929,0.7037037037037024,0.6061855670103093,0.35477941176470584,0.16205533596837943
0.0,0.21739130434782084,0.3209876543209944,0.3134020618556701,0.6084558823529412,0.25296442687747034
0.0,0.28260869565216495,0.4074074074074119,0.3876288659793816,0.625,0.46640316205533594
0.5,0.6956521739130395,0.6172839506172849,0.6309278350515464,0.3400735294117647,0.308300395256917
0.0,0.22826086956521152,0.4320987654321016,0.3697594501718213,0.5073529411764706,0.4624505928853755
0.5,0.6086956521739069,0.6172839506172849,0.3463917525773197,0.5551470588235294,0.525691699604743
0.0,0.9021739130434767,0.7530864197530889,0.0742268041237113,0.9926470588235297,0.5849802371541502
0.0,0.25,0.4320987654321016,0.6089347079037801,0.37316176470588236,0.6126482213438734
0.0,0.2391304347826022,0.3580246913580325,0.691408934707904,0.3051470588235293,0.5375494071146245
1.0,0.6195652173912976,0.5802469135802468,0.47285223367697604,0.5900735294117647,0.33992094861660077
0.5,0.8043478260869534,0.790123456790127,0.2886597938144331,0.6268382352941178,0.6956521739130435
0.0,0.9239130434782581,0.8765432098765444,0.46048109965635753,0.5,0.608695652173913
0.5,0.9347826086956488,0.9259259259259238,0.2501718213058419,0.6323529411764707,0.007905138339920948
0.0,0.7826086956521721,0.6666666666666714,0.45498281786941597,0.4779411764705882,0.533596837944664
1.0,0.5760869565217348,0.7407407407407405,0.45635738831615136,0.43933823529411775,0.06719367588932806
0.0,0.7282608695652115,0.5925925925925952,0.6639175257731962,0.33272058823529405,0.5770750988142292
0.0,0.30434782608695343,0.308641975308646,0.4357388316151205,0.5128676470588236,0.225296442687747
0.5,0.8695652173913047,0.790123456790127,0.7216494845360826,0.3161764705882353,0.3162055335968379
0.5,0.7717391304347743,0.6666666666666714,0.2721649484536084,0.7647058823529413,0.0
0.0,0.8260869565217348,0.8024691358024683,0.47422680412371143,0.4595588235294117,0.3636363636363636
0.0,0.5869565217391255,0.5802469135802468,0.0907216494845362,0.7150735294117648,0.6324110671936758
1.0,0.3260869565217348,0.2839506172839492,0.6446735395189003,0.3308823529411764,0.007905138339920948
0.0,0.7282608695652115,0.5802469135802468,0.38487972508591084,0.5625,0.6600790513833992
0.0,0.2391304347826022,0.3580246913580325,0.57319587628866,0.4558823529411765,0.007905138339920948
0.0,0.5978260869565162,0.7407407407407405,0.44261168384879745,0.6176470588235294,0.8577075098814229
0.0,0.7173913043478208,0.5802469135802468,0.984192439862543,0.19485294117647042,0.6442687747035573
1.0,0.891304347826086,0.7160493827160508,0.6336769759450172,0.3805147058823529,0.2885375494071146
0.0,0.22826086956521152,0.3580246913580325,0.5003436426116838,0.4761029411764707,0.5375494071146245
0.0,0.3913043478260789,0.5432098765432158,0.5759450171821308,0.31985294117647056,0.6403162055335968
0.5,0.3369565217391255,0.3703703703703738,0.5718213058419246,0.3474264705882353,0.4624505928853755
0.0,0.5108695652173907,0.4320987654321016,0.37938144329896906,0.5661764705882354,0.4861660079051383
1.0,0.28260869565216495,0.4320987654321016,0.5621993127147769,0.4025735294117647,0.01976284584980237
0.0,0.5543478260869534,0.5432098765432158,0.6130584192439863,0.3805147058823529,0.7549407114624506
1.0,0.5760869565217348,0.45679012345679126,0.5319587628865978,0.46139705882352944,0.09486166007905138
0.5,0.3478260869565162,0.48148148148148806,0.46872852233676987,0.6341911764705883,0.007905138339920948
0.0,0.3913043478260789,0.5308641975308674,0.3903780068728524,0.6636029411764707,0.7312252964426877
0.5,0.2391304347826022,0.3456790123456841,0.6790378006872855,0.3216911764705882,0.10276679841897232
0.5,0.6956521739130395,0.654320987654323,0.19656357388316148,0.7904411764705883,0.1541501976284585
0.5,0.5978260869565162,0.6790123456790127,0.36563573883161515,0.48345588235294124,0.32411067193675885
1.0,0.5108695652173907,0.48148148148148806,0.6336769759450172,0.3584558823529411,0.3517786561264822
0.5,0.5652173913043441,0.7283950617283992,0.39587628865979374,0.704044117647059,0.7628458498023715
0.0,0.3152173913043441,0.2592592592592595,0.302405498281787,0.6580882352941178,0.30039525691699603
0.0,0.2391304347826022,0.3580246913580325,0.5883161512027493,0.42647058823529416,0.5573122529644269
0.0,0.6304347826086953,0.6296296296296333,0.7642611683848797,0.27022058823529405,0.3992094861660079
0.5,0.5543478260869534,0.7530864197530889,0.529209621993127,0.37316176470588236,0.826086956521739
1.0,0.5760869565217348,0.5925925925925952,0.3931271477663232,0.7058823529411766,0.2292490118577075
0.0,0.3260869565217348,0.518518518518519,0.4054982817869415,0.5716911764705883,0.458498023715415
0.5,0.3478260869565162,0.2839506172839492,0.2680412371134022,0.6691176470588237,0.5889328063241106
0.0,0.7065217391304301,0.654320987654323,0.8288659793814435,0.2647058823529411,0.6403162055335968
0.0,0.7173913043478208,0.654320987654323,0.6515463917525772,0.37316176470588236,0.4980237154150197
0.5,0.25,0.3703703703703738,0.4219931271477666,0.6213235294117648,0.2134387351778656
0.0,0.6739130434782581,0.6419753086419746,0.20618556701030943,0.6948529411764707,0.043478260869565216
0.0,0.5543478260869534,0.6296296296296333,0.3134020618556701,0.6709558823529412,0.5612648221343873
0.0,0.5543478260869534,0.6790123456790127,0.6941580756013748,0.2959558823529411,0.6758893280632411
0.0,0.4021739130434767,0.5555555555555571,0.5017182130584192,0.5643382352941178,0.6284584980237153
0.5,0.36956521739129755,0.5061728395061778,0.5525773195876291,0.5386029411764707,0.7905138339920948
0.0,0.8695652173913047,0.6913580246913611,0.5828178694158077,0.3841911764705883,0.05533596837944664
0.0,0.4782608695652115,0.6296296296296333,0.5786941580756015,0.42647058823529416,0.7509881422924901
0.5,0.9239130434782581,0.8518518518518547,0.4934707903780069,0.5349264705882353,0.6284584980237153
0.0,0.28260869565216495,0.24691358024691112,0.5841924398625431,0.40625,0.32806324110671936
1.0,0.4239130434782581,0.3333333333333357,0.302405498281787,0.7426470588235295,0.23320158102766797
0.5,0.7934782608695627,0.5925925925925952,0.3463917525773197,0.8014705882352942,0.225296442687747
0.0,0.7499999999999929,0.7283950617283992,0.5182130584192439,0.4246323529411764,0.6007905138339921
0.0,0.5108695652173907,0.4197530864197603,0.40824742268041225,0.511029411764706,0.035573122529644265
1.0,0.36956521739129755,0.5061728395061778,0.5690721649484538,0.3786764705882353,0.47826086956521735
0.5,0.38043478260869534,0.5061728395061778,0.5030927835051546,0.44485294117647056,0.18577075098814227
0.5,0.7499999999999929,0.654320987654323,0.423367697594502,0.636029411764706,0.6363636363636364
0.0,0.4130434782608674,0.5679012345679055,0.6199312714776632,0.33639705882352944,0.9565217391304347
0.5,0.29347826086956275,0.4074074074074119,0.30927835051546393,0.7922794117647061,0.31225296442687744
0.0,0.6086956521739069,0.6419753086419746,0.5951890034364262,0.3897058823529411,0.7154150197628458
0.0,0.4999999999999929,0.5061728395061778,0.7532646048109966,0.28308823529411753,0.4624505928853755
0.0,0.891304347826086,0.8518518518518547,0.5965635738831616,0.3933823529411765,0.4268774703557312
0.0,0.3478260869565162,0.3827160493827222,0.6900343642611686,0.3088235294117647,0.05138339920948616
0.5,0.46739130434782794,0.3950617283950635,0.7106529209621995,0.27573529411764697,0.6363636363636364
1.0,0.28260869565216495,0.4197530864197603,0.36701030927835054,0.5863970588235295,0.03162055335968379
0.0,0.7499999999999929,0.6790123456790127,1.0,0.18933823529411756,0.007905138339920948
0.0,0.5543478260869534,0.7037037037037024,0.6790378006872855,0.3033088235294117,0.5098814229249011
0.0,0.3913043478260789,0.308641975308646,0.9072164948453612,0.20220588235294104,0.10276679841897232
0.0,0.4130434782608674,0.5802469135802468,0.6721649484536085,0.3345588235294117,0.5098814229249011
0.0,0.7826086956521721,0.5555555555555571,0.5745704467353954,0.3566176470588236,0.25296442687747034
0.5,0.5108695652173907,0.44444444444444997,1.0,0.0643382352941175,0.6719367588932806
0.0,0.20652173913043015,0.3703703703703738,0.45773195876288675,0.4724264705882353,0.33992094861660077
0.0,0.7934782608695627,0.7283950617283992,0.6460481099656357,0.3088235294117647,0.6324110671936758
0.5,0.5108695652173907,0.7037037037037024,0.8563573883161513,0.20772058823529402,0.8418972332015809
0.5,0.5543478260869534,0.6296296296296333,0.44398625429553285,0.4246323529411764,0.5849802371541502
0.0,0.3478260869565162,0.48148148148148806,0.57319587628866,0.3566176470588236,0.3517786561264822
0.5,0.38043478260869534,0.5061728395061778,0.4247422680412374,0.6231617647058825,0.23320158102766797
0.0,0.5652173913043441,0.46913580246913966,0.8618556701030928,0.2738970588235293,0.4624505928853755
0.5,0.29347826086956275,0.3456790123456841,0.57319587628866,0.3713235294117647,0.09486166007905138
0.0,0.20652173913043015,0.3580246913580325,0.8329896907216496,0.18749999999999986,0.11857707509881422
0.0,0.5326086956521721,0.7037037037037024,0.35326460481099664,0.5772058823529412,0.3320158102766798
0.0,0.5978260869565162,0.6172839506172849,0.4907216494845361,0.48897058823529416,0.691699604743083
0.0,0.7934782608695627,0.790123456790127,0.3725085910652921,0.7261029411764707,0.13833992094861658
0.5,0.6956521739130395,0.6049382716049436,0.9731958762886599,0.17095588235294104,0.3913043478260869
1.0,0.5217391304347814,0.48148148148148806,0.4054982817869415,0.5937500000000001,0.44664031620553357
1.0,0.5869565217391255,0.48148148148148806,0.30515463917525776,0.6562500000000001,0.02766798418972332
0.0,0.5869565217391255,0.8148148148148167,1.0,0.20588235294117638,0.23715415019762845
1.0,0.2717391304347814,0.3333333333333357,0.5250859106529209,0.46691176470588247,0.7312252964426877
0.0,0.7065217391304301,0.654320987654323,0.6020618556701032,0.37683823529411753,0.015810276679841896
0.5,0.5760869565217348,0.6296296296296333,0.30378006872852237,0.6488970588235295,0.34782608695652173
0.5,0.18478260869564878,0.2716049382716008,0.33814432989690735,0.6139705882352943,0.6521739130434783
0.5,0.2391304347826022,0.3703703703703738,0.7271477663230241,0.28125,0.4229249011857707
0.0,0.22826086956521152,0.308641975308646,0.32164948453608244,0.6783088235294119,0.16205533596837943
0.0,0.5869565217391255,0.5925925925925952,1.0,0.15073529411764694,0.7667984189723319
0.5,0.8369565217391255,0.6790123456790127,0.6130584192439863,0.42095588235294124,0.8181818181818181
0.5,0.6630434782608603,0.5925925925925952,0.4494845360824744,0.729779411764706,0.7944664031620553
0.0,0.5217391304347814,0.7037037037037024,0.4343642611683851,0.5569852941176472,0.05138339920948616
0.0,0.7826086956521721,0.5679012345679055,0.38213058419243984,0.573529411764706,0.5770750988142292
0.5,0.21739130434782084,0.4074074074074119,0.5333333333333332,0.4908088235294118,0.6640316205533596
0.5,0.4782608695652115,0.3950617283950635,0.5264604810996563,0.4154411764705882,0.32411067193675885
0.0,0.6521739130434767,0.6049382716049436,0.5388316151202752,0.4411764705882353,0.44664031620553357
0.5,0.7173913043478208,0.48148148148148806,0.3725085910652921,0.5312500000000001,0.7944664031620553
0.5,0.7608695652173907,0.6913580246913611,0.6281786941580756,0.37316176470588236,0.541501976284585
1.0,0.8043478260869534,0.5802469135802468,0.18831615120274914,0.7794117647058825,0.07905138339920947
0.5,0.5978260869565162,0.827160493827158,0.8838487972508591,0.22610294117647048,0.5375494071146245
0.5,0.3260869565217348,0.4197530864197603,0.32439862542955344,0.6286764705882354,0.05928853754940711
0.5,0.2608695652173836,0.3827160493827222,0.2501718213058419,0.8125000000000002,0.4150197628458498
0.0,0.5434782608695627,0.7530864197530889,0.33676975945017196,0.6102941176470589,0.7193675889328063
0.5,0.8695652173913047,0.827160493827158,0.4632302405498283,0.47977941176470584,0.26877470355731226
0.0,0.30434782608695343,0.2716049382716008,0.7285223367697595,0.37683823529411753,0.15810276679841895
0.0,0.29347826086956275,0.4074074074074119,0.7024054982817871,0.36029411764705876,0.3557312252964427
1.0,0.5760869565217348,0.7407407407407405,0.3560137457044674,0.5845588235294119,0.3438735177865612
0.5,0.7717391304347743,0.5925925925925952,0.45635738831615136,0.43933823529411775,0.6482213438735177
0.0,0.3152173913043441,0.2962962962963047,0.18969072164948453,0.8363970588235294,0.13833992094861658
0.5,0.46739130434782794,0.6666666666666714,0.6611683848797254,0.38602941176470584,0.525691699604743
0.0,0.22826086956521152,0.4320987654321016,0.3573883161512028,0.4779411764705882,0.10276679841897232
0.5,0.7608695652173907,0.6666666666666714,0.23367697594501724,0.7444852941176472,0.24901185770750986
0.0,0.9239130434782581,0.9135802469135825,0.9635738831615122,0.23897058823529402,0.83399209486166
0.5,0.9347826086956488,0.9382716049382722,0.548453608247423,0.40808823529411764,0.6640316205533596
0.0,0.5978260869565162,0.6172839506172849,0.4027491408934707,0.5514705882352942,0.683794466403162
0.0,0.38043478260869534,0.518518518518519,0.6336769759450172,0.35110294117647056,0.19367588932806323
0.0,0.5108695652173907,0.46913580246913966,0.4646048109965637,0.4779411764705882,0.3438735177865612
0.0,0.5217391304347814,0.7037037037037024,0.5993127147766324,0.40808823529411764,0.7549407114624506
0.0,0.6521739130434767,0.6049382716049436,0.389003436426117,0.6378676470588236,0.1660079051383399
0.5,0.7065217391304301,0.5432098765432158,1.0,0.020220588235293907,0.8102766798418972
0.0,0.4021739130434767,0.3580246913580325,1.0,0.17463235294117638,0.40316205533596833
1.0,0.3913043478260789,0.5432098765432158,0.2721649484536084,0.9172794117647061,0.6363636363636364
0.0,0.29347826086956275,0.4197530864197603,0.4192439862542958,0.5790441176470589,0.49011857707509876
0.0,0.5543478260869534,0.6049382716049436,0.2969072164948454,0.6599264705882354,0.09486166007905138
0.5,0.6521739130434767,0.654320987654323,0.4494845360824744,0.5147058823529411,0.5849802371541502
0.5,0.25,0.44444444444444997,0.40687285223367686,0.6139705882352943,0.8616600790513833
1.0,0.9021739130434767,0.827160493827158,0.36838487972508593,0.6029411764705883,0.035573122529644265
0.0,0.6630434782608603,0.6296296296296333,0.5154639175257731,0.4430147058823529,0.38339920948616596
1.0,0.5217391304347814,0.7283950617283992,0.6955326460481102,0.3088235294117647,0.3359683794466403
0.0,0.8152173913043441,0.827160493827158,0.48797250859106533,0.4944852941176472,0.9446640316205533
0.5,0.6847826086956488,0.6296296296296333,0.6817869415807563,0.3529411764705882,0.2292490118577075
0.0,0.3913043478260789,0.5432098765432158,0.47010309278350526,0.4632352941176471,0.20553359683794464
0.0,0.3152173913043441,0.4074074074074119,0.2378006872852234,0.5698529411764706,0.6758893280632411
0.0,0.28260869565216495,0.3950617283950635,0.30927835051546393,0.511029411764706,0.17786561264822134
0.0,0.3478260869565162,0.44444444444444997,0.5525773195876291,0.5018382352941178,0.5177865612648221
0.5,0.6739130434782581,0.5925925925925952,0.33539518900343657,0.5753676470588236,0.7272727272727272
0.0,0.35869565217391397,0.5061728395061778,0.4632302405498283,0.604779411764706,0.5691699604743082
0.5,0.3369565217391255,0.46913580246913966,0.24192439862542958,0.5974264705882353,0.48221343873517786
0.0,0.22826086956521152,0.2962962962963047,0.24742268041237114,0.8198529411764708,0.2608695652173913
0.5,0.35869565217391397,0.5061728395061778,0.3601374570446736,0.5569852941176472,0.3162055335968379
0.5,0.7826086956521721,0.790123456790127,0.3931271477663232,0.6397058823529412,0.14624505928853754
0.0,0.5543478260869534,0.6913580246913611,0.647422680412371,0.4007352941176471,0.09486166007905138
0.0,0.3260869565217348,0.2716049382716008,0.45910652920962214,0.536764705882353,0.40711462450592883
0.0,0.8695652173913047,0.6913580246913611,0.30378006872852237,0.755514705882353,0.1541501976284585
0.0,0.46739130434782794,0.4320987654321016,0.7491408934707904,0.25183823529411753,0.6600790513833992
0.0,0.4782608695652115,0.45679012345679126,0.38075601374570445,0.5533088235294118,0.21739130434782608
0.0,0.18478260869564878,0.24691358024691112,0.45910652920962214,0.48897058823529416,0.4980237154150197
0.0,0.38043478260869534,0.3456790123456841,0.44261168384879745,0.40808823529411764,0.11462450592885375
0.5,0.8043478260869534,0.790123456790127,0.5443298969072168,0.35477941176470584,0.7430830039525691
0.5,0.4021739130434767,0.5308641975308674,0.4371134020618559,0.4007352941176471,0.35968379446640314
0.0,0.6739130434782581,0.5925925925925952,0.5333333333333332,0.48345588235294124,0.18972332015810275
0.5,0.4130434782608674,0.3580246913580325,0.44398625429553285,0.4724264705882353,0.6561264822134387
1.0,0.5869565217391255,0.790123456790127,0.44261168384879745,0.5569852941176472,0.6284584980237153
0.0,0.18478260869564878,0.2716049382716008,0.36838487972508593,0.641544117647059,0.7549407114624506
0.0,0.38043478260869534,0.44444444444444997,0.25979381443298966,0.630514705882353,0.6956521739130435
0.0,0.2391304347826022,0.308641975308646,0.21855670103092795,0.8033088235294119,0.7470355731225296
0.5,0.36956521739129755,0.4074074074074119,0.927835051546392,0.23897058823529402,0.5138339920948616
0.5,0.7608695652173907,0.6419753086419746,0.7450171821305842,0.32352941176470584,0.8616600790513833
0.0,0.8043478260869534,0.827160493827158,0.36426116838487976,0.5772058823529412,0.06719367588932806
0.0,0.5978260869565162,0.827160493827158,0.9030927835051545,0.20220588235294104,0.5019762845849802
0.5,0.7173913043478208,0.6666666666666714,0.29140893470790385,0.7132352941176472,0.7272727272727272
0.0,0.5543478260869534,0.49382716049382935,0.7862542955326464,0.33639705882352944,0.44664031620553357
0.0,0.3260869565217348,0.2839506172839492,0.26529209621993144,0.8106617647058825,0.3201581027667984
0.0,0.5869565217391255,0.6049382716049436,0.6680412371134024,0.3933823529411765,0.3517786561264822
1.0,0.4347826086956488,0.4074074074074119,0.35326460481099664,0.511029411764706,0.4861660079051383
0.5,0.891304347826086,0.8148148148148167,0.5841924398625431,0.41176470588235303,0.11462450592885375
0.0,0.5652173913043441,0.46913580246913966,0.5140893470790378,0.4724264705882353,0.4268774703557312
0.5,0.28260869565216495,0.24691358024691112,0.2694158075601376,0.625,0.3517786561264822
0.5,0.17391304347825098,0.2592592592592595,0.9072164948453612,0.21691176470588228,0.35968379446640314
0.5,0.4891304347826093,0.6790123456790127,0.7395189003436426,0.30147058823529405,0.5849802371541502
0.0,0.2391304347826022,0.4320987654321016,0.35463917525773203,0.5882352941176471,0.09486166007905138
0.0,0.3260869565217348,0.2839506172839492,0.10171821305841933,0.9044117647058825,0.38735177865612647
0.0,0.2717391304347814,0.23456790123456983,0.38213058419243984,0.7095588235294118,0.4150197628458498
0.5,0.46739130434782794,0.6419753086419746,0.6350515463917525,0.3125,0.8142292490118577
1.0,0.9130434782608674,0.7654320987654302,0.2254295532646049,0.7334558823529413,0.2608695652173913
0.0,0.5543478260869534,0.46913580246913966,0.7463917525773196,0.30147058823529405,0.849802371541502
0.5,0.7499999999999929,0.6049382716049436,0.5525773195876291,0.4007352941176471,0.6442687747035573
0.0,0.5869565217391255,0.6666666666666714,1.0,0.018382352941176267,0.6442687747035573
0.0,0.22826086956521152,0.308641975308646,0.3450171821305843,0.6838235294117648,0.20553359683794464
0.5,0.5978260869565162,0.6666666666666714,0.5704467353951892,0.35477941176470584,0.458498023715415
0.5,0.5434782608695627,0.7530864197530889,0.6034364261168386,0.3841911764705883,0.7865612648221343
0.0,0.3152173913043441,0.3703703703703738,0.3285223367697596,0.5937500000000001,0.19367588932806323
0.0,0.9456521739130395,0.9012345679012341,0.3285223367697596,0.5386029411764707,0.01976284584980237
1.0,0.4239130434782581,0.5925925925925952,0.22130584192439873,0.6636029411764707,0.11857707509881422
0.0,0.6847826086956488,0.6172839506172849,0.3587628865979382,0.5661764705882354,0.6956521739130435
0.0,0.9239130434782581,0.8395061728395063,0.48797250859106533,0.6286764705882354,0.6007905138339921
0.0,0.5978260869565162,0.6913580246913611,0.4041237113402061,0.5257352941176471,0.2964426877470355
0.0,0.8695652173913047,0.8024691358024683,0.39725085910652913,0.5128676470588236,0.18972332015810275
0.0,0.25,0.3456790123456841,0.5580756013745707,0.4466911764705883,0.47826086956521735
0.0,0.7717391304347743,0.6666666666666714,0.5457044673539522,0.5514705882352942,0.6442687747035573
0.0,0.3260869565217348,0.3456790123456841,0.5099656357388316,0.4283088235294118,0.6640316205533596
0.0,0.2608695652173836,0.4197530864197603,0.5429553264604814,0.4871323529411764,0.22134387351778656
0.0,0.7282608695652115,0.6049382716049436,0.26529209621993144,0.6231617647058825,0.7193675889328063
0.0,0.3478260869565162,0.48148148148148806,0.4041237113402061,0.5937500000000001,0.45454545454545453
0.0,0.6195652173912976,0.8148148148148167,0.38075601374570445,0.4338235294117647,0.4150197628458498
0.5,0.17391304347825098,0.20987654320987303,0.48522336769759455,0.46139705882352944,0.1067193675889328
0.5,0.25,0.3827160493827222,0.7079037800687287,0.34558823529411764,0.31225296442687744
0.0,0.3913043478260789,0.5432098765432158,0.3766323024054983,0.6470588235294119,0.7154150197628458
0.0,0.35869565217391397,0.5061728395061778,0.4508591065292098,0.45772058823529416,0.5296442687747035
0.5,0.6630434782608603,0.6790123456790127,0.36563573883161515,0.6397058823529412,0.20553359683794464
0.5,0.7826086956521721,0.7654320987654302,0.33814432989690735,0.7132352941176472,0.8102766798418972
0.0,0.6739130434782581,0.5802469135802468,0.5154639175257731,0.3897058823529411,0.21739130434782608
0.5,0.9239130434782581,0.8395061728395063,1.0,0.044117647058823345,0.5770750988142292
1.0,0.5543478260869534,0.5432098765432158,0.4343642611683851,0.4632352941176471,0.7826086956521738
0.0,0.8152173913043441,0.8395061728395063,0.723024054982818,0.2867647058823528,0.2608695652173913
0.0,0.7173913043478208,0.6913580246913611,0.2721649484536084,0.786764705882353,0.225296442687747
0.5,0.9021739130434767,0.7530864197530889,0.6749140893470793,0.4025735294117647,0.37154150197628455
0.0,0.5760869565217348,0.48148148148148806,0.7065292096219933,0.32904411764705876,0.308300395256917
0.5,0.3913043478260789,0.44444444444444997,0.6378006872852233,0.3621323529411764,0.21739130434782608
0.0,0.7717391304347743,0.7777777777777786,0.5182130584192439,0.4338235294117647,0.04743083003952569
0.0,0.25,0.3950617283950635,0.38625429553264623,0.641544117647059,0.826086956521739
1.0,0.10869565217390686,0.18518518518518334,0.35189003436426125,0.536764705882353,0.7747035573122529
0.0,0.44565217391303946,0.4074074074074119,0.32439862542955344,0.6341911764705883,0.33992094861660077
0.0,0.7499999999999929,0.7160493827160508,0.6158075601374571,0.3897058823529411,0.07509881422924901
0.5,0.8695652173913047,0.6913580246913611,0.5470790378006876,0.6121323529411765,0.16205533596837943
1.0,0.2717391304347814,0.4074074074074119,0.3326460481099658,0.661764705882353,0.0909090909090909
0.0,0.5217391304347814,0.5925925925925952,0.3106529209621993,0.5790441176470589,0.47826086956521735
0.0,0.17391304347825098,0.2592592592592595,0.5539518900343645,0.40808823529411764,0.40316205533596833
0.5,0.46739130434782794,0.4197530864197603,0.2721649484536084,0.7794117647058825,0.37549407114624506
0.0,0.5434782608695627,0.7407407407407405,0.2268041237113403,0.7794117647058825,0.07114624505928853
0.0,0.4891304347826093,0.45679012345679126,0.41099656357388303,0.6139705882352943,0.8656126482213438
0.0,0.4347826086956488,0.3827160493827222,0.597938144329897,0.3878676470588235,0.8023715415019762
0.0,0.7717391304347743,0.7530864197530889,0.40824742268041225,0.5036764705882354,0.5652173913043478
0.0,0.5434782608695627,0.7407407407407405,0.5182130584192439,0.5643382352941178,0.6324110671936758
0.5,0.19565217391303946,0.2716049382716008,1.0,0.1378676470588234,0.6284584980237153
0.5,0.5217391304347814,0.5432098765432158,0.32164948453608244,0.6213235294117648,0.03952569169960474
0.0,0.13043478260868824,0.20987654320987303,0.48797250859106533,0.5128676470588236,0.3359683794466403
0.0,0.2608695652173836,0.3827160493827222,0.6158075601374571,0.3933823529411765,0.450592885375494
0.0,0.46739130434782794,0.3950617283950635,0.34914089347079047,0.7426470588235295,0.4743083003952569
0.0,0.3369565217391255,0.44444444444444997,0.5237113402061855,0.5147058823529411,0.5494071146245059
0.5,0.7499999999999929,0.6790123456790127,0.5402061855670106,0.40625,0.41897233201581024
0.0,0.021739130434781373,0.04938271604938649,0.6625429553264608,0.3676470588235293,0.26482213438735175
0.5,0.3913043478260789,0.518518518518519,0.25979381443298966,0.7665441176470589,0.47826086956521735
1.0,0.6413043478260789,0.518518518518519,0.26666666666666683,0.6966911764705884,0.09881422924901186
0.0,0.2391304347826022,0.3827160493827222,0.597938144329897,0.43933823529411775,0.7272727272727272
0.5,0.8043478260869534,0.8024691358024683,0.57319587628866,0.41727941176470584,0.6600790513833992
0.0,0.45652173913043015,0.6296296296296333,0.2831615120274915,0.6525735294117647,0.608695652173913
0.0,0.3260869565217348,0.3333333333333357,0.22130584192439873,0.6691176470588237,0.6561264822134387
0.0,0.38043478260869534,0.518518518518519,0.5250859106529209,0.4779411764705882,0.20948616600790512
0.5,0.46739130434782794,0.6296296296296333,0.597938144329897,0.4154411764705882,0.7984189723320158
0.0,0.6847826086956488,0.6419753086419746,0.44536082474226824,0.5955882352941178,0.6126482213438734
0.0,0.7934782608695627,0.5679012345679055,0.6515463917525772,0.375,0.32411067193675885
0.5,0.3478260869565162,0.46913580246913966,0.50446735395189,0.4963235294117647,0.3438735177865612
0.0,0.5108695652173907,0.518518518518519,0.604810996563574,0.3786764705882353,0.30039525691699603
0.0,0.891304347826086,0.827160493827158,0.5580756013745707,0.3658088235294118,0.691699604743083
0.0,0.6413043478260789,0.7037037037037024,0.809621993127148,0.27941176470588225,0.023715415019762844
0.0,0.7608695652173907,0.6296296296296333,0.2872852233676977,0.6341911764705883,0.08695652173913043
0.0,0.4347826086956488,0.5555555555555571,0.4494845360824744,0.6691176470588237,0.06324110671936758
0.0,0.28260869565216495,0.24691358024691112,0.2542955326460481,0.6966911764705884,0.05138339920948616
0.0,0.5108695652173907,0.6790123456790127,0.3436426116838489,0.6341911764705883,0.23715415019762845
1.0,0.5652173913043441,0.46913580246913966,0.6419243986254295,0.3933823529411765,0.24505928853754938
0.5,0.8804347826086882,0.8518518518518547,1.0,0.0,0.2569169960474308
0.0,0.7391304347826093,0.6172839506172849,0.40824742268041225,0.5128676470588236,0.05138339920948616
0.0,0.7391304347826093,0.7160493827160508,0.7683848797250858,0.2738970588235293,0.1976284584980237
0.0,0.9021739130434767,0.7777777777777786,0.1938144329896907,0.7371323529411765,0.33992094861660077
0.0,0.6304347826086953,0.5432098765432158,0.3422680412371135,0.6268382352941178,0.13833992094861658
0.5,0.7608695652173907,0.6419753086419746,0.5676975945017184,0.4283088235294118,0.43083003952569165
0.5,0.8478260869565233,0.654320987654323,0.47010309278350526,0.6397058823529412,0.06324110671936758
0.5,0.7717391304347743,0.654320987654323,0.40687285223367686,0.5772058823529412,0.41897233201581024
0.5,0.2608695652173836,0.2962962962963047,0.4137457044673538,0.661764705882353,0.7233201581027667
0.5,0.4891304347826093,0.48148148148148806,0.2240549828178695,0.6875000000000001,0.38735177865612647
0.0,0.03260869565217206,0.06172839506172778,0.35463917525773203,0.6580882352941178,0.49011857707509876
0.0,0.21739130434782084,0.3209876543209944,0.2268041237113403,0.7794117647058825,0.043478260869565216
0.5,0.7934782608695627,0.5802469135802468,0.5003436426116838,0.4283088235294118,0.3043478260869565
0.0,0.5760869565217348,0.7777777777777786,0.6900343642611686,0.3051470588235293,0.5296442687747035
0.0,0.7826086956521721,0.7037037037037024,0.6955326460481102,0.26102941176470573,0.8814229249011857
0.5,0.9239130434782581,0.9259259259259238,0.7752577319587628,0.3088235294117647,0.5810276679841897
0.0,0.5217391304347814,0.4197530864197603,0.42611683848797277,0.6268382352941178,0.458498023715415
0.0,0.3369565217391255,0.44444444444444997,0.7532646048109966,0.2867647058823528,0.2608695652173913
0.0,0.8586956521739069,0.6790123456790127,0.3725085910652921,0.5716911764705883,0.11857707509881422
0.0,0.3913043478260789,0.5061728395061778,0.1635738831615121,0.9025735294117649,0.8537549407114624
0.0,0.30434782608695343,0.2592592592592595,0.3628865979381444,0.6801470588235294,0.7826086956521738
0.5,0.3478260869565162,0.49382716049382935,0.5278350515463917,0.3897058823529411,0.8102766798418972
0.5,0.30434782608695343,0.2716049382716008,0.4054982817869415,0.6341911764705883,0.8142292490118577
0.0,0.7608695652173907,0.7407407407407405,0.859106529209622,0.22977941176470576,0.7905138339920948
0.0,0.29347826086956275,0.2592592592592595,0.7532646048109966,0.25367647058823517,0.035573122529644265
0.0,0.3913043478260789,0.5308641975308674,0.4769759450171822,0.5533088235294118,0.6719367588932806
0.0,0.13043478260868824,0.19753086419753174,0.5649484536082476,0.39889705882352944,0.6561264822134387
0.0,0.8586956521739069,0.8518518518518547,0.15532646048109977,0.8125000000000002,0.5691699604743082
0.0,0.3369565217391255,0.46913580246913966,0.2859106529209623,0.6911764705882354,0.7984189723320158
0.0,0.7282608695652115,0.5925925925925952,0.27766323024054995,0.5808823529411765,0.3359683794466403
0.0,0.7499999999999929,0.7160493827160508,0.43024054982817894,0.5073529411764706,0.3675889328063241
0.0,0.46739130434782794,0.6172839506172849,0.30927835051546393,0.7224264705882354,0.43478260869565216
0.5,0.3913043478260789,0.3580246913580325,0.4137457044673538,0.3933823529411765,0.3675889328063241
0.0,0.5652173913043441,0.518518518518519,0.37800687285223367,0.6525735294117647,0.48221343873517786
0.0,0.6086956521739069,0.5802469135802468,0.3931271477663232,0.5569852941176472,0.16996047430830039
0.0,0.4130434782608674,0.3456790123456841,0.6982817869415809,0.3345588235294117,0.2727272727272727
0.5,0.5543478260869534,0.7407407407407405,0.47147766323024065,0.3713235294117647,0.7905138339920948
0.0,0.6195652173912976,0.790123456790127,0.32577319587628883,0.6121323529411765,0.31225296442687744
0.0,0.3913043478260789,0.308641975308646,0.47010309278350526,0.5643382352941178,0.1818181818181818
0.5,0.25,0.3333333333333357,0.3161512027491409,0.6636029411764707,0.24901185770750986
0.0,0.6413043478260789,0.654320987654323,0.6103092783505155,0.36948529411764697,0.5098814229249011
0.5,0.5760869565217348,0.49382716049382935,1.0,0.18382352941176458,0.05928853754940711
0.0,0.4347826086956488,0.6172839506172849,0.4494845360824744,0.4852941176470589,0.5691699604743082
0.0,0.6086956521739069,0.6172839506172849,0.48797250859106533,0.42279411764705876,0.8102766798418972
0.0,0.7499999999999929,0.7654320987654302,0.5883161512027493,0.4632352941176471,0.616600790513834
0.0,0.4347826086956488,0.5925925925925952,0.4962199312714777,0.5238970588235294,0.06719367588932806
0.0,0.5108695652173907,0.7037037037037024,0.6694158075601377,0.3088235294117647,0.11857707509881422
0.5,0.7608695652173907,0.7037037037037024,0.42749140893470816,0.6029411764705883,0.23320158102766797
0.0,0.38043478260869534,0.4197530864197603,0.27491408934707917,0.698529411764706,0.45454545454545453
0.0,0.38043478260869534,0.518518518518519,0.2515463917525773,0.6323529411764707,0.2885375494071146
0.0,0.5217391304347814,0.5308641975308674,0.47147766323024065,0.5312500000000001,0.7351778656126482
0.0,0.18478260869564878,0.2716049382716008,0.4962199312714777,0.5404411764705883,0.6205533596837944
1.0,0.2608695652173836,0.19753086419753174,0.11134020618556706,0.9191176470588236,0.18577075098814227
0.0,0.21739130434782084,0.2962962962963047,0.6144329896907217,0.4154411764705882,0.8577075098814229
0.0,0.891304347826086,0.8888888888888857,0.2254295532646049,0.7371323529411765,0.2608695652173913
0.5,0.5326086956521721,0.5061728395061778,0.40962199312714764,0.604779411764706,0.16205533596837943
0.0,0.22826086956521152,0.3580246913580325,0.7037800687285225,0.3676470588235293,0.7905138339920948
0.5,0.3152173913043441,0.2592592592592595,0.5470790378006876,0.38602941176470584,0.3952569169960474
0.5,0.7717391304347743,0.5432098765432158,0.5621993127147769,0.42279411764705876,0.5375494071146245
0.5,0.4347826086956488,0.3827160493827222,0.3766323024054983,0.6654411764705883,0.6521739130434783
0.0,0.9673913043478208,0.9382716049382722,0.40687285223367686,0.6084558823529412,0.18972332015810275
0.0,0.5652173913043441,0.7654320987654302,0.47147766323024065,0.5330882352941176,0.8102766798418972
0.0,0.3478260869565162,0.3333333333333357,0.47422680412371143,0.38235294117647056,0.6798418972332015
0.5,0.4239130434782581,0.3209876543209944,0.2694158075601376,0.7169117647058825,0.4110671936758893
0.0,0.5760869565217348,0.45679012345679126,0.5237113402061855,0.5625,0.9209486166007904
0.0,0.6304347826086953,0.5432098765432158,0.684536082474227,0.2647058823529411,0.15810276679841895
0.0,0.5652173913043441,0.6296296296296333,0.2556701030927835,0.7169117647058825,0.6205533596837944
0.5,0.7173913043478208,0.6049382716049436,0.4219931271477666,0.6433823529411765,0.7075098814229248
0.0,0.4782608695652115,0.5555555555555571,0.6391752577319587,0.43566176470588236,0.09486166007905138
0.5,0.25,0.3827160493827222,0.25979381443298966,0.6783088235294119,0.4110671936758893
1.0,0.4782608695652115,0.6296296296296333,0.3436426116838489,0.6213235294117648,0.7786561264822134
0.0,0.38043478260869534,0.3580246913580325,0.13745704467353947,0.7904411764705883,0.6126482213438734
0.5,0.8804347826086882,0.7160493827160508,0.4329896907216497,0.5551470588235294,0.4624505928853755
0.0,0.8478260869565233,0.6666666666666714,0.3463917525773197,0.7904411764705883,0.44664031620553357
1.0,0.043478260869562746,0.06172839506172778,0.3986254295532645,0.6801470588235294,0.5968379446640316
1.0,0.7826086956521721,0.7530864197530889,1.0,0.03492647058823509,0.7826086956521738
0.0,0.3260869565217348,0.45679012345679126,0.5525773195876291,0.4191176470588236,0.5454545454545454
0.5,0.021739130434781373,0.03703703703703809,0.35051546391752586,0.5974264705882353,0.8102766798418972
0.0,0.38043478260869534,0.3580246913580325,0.5924398625429554,0.3713235294117647,0.3992094861660079
0.0,0.5869565217391255,0.7654320987654302,0.423367697594502,0.536764705882353,0.7747035573122529
0.0,0.4130434782608674,0.3209876543209944,0.35463917525773203,0.5018382352941178,0.23715415019762845
0.5,0.7499999999999929,0.6790123456790127,0.6804123711340209,0.3088235294117647,0.45454545454545453
0.5,0.5869565217391255,0.827160493827158,0.27903780068728534,0.8988970588235297,0.40316205533596833
0.0,0.3478260869565162,0.48148148148148806,0.3450171821305843,0.5275735294117647,0.4150197628458498
0.5,0.5760869565217348,0.6172839506172849,0.5470790378006876,0.46691176470588247,0.7391304347826086
0.0,0.35869565217391397,0.5061728395061778,1.0,0.062499999999999806,0.8616600790513833
0.5,0.9239130434782581,0.8395061728395063,0.38487972508591084,0.5790441176470589,0.7707509881422925
0.5,0.6630434782608603,0.6049382716049436,0.6350515463917525,0.3216911764705882,0.007905138339920948
1.0,0.7391304347826093,0.5432098765432158,0.6144329896907217,0.31433823529411753,0.6956521739130435
0.0,0.5434782608695627,0.518518518518519,0.622680412371134,0.3915441176470589,0.14229249011857706
0.0,0.5869565217391255,0.46913580246913966,0.11408934707903784,0.8658088235294119,0.4743083003952569
0.0,0.3913043478260789,0.5432098765432158,0.40962199312714764,0.5625,0.1976284584980237
0.5,0.5869565217391255,0.6172839506172849,0.24604810996563575,0.6194852941176472,0.7233201581027667
0.0,0.8043478260869534,0.790123456790127,0.7147766323024056,0.3529411764705882,0.6126482213438734
0.0,0.21739130434782084,0.3456790123456841,0.4756013745704468,0.5827205882352942,0.6996047430830039
0.0,0.2717391304347814,0.3333333333333357,0.6240549828178694,0.46875,0.5296442687747035
0.0,0.2717391304347814,0.3827160493827222,0.5649484536082476,0.36948529411764697,0.27667984189723316
0.0,0.5869565217391255,0.5432098765432158,0.5457044673539522,0.5036764705882354,0.3201581027667984
1.0,0.45652173913043015,0.45679012345679126,0.2996563573883162,0.5808823529411765,0.608695652173913
0.5,0.9130434782608674,0.864197530864196,0.6103092783505155,0.43198529411764697,0.7905138339920948
0.0,0.5217391304347814,0.6913580246913611,0.5209621993127147,0.5,0.7944664031620553
0.5,0.6847826086956488,0.6172839506172849,0.39725085910652913,0.6433823529411765,0.02766798418972332
0.5,0.7391304347826093,0.5308641975308674,0.49896907216494846,0.4632352941176471,0.6363636363636364
0.0,0.3478260869565162,0.3580246913580325,0.48659793814432994,0.4430147058823529,0.20948616600790512
0.0,0.36956521739129755,0.518518518518519,0.40687285223367686,0.4632352941176471,0.2924901185770751
0.5,0.5652173913043441,0.49382716049382935,0.7106529209621995,0.3051470588235293,0.5533596837944663
0.5,0.9130434782608674,0.8765432098765444,0.6405498281786941,0.38602941176470584,0.24901185770750986
1.0,0.6521739130434767,0.6296296296296333,0.36563573883161515,0.4908088235294118,0.07114624505928853
0.0,0.36956521739129755,0.4197530864197603,0.6034364261168386,0.3658088235294118,0.007905138339920948
1.0,0.8804347826086882,0.7530864197530889,0.7216494845360826,0.2849264705882353,0.691699604743083
0.5,0.4239130434782581,0.3456790123456841,0.4206185567010312,0.6323529411764707,0.5217391304347826
0.0,0.5434782608695627,0.518518518518519,0.4934707903780069,0.5257352941176471,0.007905138339920948
0.0,0.5108695652173907,0.7037037037037024,0.6405498281786941,0.35110294117647056,0.0
0.5,0.3478260869565162,0.44444444444444997,0.6144329896907217,0.3492647058823529,0.0909090909090909
0.5,0.4021739130434767,0.3950617283950635,0.4920962199312715,0.5202205882352942,0.07905138339920947
0.5,0.17391304347825098,0.2839506172839492,0.4522336769759452,0.5882352941176471,0.225296442687747
0.5,0.7173913043478208,0.6419753086419746,0.20481099656357404,0.7187500000000001,0.15810276679841895
0.0,0.4891304347826093,0.4074074074074119,0.548453608247423,0.4283088235294118,0.37549407114624506
0.0,0.8152173913043441,0.6419753086419746,0.19793814432989687,0.7242647058823531,0.15810276679841895
0.0,0.5760869565217348,0.7777777777777786,0.3271477663230242,0.7775735294117649,0.5375494071146245
0.0,0.4021739130434767,0.45679012345679126,0.7216494845360826,0.3180147058823529,0.3320158102766798
0.0,0.6521739130434767,0.6049382716049436,0.2859106529209623,0.6397058823529412,0.17786561264822134
0.0,0.6521739130434767,0.5802469135802468,0.45773195876288675,0.5294117647058825,0.758893280632411
0.0,0.2391304347826022,0.4197530864197603,0.4769759450171822,0.4099264705882353,0.8418972332015809
0.5,0.6847826086956488,0.6296296296296333,0.5223367697594501,0.3933823529411765,0.5652173913043478
0.0,0.6521739130434767,0.5679012345679055,0.5388316151202752,0.43198529411764697,0.5098814229249011
0.5,0.18478260869564878,0.2962962962963047,0.4659793814432991,0.5569852941176472,0.20158102766798416
0.0,0.7717391304347743,0.5802469135802468,0.39587628865979374,0.6397058823529412,0.5019762845849802
0.0,0.18478260869564878,0.2592592592592595,0.20343642611683865,0.8897058823529413,0.7905138339920948
0.0,0.5217391304347814,0.7160493827160508,0.5237113402061855,0.4025735294117647,0.7470355731225296
0.0,0.19565217391303946,0.2839506172839492,0.24742268041237114,0.8308823529411766,0.6403162055335968
1.0,0.25,0.3209876543209944,0.31890034364261166,0.5790441176470589,0.16996047430830039
0.0,0.5869565217391255,0.6790123456790127,0.4371134020618559,0.625,0.22134387351778656
0.0,0.30434782608695343,0.3703703703703738,0.691408934707904,0.2941176470588235,0.16205533596837943
0.0,0.7499999999999929,0.7037037037037024,0.3601374570446736,0.5569852941176472,0.11462450592885375
0.0,0.2717391304347814,0.20987654320987303,0.3436426116838489,0.5220588235294119,0.6126482213438734
0.0,0.21739130434782084,0.3333333333333357,0.44398625429553285,0.6194852941176472,0.11462450592885375
0.5,0.7391304347826093,0.7160493827160508,0.2378006872852234,0.698529411764706,0.3913043478260869
0.5,0.3913043478260789,0.5061728395061778,0.2680412371134022,0.6948529411764707,0.45454545454545453
0.0,0.5652173913043441,0.7407407407407405,0.3312714776632304,0.7702205882352944,0.4110671936758893
0.0,0.6521739130434767,0.5308641975308674,0.4646048109965637,0.5147058823529411,0.043478260869565216
0.0,0.6086956521739069,0.5802469135802468,0.5127147766323024,0.48345588235294124,0.06719367588932806
0.5,0.36956521739129755,0.3456790123456841,0.26391752577319605,0.7371323529411765,0.2727272727272727
0.5,0.5326086956521721,0.45679012345679126,0.22130584192439873,0.7500000000000001,0.7351778656126482
0.0,0.22826086956521152,0.3333333333333357,0.5690721649484538,0.44852941176470595,0.26877470355731226
0.0,0.36956521739129755,0.5061728395061778,0.270790378006873,0.693014705882353,0.4387351778656126
0.5,0.21739130434782084,0.3209876543209944,0.3999999999999999,0.8602941176470591,0.8181818181818181
0.5,0.8152173913043441,0.8148148148148167,0.34089347079037813,0.5496323529411765,0.9525691699604742
0.0,0.22826086956521152,0.4320987654321016,0.7285223367697595,0.3051470588235293,0.4703557312252964
0.0,0.4891304347826093,0.6790123456790127,0.5443298969072168,0.5,0.6798418972332015
0.5,0.7934782608695627,0.7037037037037024,0.809621993127148,0.30698529411764697,0.5968379446640316
1.0,0.3260869565217348,0.44444444444444997,0.4962199312714777,0.5312500000000001,0.01976284584980237
0.5,0.28260869565216495,0.2716049382716008,0.23092783505154646,0.7647058823529413,0.32411067193675885
0.5,0.7608695652173907,0.6913580246913611,0.37938144329896906,0.5569852941176472,0.45454545454545453
0.0,0.2717391304347814,0.2592592592592595,0.29553264604811,0.8033088235294119,0.38735177865612647
0.5,0.6086956521739069,0.6172839506172849,0.26666666666666683,0.7132352941176472,0.8379446640316205
0.5,0.2717391304347814,0.3333333333333357,0.5649484536082476,0.4375,0.6007905138339921
0.5,0.4891304347826093,0.654320987654323,1.0,0.13235294117647042,0.7312252964426877
0.0,0.5108695652173907,0.4074074074074119,1.0,0.07536764705882334,0.4426877470355731
1.0,0.5326086956521721,0.44444444444444997,0.2391752577319588,0.6599264705882354,0.26877470355731226
0.5,0.30434782608695343,0.2839506172839492,0.2831615120274915,0.661764705882353,0.616600790513834
0.5,0.29347826086956275,0.3580246913580325,0.2859106529209623,0.7886029411764708,0.8458498023715414
0.0,0.5869565217391255,0.7407407407407405,0.45498281786941597,0.47058823529411764,0.8102766798418972
0.5,0.4021739130434767,0.4074074074074119,0.8742268041237113,0.25735294117647045,0.06719367588932806
0.0,0.7717391304347743,0.5802469135802468,0.684536082474227,0.31066176470588225,0.49407114624505927
0.0,0.6086956521739069,0.6296296296296333,0.7326460481099657,0.32352941176470584,0.21739130434782608
0.0,0.36956521739129755,0.518518518518519,0.622680412371134,0.3915441176470589,0.5138339920948616
0.0,0.7282608695652115,0.5061728395061778,0.5003436426116838,0.48897058823529416,0.007905138339920948
0.5,0.22826086956521152,0.3456790123456841,0.40824742268041225,0.7922794117647061,0.6047430830039525
0.0,0.3152173913043441,0.3209876543209944,0.5498281786941583,0.42647058823529416,0.3636363636363636
0.5,0.5760869565217348,0.46913580246913966,0.44536082474226824,0.3897058823529411,0.5691699604743082
1.0,0.03260869565217206,0.03703703703703809,0.3134020618556701,0.7279411764705883,0.0
0.5,0.4782608695652115,0.4197530864197603,0.597938144329897,0.4724264705882353,0.6719367588932806
0.5,0.45652173913043015,0.4074074074074119,0.7326460481099657,0.2904411764705882,0.38735177865612647
1.0,0.4891304347826093,0.44444444444444997,0.5869415807560139,0.35477941176470584,0.7233201581027667
1.0,0.7934782608695627,0.5802469135802468,0.6130584192439863,0.42647058823529416,0.2924901185770751
0.0,0.7282608695652115,0.5925925925925952,1.0,0.055147058823529244,0.525691699604743
1.0,0.4021739130434767,0.5432098765432158,1.0,0.1268382352941175,0.541501976284585
0.0,0.7065217391304301,0.6049382716049436,0.32302405498281805,0.625,0.5968379446640316
0.0,0.21739130434782084,0.308641975308646,0.8054982817869418,0.3051470588235293,0.4861660079051383
0.5,0.2391304347826022,0.4320987654321016,0.8742268041237113,0.2683823529411764,0.849802371541502
0.0,0.2608695652173836,0.3456790123456841,0.45773195876288675,0.5257352941176471,0.7944664031620553
0.0,0.7173913043478208,0.6172839506172849,0.27766323024054995,0.6893382352941178,0.07905138339920947
1.0,0.03260869565217206,0.04938271604938649,0.6254295532646048,0.33272058823529405,0.8300395256916996
0.0,0.5869565217391255,0.46913580246913966,0.5127147766323024,0.44852941176470595,0.18972332015810275
0.5,0.6739130434782581,0.6049382716049436,0.35189003436426125,0.6286764705882354,0.10276679841897232
0.5,0.6739130434782581,0.6049382716049436,0.32302405498281805,0.636029411764706,0.13438735177865613
0.0,0.9456521739130395,0.9012345679012341,1.0,0.15257352941176458,0.45454545454545453
0.5,0.7282608695652115,0.5925925925925952,0.647422680412371,0.36948529411764697,0.37154150197628455
0.0,0.25,0.3703703703703738,0.270790378006873,0.6948529411764707,0.5652173913043478
0.0,0.4891304347826093,0.46913580246913966,0.784879725085911,0.27022058823529405,0.5059288537549407
0.0,0.8586956521739069,0.6790123456790127,0.3560137457044674,0.6029411764705883,0.09881422924901186
0.0,0.6521739130434767,0.5308641975308674,0.6831615120274916,0.34191176470588225,0.0
0.0,0.8478260869565233,0.7037037037037024,0.9085910652920965,0.21507352941176458,0.6284584980237153
0.0,0.35869565217391397,0.44444444444444997,0.6996563573883163,0.33823529411764697,0.7114624505928854
1.0,0.3913043478260789,0.3703703703703738,0.45635738831615136,0.5294117647058825,0.7391304347826086
0.5,0.9565217391304373,0.9382716049382722,0.448109965635739,0.4816176470588236,0.19367588932806323
0.5,0.9021739130434767,0.790123456790127,1.0,0.14889705882352924,0.007905138339920948
0.5,0.4347826086956488,0.4197530864197603,0.7353951890034365,0.3400735294117647,0.4743083003952569
0.0,0.7391304347826093,0.6790123456790127,0.4824742268041238,0.4871323529411764,0.6126482213438734
0.0,0.7282608695652115,0.6296296296296333,0.29553264604811,0.6893382352941178,0.9130434782608695
0.5,0.7499999999999929,0.6790123456790127,0.24604810996563575,0.6801470588235294,0.37154150197628455
0.5,0.7282608695652115,0.6790123456790127,0.3436426116838489,0.6746323529411765,0.06719367588932806
0.5,0.30434782608695343,0.3827160493827222,0.8838487972508591,0.2316176470588234,0.5810276679841897
0.0,0.44565217391303946,0.4197530864197603,0.6556701030927834,0.2904411764705882,0.225296442687747
0.5,0.7717391304347743,0.7654320987654302,0.3725085910652921,0.4375,0.8379446640316205
0.0,0.4021739130434767,0.5432098765432158,0.41512027491408965,0.5055147058823529,0.32806324110671936
0.0,0.3478260869565162,0.46913580246913966,0.5402061855670106,0.40441176470588225,0.13833992094861658
1.0,0.6413043478260789,0.6049382716049436,0.39725085910652913,0.693014705882353,0.450592885375494
0.0,0.043478260869562746,0.07407407407407618,1.0,0.17647058823529396,0.31225296442687744
0.0,0.4130434782608674,0.3209876543209944,0.361512027491409,0.7261029411764707,0.15019762845849802
0.0,0.4130434782608674,0.5679012345679055,0.6199312714776632,0.41176470588235303,0.9486166007905138
0.0,0.5108695652173907,0.5925925925925952,0.479725085910653,0.5404411764705883,0.7351778656126482
0.0,0.5652173913043441,0.7283950617283992,0.2982817869415808,0.7720588235294119,0.683794466403162
0.0,0.3152173913043441,0.3333333333333357,0.29003436426116846,0.5569852941176472,0.2569169960474308
0.5,0.18478260869564878,0.2839506172839492,0.329896907216495,0.6452205882352942,0.2134387351778656
0.0,0.9456521739130395,0.8888888888888857,0.2680412371134022,0.9136029411764708,0.7905138339920948
0.0,0.3913043478260789,0.5432098765432158,0.32027491408934705,0.5808823529411765,0.30039525691699603
0.0,0.4782608695652115,0.4197530864197603,0.7518900343642612,0.27573529411764697,0.758893280632411
0.5,0.5978260869565162,0.49382716049382935,0.4824742268041238,0.4944852941176472,0.06324110671936758
0.5,0.5108695652173907,0.5555555555555571,0.37800687285223367,0.8437500000000002,0.26877470355731226
1.0,0.5543478260869534,0.48148148148148806,0.34089347079037813,0.5606617647058824,0.2608695652173913
0.0,0.4782608695652115,0.48148148148148806,0.3450171821305843,0.5937500000000001,0.6719367588932806
0.0,0.3913043478260789,0.5679012345679055,0.5704467353951892,0.36397058823529416,0.9090909090909091
0.5,0.4347826086956488,0.3827160493827222,0.65979381443299,0.2867647058823528,0.7430830039525691
0.5,0.7499999999999929,0.7160493827160508,0.9553264604810998,0.23713235294117632,0.3359683794466403
0.0,0.4782608695652115,0.6419753086419746,0.4247422680412374,0.5073529411764706,0.32806324110671936
0.0,0.4239130434782581,0.4074074074074119,0.6144329896907217,0.3841911764705883,0.7628458498023715
0.5,0.21739130434782084,0.2962962962963047,0.7436426116838488,0.3272058823529411,0.7747035573122529
0.5,0.6739130434782581,0.5925925925925952,0.5938144329896908,0.3676470588235293,0.8102766798418972
0.0,0.6086956521739069,0.5308641975308674,0.691408934707904,0.25735294117647045,0.7865612648221343
0.0,0.45652173913043015,0.4197530864197603,0.423367697594502,0.6433823529411765,0.8814229249011857
0.0,0.30434782608695343,0.22222222222222143,0.30652920962199315,0.8198529411764708,0.6363636363636364
0.0,0.6413043478260789,0.518518518518519,0.7134020618556702,0.31066176470588225,0.11857707509881422
0.0,0.6304347826086953,0.6790123456790127,0.5443298969072168,0.44485294117647056,0.6521739130434783
0.0,0.4130434782608674,0.5925925925925952,0.784879725085911,0.2683823529411764,0.2845849802371541
0.0,0.36956521739129755,0.3456790123456841,0.4329896907216497,0.5459558823529412,0.1818181818181818
0.5,0.38043478260869534,0.5061728395061778,0.5264604810996563,0.4375,0.05928853754940711
0.0,0.5869565217391255,0.49382716049382935,0.59106529209622,0.3841911764705883,0.5889328063241106
0.5,0.3913043478260789,0.5061728395061778,1.0,0.020220588235293907,0.3517786561264822
0.0,0.5217391304347814,0.48148148148148806,0.6515463917525772,0.39889705882352944,0.20948616600790512
0.0,0.5760869565217348,0.6049382716049436,0.4756013745704468,0.4908088235294118,0.3438735177865612
0.5,0.3913043478260789,0.6049382716049436,0.7587628865979381,0.22977941176470576,0.7786561264822134
0.0,0.4130434782608674,0.3950617283950635,0.41099656357388303,0.6323529411764707,0.8616600790513833
1.0,0.5760869565217348,0.48148148148148806,0.9896907216494846,0.14154411764705868,0.525691699604743
0.0,0.5543478260869534,0.5061728395061778,0.20068728522336787,0.9246323529411766,0.5770750988142292
0.0,0.6086956521739069,0.790123456790127,0.4206185567010312,0.5441176470588236,0.6758893280632411
0.0,0.3913043478260789,0.4197530864197603,0.27628865979381456,0.5808823529411765,0.7826086956521738
0.5,0.3913043478260789,0.4074074074074119,1.0,0.1801470588235293,0.7628458498023715
0.0,0.7717391304347743,0.6666666666666714,0.48384879725085916,0.5404411764705883,0.5652173913043478
0.0,0.28260869565216495,0.23456790123456983,0.5786941580756015,0.4595588235294117,0.4743083003952569
0.0,0.5108695652173907,0.6790123456790127,0.6336769759450172,0.3474264705882353,0.24505928853754938
0.0,0.4239130434782581,0.3456790123456841,0.23642611683848802,0.6838235294117648,0.5691699604743082
0.0,0.35869565217391397,0.48148148148148806,0.3010309278350516,0.8235294117647061,0.1976284584980237
0.0,0.9456521739130395,0.9012345679012341,1.0,0.040441176470588064,0.4624505928853755
0.0,0.28260869565216495,0.4197530864197603,0.4618556701030929,0.5551470588235294,0.015810276679841896
0.0,0.5978260869565162,0.5308641975308674,0.4123711340206184,0.7334558823529413,0.7035573122529644
0.0,0.25,0.3580246913580325,0.4920962199312715,0.5386029411764707,0.225296442687747
0.5,0.20652173913043015,0.3209876543209944,0.3587628865979382,0.536764705882353,0.023715415019762844
0.0,0.28260869565216495,0.3827160493827222,0.6116838487972509,0.34191176470588225,0.225296442687747
0.0,0.8369565217391255,0.6913580246913611,0.270790378006873,0.7977941176470591,0.5770750988142292
0.0,0.7499999999999929,0.7160493827160508,0.7656357388316151,0.3897058823529411,0.6719367588932806
0.0,0.6739130434782581,0.6172839506172849,0.35051546391752586,0.573529411764706,0.8774703557312252
0.5,0.6195652173912976,0.7160493827160508,0.49759450171821307,0.5716911764705883,0.6521739130434783
0.0,0.8369565217391255,0.6790123456790127,0.448109965635739,0.44485294117647056,0.26482213438735175
0.0,0.4021739130434767,0.3580246913580325,0.2886597938144331,0.6433823529411765,0.6442687747035573
0.0,0.7173913043478208,0.5802469135802468,0.7422680412371134,0.22058823529411756,0.06719367588932806
0.0,0.3913043478260789,0.3580246913580325,0.48659793814432994,0.6176470588235294,0.007905138339920948
0.5,0.3369565217391255,0.4320987654321016,0.5896907216494847,0.3805147058823529,0.458498023715415
0.0,0.9239130434782581,0.864197530864196,0.4027491408934707,0.46691176470588247,0.7430830039525691
0.0,0.2608695652173836,0.48148148148148806,0.4962199312714777,0.41176470588235303,0.6047430830039525
0.0,0.9021739130434767,0.864197530864196,0.3436426116838489,0.5753676470588236,0.46640316205533594
0.5,0.25,0.3456790123456841,0.26391752577319605,0.6580882352941178,0.3043478260869565
0.5,0.6956521739130395,0.5679012345679055,0.8508591065292097,0.2555147058823528,0.13043478260869565
0.0,0.28260869565216495,0.23456790123456983,0.3601374570446736,0.7279411764705883,0.7035573122529644
0.5,0.5978260869565162,0.6049382716049436,0.6886597938144332,0.2867647058823528,0.31225296442687744
0.0,0.7499999999999929,0.6666666666666714,0.38350515463917545,0.7224264705882354,0.6877470355731224
0.5,0.5652173913043441,0.518518518518519,1.0,0.12867647058823514,0.7470355731225296
1.0,0.3478260869565162,0.3703703703703738,0.3876288659793816,0.5716911764705883,0.11067193675889328
0.5,0.36956521739129755,0.518518518518519,0.6680412371134024,0.2996323529411764,0.7707509881422925
0.0,0.1630434782608674,0.2839506172839492,0.30652920962199315,0.7647058823529413,0.06719367588932806
0.0,0.6304347826086953,0.5555555555555571,0.39450171821305835,0.78125,0.035573122529644265
0.0,0.7065217391304301,0.5925925925925952,0.5841924398625431,0.40625,0.5494071146245059
1.0,0.5760869565217348,0.5925925925925952,0.4824742268041238,0.44485294117647056,0.35968379446640314
0.0,0.7282608695652115,0.654320987654323,0.5429553264604814,0.43014705882352944,0.03162055335968379
0.0,0.2717391304347814,0.49382716049382935,0.2378006872852234,0.6691176470588237,0.8221343873517786
0.0,0.38043478260869534,0.5061728395061778,0.46872852233676987,0.43014705882352944,0.225296442687747
0.0,0.2391304347826022,0.3827160493827222,0.5759450171821308,0.40625,0.6561264822134387
0.5,0.2717391304347814,0.20987654320987303,0.4398625429553267,0.4283088235294118,0.225296442687747
0.5,0.3152173913043441,0.4074074074074119,0.38213058419243984,0.6066176470588236,0.3162055335968379
0.0,0.6086956521739069,0.6296296296296333,0.4467353951890036,0.6066176470588236,0.225296442687747
0.0,0.21739130434782084,0.3580246913580325,0.14432989690721665,0.8639705882352942,0.7193675889328063
0.0,0.5869565217391255,0.5925925925925952,0.38487972508591084,0.46691176470588247,0.8616600790513833
0.0,0.38043478260869534,0.5308641975308674,0.30378006872852237,0.6764705882352943,0.5889328063241106
0.0,0.22826086956521152,0.4320987654321016,0.3999999999999999,0.46139705882352944,0.7549407114624506
0.0,0.3913043478260789,0.4074074074074119,0.3326460481099658,0.9724264705882355,0.7549407114624506
0.0,0.7826086956521721,0.7530864197530889,0.22955326460481107,0.7334558823529413,0.533596837944664
0.5,0.3152173913043441,0.2592592592592595,0.5704467353951892,0.4375,0.7312252964426877
0.0,0.3152173913043441,0.308641975308646,0.38213058419243984,0.46691176470588247,0.24110671936758893
0.5,0.9673913043478208,0.9629629629629619,0.3697594501718213,0.6323529411764707,0.40316205533596833
0.0,0.5543478260869534,0.6790123456790127,0.36838487972508593,0.8088235294117647,0.683794466403162
0.0,0.5108695652173907,0.4197530864197603,0.9814432989690722,0.20220588235294104,0.3320158102766798
0.0,0.6086956521739069,0.5555555555555571,0.29415807560137464,0.6911764705882354,0.5177865612648221
0.0,0.7934782608695627,0.7777777777777786,0.8426116838487974,0.28860294117647056,0.7747035573122529
0.0,0.4239130434782581,0.3333333333333357,0.40824742268041225,0.40808823529411764,0.7944664031620553
0.0,0.7065217391304301,0.6049382716049436,0.03298969072164959,1.0,0.533596837944664
0.0,0.21739130434782084,0.3703703703703738,0.41099656357388303,0.4411764705882353,0.8537549407114624
1.0,0.4782608695652115,0.48148148148148806,0.36426116838487976,0.6764705882352943,0.5098814229249011
0.5,0.14130434782608603,0.20987654320987303,0.5168384879725085,0.5422794117647058,0.6719367588932806
0.0,0.6195652173912976,0.7037037037037024,0.5567010309278353,0.4558823529411765,0.40711462450592883
0.0,0.22826086956521152,0.3580246913580325,0.3340206185567012,0.6158088235294118,0.5454545454545454
0.5,0.22826086956521152,0.3703703703703738,0.29415807560137464,0.6819852941176472,0.5968379446640316
0.0,0.36956521739129755,0.46913580246913966,0.6941580756013748,0.3308823529411764,0.5573122529644269
0.0,0.9673913043478208,0.9629629629629619,0.3711340206185567,0.6856617647058825,0.3952569169960474
0.0,0.5652173913043441,0.44444444444444997,0.2817869415807561,0.661764705882353,0.83399209486166
0.0,0.7717391304347743,0.6666666666666714,0.4343642611683851,0.6084558823529412,0.6679841897233201
0.0,0.30434782608695343,0.3580246913580325,0.4934707903780069,0.5036764705882354,0.06324110671936758
0.5,0.36956521739129755,0.4320987654321016,0.3697594501718213,0.604779411764706,0.7707509881422925
0.0,0.891304347826086,0.827160493827158,0.23642611683848802,0.5827205882352942,0.30039525691699603
0.0,0.5434782608695627,0.7037037037037024,0.8123711340206188,0.22058823529411756,0.13438735177865613
0.0,0.4891304347826093,0.45679012345679126,0.329896907216495,0.6029411764705883,0.616600790513834
0.0,0.4239130434782581,0.3456790123456841,0.2886597938144331,0.6911764705882354,0.8695652173913043
0.5,0.4130434782608674,0.3827160493827222,0.7656357388316151,0.25367647058823517,0.6798418972332015
0.0,0.3913043478260789,0.3950617283950635,0.3917525773195878,0.5147058823529411,0.043478260869565216
1.0,0.4130434782608674,0.518518518518519,0.37800687285223367,0.5055147058823529,0.0
0.0,0.05434782608695343,0.11111111111111427,0.654295532646048,0.41176470588235303,0.45454545454545453
0.5,0.3369565217391255,0.3456790123456841,0.5608247422680415,0.2683823529411764,0.21739130434782608
0.0,0.7391304347826093,0.6296296296296333,0.5883161512027493,0.4466911764705883,0.16996047430830039
0.5,0.5978260869565162,0.8024691358024683,0.6817869415807563,0.23713235294117632,0.592885375494071
1.0,0.3369565217391255,0.3703703703703738,0.24192439862542958,0.7371323529411765,0.5138339920948616
0.0,0.2608695652173836,0.22222222222222143,0.29003436426116846,0.5606617647058824,0.4387351778656126
0.0,0.3260869565217348,0.3950617283950635,0.24742268041237114,0.7849264705882355,0.40316205533596833
0.0,0.6086956521739069,0.654320987654323,0.3628865979381444,0.6488970588235295,0.23320158102766797
0.0,0.4239130434782581,0.3950617283950635,0.4920962199312715,0.46139705882352944,0.6996047430830039
0.0,0.5978260869565162,0.8148148148148167,0.36701030927835054,0.5882352941176471,0.5296442687747035
0.5,0.8804347826086882,0.7407407407407405,0.4769759450171822,0.5772058823529412,0.6640316205533596
0.0,0.7173913043478208,0.48148148148148806,0.3326460481099658,0.6654411764705883,0.8814229249011857
0.5,0.3152173913043441,0.3703703703703738,0.26529209621993144,0.5772058823529412,0.0
0.0,0.36956521739129755,0.5555555555555571,0.36838487972508593,0.6378676470588236,0.12648221343873517
0.5,0.7717391304347743,0.7037037037037024,0.5030927835051546,0.5018382352941178,0.16205533596837943
0.0,0.5760869565217348,0.6172839506172849,0.5154639175257731,0.49264705882352944,0.23715415019762845
0.0,0.22826086956521152,0.3209876543209944,0.3120274914089347,0.6599264705882354,0.08300395256916995
0.0,0.8043478260869534,0.5925925925925952,0.5264604810996563,0.4246323529411764,0.023715415019762844
0.5,0.8804347826086882,0.8765432098765444,0.4810996563573884,0.4761029411764707,0.40711462450592883
0.0,0.3260869565217348,0.2716049382716008,0.5264604810996563,0.38602941176470584,0.2845849802371541
0.5,0.30434782608695343,0.2592592592592595,0.4756013745704468,0.5643382352941178,0.308300395256917
0.5,0.5652173913043441,0.7777777777777786,1.0,0.11948529411764694,0.5652173913043478
1.0,0.29347826086956275,0.2962962962963047,0.3738831615120275,0.568014705882353,0.14624505928853754
0.5,0.7282608695652115,0.6913580246913611,0.49759450171821307,0.4338235294117647,0.1067193675889328
0.5,0.3369565217391255,0.4197530864197603,0.5608247422680415,0.4779411764705882,0.6600790513833992
0.0,0.22826086956521152,0.3209876543209944,0.8701030927835052,0.2591911764705881,0.043478260869565216
0.0,0.3369565217391255,0.3827160493827222,0.2529209621993127,0.8069852941176472,0.09486166007905138
1.0,0.9347826086956488,0.864197530864196,0.32027491408934705,0.6838235294117648,0.5098814229249011
0.0,0.5869565217391255,0.5555555555555571,0.647422680412371,0.34191176470588225,0.18972332015810275
0.0,0.46739130434782794,0.6296296296296333,0.4536082474226806,0.6268382352941178,0.458498023715415
0.0,0.3152173913043441,0.2716049382716008,0.8481099656357389,0.19485294117647042,0.7154150197628458
0.5,0.5869565217391255,0.48148148148148806,0.302405498281787,0.704044117647059,0.6324110671936758
0.0,0.4239130434782581,0.3333333333333357,0.4219931271477666,0.4761029411764707,0.08695652173913043
0.5,0.3913043478260789,0.5308641975308674,0.48384879725085916,0.4191176470588236,0.18972332015810275
0.0,0.6086956521739069,0.6172839506172849,0.479725085910653,0.5312500000000001,0.8300395256916996
0.0,0.6630434782608603,0.654320987654323,0.7326460481099657,0.2867647058823528,0.5019762845849802
0.0,0.6956521739130395,0.6172839506172849,0.6501718213058418,0.35110294117647056,0.758893280632411
0.0,0.4347826086956488,0.3703703703703738,0.30927835051546393,0.7610294117647061,0.3162055335968379
1.0,0.30434782608695343,0.4074074074074119,0.3711340206185567,0.5257352941176471,0.23715415019762845
1.0,0.4130434782608674,0.5432098765432158,0.3587628865979382,0.5533088235294118,0.3794466403162055
1.0,0.6739130434782581,0.5925925925925952,0.5085910652920962,0.5790441176470589,0.16996047430830039
1.0,0.21739130434782084,0.3209876543209944,0.4646048109965637,0.44485294117647056,0.2134387351778656
0.5,0.3260869565217348,0.48148148148148806,0.4137457044673538,0.7720588235294119,0.7549407114624506
0.0,0.28260869565216495,0.2592592592592595,0.2817869415807561,0.6875000000000001,0.5138339920948616
0.5,0.30434782608695343,0.3703703703703738,0.4934707903780069,0.5551470588235294,0.22134387351778656
0.5,0.1630434782608674,0.22222222222222143,0.41512027491408965,0.6084558823529412,0.5217391304347826
0.0,0.5869565217391255,0.654320987654323,0.4041237113402061,0.5349264705882353,0.4980237154150197
0.5,0.2717391304347814,0.20987654320987303,0.802749140893471,0.244485294117647,0.20553359683794464
0.0,0.25,0.4197530864197603,0.3106529209621993,0.6838235294117648,0.24505928853754938
0.0,0.35869565217391397,0.518518518518519,0.5841924398625431,0.4522058823529411,0.18577075098814227
0.5,0.29347826086956275,0.2592592592592595,0.44536082474226824,0.5036764705882354,0.7786561264822134
0.5,0.36956521739129755,0.49382716049382935,0.6336769759450172,0.2775735294117646,0.5375494071146245
0.0,0.8043478260869534,0.6172839506172849,0.5896907216494847,0.5349264705882353,0.05928853754940711
0.0,0.38043478260869534,0.3333333333333357,0.4192439862542958,0.5202205882352942,0.5059288537549407
0.5,0.4239130434782581,0.3827160493827222,0.46048109965635753,0.4522058823529411,0.43083003952569165
0.5,0.46739130434782794,0.6419753086419746,0.4206185567010312,0.4944852941176472,0.25296442687747034
0.0,0.5978260869565162,0.5679012345679055,0.5085910652920962,0.4283088235294118,0.7826086956521738
0.5,0.3369565217391255,0.4320987654321016,0.31752577319587627,0.5955882352941178,0.49407114624505927
0.5,0.21739130434782084,0.3209876543209944,0.45773195876288675,0.46691176470588247,0.007905138339920948
0.5,0.4347826086956488,0.3703703703703738,0.3999999999999999,0.4191176470588236,0.3438735177865612
0.0,0.5326086956521721,0.46913580246913966,0.7711340206185566,0.2867647058823528,0.5177865612648221
0.0,0.21739130434782084,0.308641975308646,0.8054982817869418,0.25735294117647045,0.49407114624505927
0.0,0.4021739130434767,0.5308641975308674,0.6927835051546394,0.375,0.5691699604743082
0.5,0.3260869565217348,0.45679012345679126,0.890721649484536,0.1801470588235293,0.5454545454545454
0.0,0.3260869565217348,0.23456790123456983,1.0,0.14338235294117638,0.6956521739130435
0.0,0.2391304347826022,0.3580246913580325,0.2529209621993127,0.7316176470588237,0.04743083003952569
0.0,0.4130434782608674,0.5802469135802468,0.5250859106529209,0.5716911764705883,0.31225296442687744
0.5,0.7499999999999929,0.7407407407407405,0.5608247422680415,0.3897058823529411,0.11067193675889328
1.0,0.7826086956521721,0.5802469135802468,0.34914089347079047,0.5349264705882353,0.616600790513834
0.0,0.9673913043478208,0.9506172839506135,0.647422680412371,0.3658088235294118,0.24901185770750986
0.0,0.5760869565217348,0.7654320987654302,0.28041237113402073,0.8694852941176472,0.8379446640316205
0.5,0.6956521739130395,0.5925925925925952,0.3986254295532645,0.5257352941176471,0.6047430830039525
0.0,0.30434782608695343,0.3950617283950635,0.19931271477663226,0.6948529411764707,0.4268774703557312
0.0,0.2717391304347814,0.2592592592592595,0.5896907216494847,0.46691176470588247,0.043478260869565216
0.0,0.6086956521739069,0.6419753086419746,0.4247422680412374,0.5275735294117647,0.3952569169960474
0.0,0.5434782608695627,0.45679012345679126,0.41512027491408965,0.3805147058823529,0.5849802371541502
0.5,0.9239130434782581,0.8518518518518547,0.7092783505154641,0.3033088235294117,0.6600790513833992
0.0,0.38043478260869534,0.49382716049382935,0.23092783505154646,0.6893382352941178,0.17391304347826086
0.0,0.7499999999999929,0.7160493827160508,0.33676975945017196,0.5643382352941178,0.32806324110671936
0.0,0.5543478260869534,0.518518518518519,0.36701030927835054,0.7720588235294119,0.27667984189723316
1.0,0.7934782608695627,0.5679012345679055,0.7601374570446735,0.2683823529411764,0.31225296442687744
0.0,0.4782608695652115,0.6790123456790127,0.2529209621993127,0.7224264705882354,0.6956521739130435
0.5,0.9130434782608674,0.8888888888888857,0.47147766323024065,0.5183823529411765,0.13043478260869565
0.0,0.2391304347826022,0.3580246913580325,0.723024054982818,0.2628676470588235,0.14229249011857706
0.0,0.7608695652173907,0.5432098765432158,0.47422680412371143,0.5073529411764706,0.08695652173913043
0.5,0.29347826086956275,0.2592592592592595,0.4329896907216497,0.7003676470588236,0.10276679841897232
0.0,0.7608695652173907,0.5555555555555571,0.3106529209621993,0.7830882352941178,0.225296442687747
0.0,0.6739130434782581,0.5925925925925952,0.36701030927835054,0.5845588235294119,0.533596837944664
0.0,0.9673913043478208,0.9506172839506135,0.7862542955326464,0.28308823529411753,0.308300395256917
0.0,0.17391304347825098,0.2716049382716008,0.629553264604811,0.31433823529411753,0.6996047430830039
0.0,0.8804347826086882,0.8765432098765444,0.38625429553264623,0.5716911764705883,0.37154150197628455
0.0,0.4130434782608674,0.5802469135802468,0.4934707903780069,0.573529411764706,0.5889328063241106
0.0,0.30434782608695343,0.2592592592592595,0.29003436426116846,0.667279411764706,0.533596837944664
0.0,0.11956521739129755,0.20987654320987303,0.47285223367697604,0.4411764705882353,0.1818181818181818
0.5,0.1630434782608674,0.20987654320987303,0.39450171821305835,0.6819852941176472,0.40316205533596833
0.5,0.6847826086956488,0.6790123456790127,0.33951890034364274,0.6194852941176472,0.32411067193675885
0.0,0.5108695652173907,0.7160493827160508,0.684536082474227,0.3529411764705882,0.5059288537549407
0.0,0.7499999999999929,0.6790123456790127,0.6350515463917525,0.42647058823529416,0.6679841897233201
0.0,0.2717391304347814,0.22222222222222143,0.6364261168384879,0.31433823529411753,0.5691699604743082
0.0,0.21739130434782084,0.2592592592592595,0.2982817869415808,0.5808823529411765,0.6679841897233201
0.5,0.5217391304347814,0.4197530864197603,0.7738831615120274,0.32352941176470584,0.3636363636363636
0.5,0.6195652173912976,0.48148148148148806,0.3147766323024055,0.6470588235294119,0.533596837944664
0.5,0.19565217391303946,0.2962962962963047,0.2529209621993127,0.5808823529411765,0.0
0.0,0.21739130434782084,0.3703703703703738,0.5828178694158077,0.3970588235294117,0.6245059288537549
0.5,0.08695652173912549,0.18518518518518334,0.6199312714776632,0.31066176470588225,0.06719367588932806
0.0,0.6630434782608603,0.654320987654323,0.41512027491408965,0.511029411764706,0.33992094861660077
0.0,0.5760869565217348,0.5061728395061778,0.6336769759450172,0.4558823529411765,0.6403162055335968
0.0,0.6847826086956488,0.5802469135802468,0.5402061855670106,0.41360294117647056,0.616600790513834
1.0,0.38043478260869534,0.5061728395061778,1.0,0.16176470588235284,0.4980237154150197
0.5,0.36956521739129755,0.48148148148148806,0.29415807560137464,0.6488970588235295,0.7351778656126482
0.0,0.6739130434782581,0.6049382716049436,0.25979381443298966,0.5386029411764707,0.8379446640316205
0.0,0.5760869565217348,0.45679012345679126,0.41649484536082504,0.5753676470588236,0.9644268774703557
0.0,0.35869565217391397,0.518518518518519,0.4027491408934707,0.604779411764706,0.19367588932806323
0.0,0.9130434782608674,0.864197530864196,0.4123711340206184,0.5606617647058824,0.6640316205533596
0.0,0.4130434782608674,0.6049382716049436,0.5965635738831616,0.4944852941176472,0.5691699604743082
0.0,0.7282608695652115,0.5802469135802468,0.5814432989690723,0.3125,0.4150197628458498
1.0,0.17391304347825098,0.2839506172839492,0.20618556701030943,0.7481617647058825,0.34782608695652173
0.5,0.5978260869565162,0.518518518518519,0.37938144329896906,0.6102941176470589,0.7114624505928854
0.5,0.9565217391304373,0.9259259259259238,0.3560137457044674,0.6268382352941178,0.4861660079051383
0.5,0.8695652173913047,0.7530864197530889,0.44123711340206206,0.6727941176470589,0.25296442687747034
0.0,0.7065217391304301,0.6913580246913611,0.5264604810996563,0.42279411764705876,0.24110671936758893
0.0,0.5978260869565162,0.6049382716049436,0.5621993127147769,0.46139705882352944,0.8972332015810276
0.5,0.2608695652173836,0.46913580246913966,1.0,0.12867647058823514,0.1541501976284585
0.0,0.4347826086956488,0.3580246913580325,0.2969072164948454,0.7500000000000001,0.8616600790513833
0.0,0.6086956521739069,0.6419753086419746,0.8068728522336772,0.2775735294117646,0.5849802371541502
0.0,0.4347826086956488,0.3456790123456841,0.3312714776632304,0.5882352941176471,0.35968379446640314
0.0,0.29347826086956275,0.3580246913580325,0.43024054982817894,0.5459558823529412,0.2134387351778656
0.0,0.38043478260869534,0.5061728395061778,0.5924398625429554,0.38235294117647056,0.5177865612648221
0.0,0.5869565217391255,0.48148148148148806,0.4632302405498283,0.40625,0.02766798418972332
0.0,0.30434782608695343,0.23456790123456983,0.2694158075601376,0.7536764705882354,0.5098814229249011
1.0,0.7717391304347743,0.5432098765432158,0.5896907216494847,0.2959558823529411,0.7075098814229248
0.5,0.44565217391303946,0.5308641975308674,0.47285223367697604,0.5588235294117648,0.18577075098814227
0.5,0.38043478260869534,0.3580246913580325,0.4371134020618559,0.5349264705882353,0.3636363636363636
0.0,0.7826086956521721,0.7283950617283992,0.31890034364261166,0.7573529411764707,0.7747035573122529
0.0,0.5434782608695627,0.5679012345679055,0.7367697594501719,0.30698529411764697,0.0
0.0,0.7717391304347743,0.7037037037037024,0.5443298969072168,0.40808823529411764,0.48221343873517786
0.0,0.25,0.45679012345679126,0.21718213058419256,0.6801470588235294,0.7865612648221343
0.0,0.22826086956521152,0.3333333333333357,0.36563573883161515,0.49816176470588236,0.007905138339920948
0.0,0.5543478260869534,0.5061728395061778,0.3120274914089347,0.6488970588235295,0.7944664031620553
0.0,0.4999999999999929,0.46913580246913966,0.8302405498281789,0.19669117647058812,0.6600790513833992
0.0,0.7391304347826093,0.5432098765432158,0.8041237113402064,0.2959558823529411,0.6956521739130435
0.0,0.8369565217391255,0.864197530864196,1.0,0.13051470588235278,0.40316205533596833
0.0,0.7282608695652115,0.6790123456790127,0.9305841924398628,0.26654411764705876,0.17786561264822134
0.5,0.4021739130434767,0.5555555555555571,0.6323024054982818,0.42279411764705876,0.25296442687747034
0.5,0.5326086956521721,0.46913580246913966,0.5443298969072168,0.3786764705882353,0.7233201581027667
0.0,0.5869565217391255,0.5679012345679055,0.5017182130584192,0.4191176470588236,0.7826086956521738
0.0,0.5543478260869534,0.5308641975308674,0.15670103092783516,0.9797794117647061,0.15810276679841895
0.5,0.46739130434782794,0.4320987654321016,0.9608247422680414,0.19485294117647042,0.8893280632411067
0.0,0.3369565217391255,0.3580246913580325,0.5814432989690723,0.43933823529411775,0.48221343873517786
0.0,0.9239130434782581,0.8395061728395063,0.27491408934707917,0.7316176470588237,0.4861660079051383
0.0,0.6086956521739069,0.6172839506172849,0.2529209621993127,0.6176470588235294,0.8379446640316205
0.0,0.3913043478260789,0.518518518518519,0.2817869415807561,0.7224264705882354,0.4268774703557312
0.0,0.7826086956521721,0.5802469135802468,0.3560137457044674,0.625,0.7075098814229248
1.0,0.9456521739130395,0.8888888888888857,0.4494845360824744,0.6213235294117648,0.0
0.5,0.7934782608695627,0.5802469135802468,0.389003436426117,0.5569852941176472,0.13833992094861658
0.5,0.9673913043478208,0.9753086419753103,0.47285223367697604,0.3786764705882353,0.5770750988142292
0.0,0.3913043478260789,0.518518518518519,0.4920962199312715,0.4154411764705882,0.3794466403162055
0.0,0.28260869565216495,0.24691358024691112,0.5800687285223369,0.4007352941176471,0.225296442687747
1.0,0.7826086956521721,0.6666666666666714,0.9374570446735397,0.19301470588235284,0.8023715415019762
0.0,0.891304347826086,0.7777777777777786,0.8082474226804126,0.31066176470588225,0.11067193675889328
0.5,0.9782608695652186,0.9753086419753103,0.44123711340206206,0.5055147058823529,0.7747035573122529
0.5,0.8043478260869534,0.8024691358024683,0.3725085910652921,0.5459558823529412,0.6482213438735177
0.5,0.9347826086956488,0.9135802469135825,0.2405498281786942,0.8933823529411766,0.05533596837944664
0.0,0.4239130434782581,0.4197530864197603,0.24329896907216497,0.8805147058823533,0.7549407114624506
0.5,0.45652173913043015,0.4320987654321016,0.20068728522336787,0.9007352941176472,0.17786561264822134
0.5,0.5543478260869534,0.7654320987654302,0.22955326460481107,0.8363970588235294,0.035573122529644265
0.0,0.9782608695652186,0.9629629629629619,0.40687285223367686,0.43933823529411775,0.7667984189723319
1.0,0.7608695652173907,0.7037037037037024,0.28041237113402073,0.6102941176470589,0.33992094861660077
0.0,0.9891304347826022,0.9876543209876516,0.6034364261168386,0.3805147058823529,0.01976284584980237
0.0,0.9673913043478208,0.9506172839506135,0.7862542955326464,0.2003676470588234,0.33992094861660077
0.0,0.3152173913043441,0.3333333333333357,0.684536082474227,0.4007352941176471,0.2924901185770751
0.0,0.3478260869565162,0.308641975308646,0.18281786941580758,0.9834558823529413,0.1660079051383399
0.0,0.5869565217391255,0.5679012345679055,0.3986254295532645,0.5,0.8181818181818181
0.5,0.6739130434782581,0.5432098765432158,0.4123711340206184,0.5147058823529411,0.12648221343873517
0.0,0.10869565217390686,0.20987654320987303,0.8137457044673542,0.2867647058823528,0.22134387351778656
0.5,0.13043478260868824,0.20987654320987303,0.2501718213058419,0.786764705882353,0.2727272727272727
1.0,0.25,0.48148148148148806,0.6886597938144332,0.35477941176470584,0.6126482213438734
1.0,0.6195652173912976,0.6913580246913611,0.5896907216494847,0.4852941176470589,0.2608695652173913
0.0,0.36956521739129755,0.5308641975308674,0.6446735395189003,0.3492647058823529,0.1660079051383399
0.5,0.30434782608695343,0.308641975308646,0.2391752577319588,0.6488970588235295,0.2134387351778656
0.5,0.6739130434782581,0.6296296296296333,0.6323024054982818,0.4338235294117647,0.6600790513833992
0.5,0.6086956521739069,0.5802469135802468,0.2845360824742269,0.5863970588235295,0.3438735177865612
0.0,0.5978260869565162,0.7777777777777786,0.29415807560137464,0.6709558823529412,0.6996047430830039
0.0,0.3369565217391255,0.48148148148148806,0.6694158075601377,0.31985294117647056,0.5770750988142292
0.0,0.3152173913043441,0.3950617283950635,0.37938144329896906,0.7408088235294119,0.32806324110671936
0.5,0.5978260869565162,0.46913580246913966,0.43024054982817894,0.5827205882352942,0.19367588932806323
1.0,0.3152173913043441,0.3827160493827222,0.41512027491408965,0.5606617647058824,0.24110671936758893
0.0,0.35869565217391397,0.3333333333333357,0.3147766323024055,0.6176470588235294,0.14229249011857706
0.0,0.2391304347826022,0.45679012345679126,0.46048109965635753,0.511029411764706,0.5691699604743082
0.5,0.35869565217391397,0.45679012345679126,0.40687285223367686,0.4430147058823529,0.7075098814229248
0.0,0.4347826086956488,0.4320987654321016,0.47147766323024065,0.44852941176470595,0.5098814229249011
0.5,0.44565217391303946,0.6296296296296333,0.6323024054982818,0.5036764705882354,0.4387351778656126
1.0,0.3152173913043441,0.4074074074074119,0.541580756013746,0.45772058823529416,0.14229249011857706
0.0,0.38043478260869534,0.4197530864197603,0.30927835051546393,0.7316176470588237,0.6600790513833992
0.0,0.4021739130434767,0.5432098765432158,0.34089347079037813,0.6084558823529412,0.18577075098814227
0.0,0.6630434782608603,0.6666666666666714,0.448109965635739,0.5349264705882353,0.5612648221343873
0.0,0.28260869565216495,0.2592592592592595,0.6831615120274916,0.3878676470588235,0.40316205533596833
1.0,0.5869565217391255,0.6049382716049436,0.4632302405498283,0.511029411764706,0.7075098814229248
0.0,0.4021739130434767,0.46913580246913966,0.952577319587629,0.19301470588235284,0.2885375494071146
0.5,0.8804347826086882,0.7654320987654302,0.47010309278350526,0.5404411764705883,0.14229249011857706
0.0,0.14130434782608603,0.23456790123456983,0.8810996563573883,0.22610294117647048,0.33992094861660077
0.0,0.30434782608695343,0.3456790123456841,0.6831615120274916,0.3088235294117647,0.07905138339920947
0.5,0.9021739130434767,0.864197530864196,0.7298969072164949,0.34375,0.4150197628458498
1.0,0.9456521739130395,0.9135802469135825,0.302405498281787,0.7426470588235295,0.35968379446640314
0.5,0.35869565217391397,0.3209876543209944,0.5786941580756015,0.3915441176470589,0.6877470355731224
1.0,0.25,0.3333333333333357,0.7353951890034365,0.34191176470588225,0.8102766798418972
0.5,0.5108695652173907,0.7037037037037024,0.7202749140893472,0.29779411764705876,0.8537549407114624
1.0,0.5326086956521721,0.7283950617283992,0.4508591065292098,0.5202205882352942,0.23715415019762845
0.5,0.2608695652173836,0.2962962962963047,1.0,0.05147058823529391,0.7351778656126482
0.5,0.7065217391304301,0.6296296296296333,0.270790378006873,0.6507352941176472,0.7865612648221343
0.0,0.5217391304347814,0.6049382716049436,0.8810996563573883,0.2113970588235293,0.38339920948616596
0.0,0.4782608695652115,0.44444444444444997,0.36563573883161515,0.4724264705882353,0.5019762845849802
0.0,0.4999999999999929,0.45679012345679126,0.41099656357388303,0.5220588235294119,0.07905138339920947
0.5,0.1630434782608674,0.2592592592592595,0.723024054982818,0.3713235294117647,0.45454545454545453
0.0,0.5652173913043441,0.7407407407407405,0.38075601374570445,0.5882352941176471,0.32806324110671936
0.0,0.5108695652173907,0.6913580246913611,0.7353951890034365,0.32352941176470584,0.3359683794466403
0.0,0.5326086956521721,0.7283950617283992,0.28041237113402073,0.6691176470588237,0.7707509881422925
0.0,0.38043478260869534,0.3580246913580325,0.9676975945017183,0.17830882352941166,0.32411067193675885
0.0,0.4891304347826093,0.46913580246913966,0.4494845360824744,0.49264705882352944,0.03952569169960474
0.0,0.3478260869565162,0.3703703703703738,0.6061855670103093,0.41360294117647056,0.4624505928853755
0.0,0.6195652173912976,0.6296296296296333,1.0,0.1268382352941175,0.06719367588932806
0.0,0.7391304347826093,0.5925925925925952,0.30378006872852237,0.6764705882352943,0.6679841897233201
0.5,0.7608695652173907,0.7037037037037024,0.24329896907216497,0.6397058823529412,0.26482213438735175
0.5,0.3478260869565162,0.48148148148148806,0.5553264604810999,0.3713235294117647,0.5019762845849802
0.0,0.5869565217391255,0.654320987654323,0.2872852233676977,0.6819852941176472,0.49011857707509876
0.0,0.5434782608695627,0.5679012345679055,0.24329896907216497,0.6158088235294118,0.1976284584980237
0.5,0.17391304347825098,0.2592592592592595,0.4247422680412374,0.44852941176470595,0.6324110671936758
1.0,0.6521739130434767,0.6049382716049436,0.4934707903780069,0.573529411764706,0.450592885375494
0.0,0.7717391304347743,0.5679012345679055,0.48384879725085916,0.34558823529411764,0.47826086956521735
0.0,0.6086956521739069,0.8024691358024683,0.8838487972508591,0.19117647058823514,0.2845849802371541
0.0,0.9673913043478208,0.9382716049382722,0.3326460481099658,0.7132352941176472,0.18577075098814227
0.5,0.7282608695652115,0.7160493827160508,0.2721649484536084,0.7261029411764707,0.2134387351778656
0.5,0.29347826086956275,0.4074074074074119,0.541580756013746,0.4852941176470589,0.6126482213438734
1.0,0.20652173913043015,0.2839506172839492,0.36701030927835054,0.5551470588235294,0.7984189723320158
0.0,0.5543478260869534,0.7530864197530889,0.5951890034364262,0.4283088235294118,0.0
0.0,0.4021739130434767,0.3580246913580325,0.666666666666667,0.3474264705882353,0.3952569169960474
0.0,0.5217391304347814,0.5925925925925952,0.448109965635739,0.5772058823529412,0.4624505928853755
0.0,0.6521739130434767,0.6049382716049436,0.48522336769759455,0.43198529411764697,0.6561264822134387
0.0,0.21739130434782084,0.3703703703703738,0.5237113402061855,0.4283088235294118,0.8616600790513833
0.5,0.891304347826086,0.8518518518518547,0.32577319587628883,0.7132352941176472,0.24505928853754938
0.5,0.4782608695652115,0.4320987654321016,0.5896907216494847,0.36948529411764697,0.533596837944664
0.0,0.4782608695652115,0.4197530864197603,0.3422680412371135,0.6856617647058825,0.7391304347826086
0.5,0.21739130434782084,0.3703703703703738,0.40962199312714764,0.47058823529411764,0.1067193675889328
0.0,0.2717391304347814,0.3827160493827222,0.5223367697594501,0.4430147058823529,0.25296442687747034
0.0,0.5869565217391255,0.6296296296296333,0.5429553264604814,0.38602941176470584,0.4110671936758893
1.0,0.4347826086956488,0.4197530864197603,0.5278350515463917,0.5128676470588236,0.4743083003952569
0.0,0.19565217391303946,0.2962962962963047,0.6391752577319587,0.37683823529411753,0.758893280632411
0.0,0.8152173913043441,0.8024691358024683,0.7065292096219933,0.33272058823529405,0.2292490118577075
1.0,0.6739130434782581,0.5925925925925952,0.5264604810996563,0.39522058823529405,0.6561264822134387
0.0,0.03260869565217206,0.03703703703703809,0.27766323024054995,0.7279411764705883,0.45454545454545453
0.0,0.25,0.48148148148148806,0.45773195876288675,0.6801470588235294,0.8774703557312252
0.0,0.28260869565216495,0.23456790123456983,0.46048109965635753,0.5128676470588236,0.49011857707509876
0.0,0.5652173913043441,0.44444444444444997,0.5580756013745707,0.3805147058823529,0.3992094861660079
0.0,0.5543478260869534,0.6913580246913611,0.604810996563574,0.4099264705882353,0.450592885375494
1.0,0.29347826086956275,0.4320987654321016,0.48384879725085916,0.46139705882352944,0.3517786561264822
1.0,0.9021739130434767,0.8518518518518547,0.4536082474226806,0.5036764705882354,0.6126482213438734
0.0,0.29347826086956275,0.24691358024691112,0.4962199312714777,0.3915441176470589,0.043478260869565216
0.5,0.25,0.3580246913580325,0.11821305841924401,0.6066176470588236,0.12252964426877469
0.5,0.5869565217391255,0.6666666666666714,0.3711340206185567,0.6213235294117648,0.40711462450592883
0.5,0.4239130434782581,0.4074074074074119,0.5127147766323024,0.43198529411764697,0.4110671936758893
0.5,0.4891304347826093,0.48148148148148806,0.36563573883161515,0.6470588235294119,0.32411067193675885
0.0,0.5760869565217348,0.7530864197530889,0.41649484536082504,0.5257352941176471,0.1541501976284585
0.0,0.5434782608695627,0.4320987654321016,0.3161512027491409,0.7647058823529413,0.7826086956521738
0.5,0.4130434782608674,0.5679012345679055,0.3752577319587629,0.5716911764705883,0.37154150197628455
0.0,0.3152173913043441,0.4197530864197603,0.3587628865979382,0.6562500000000001,0.6482213438735177
0.0,0.5543478260869534,0.44444444444444997,0.33676975945017196,0.6893382352941178,0.3992094861660079
0.5,0.36956521739129755,0.4320987654321016,0.3326460481099658,0.6029411764705883,0.18577075098814227
0.0,0.25,0.3827160493827222,0.4219931271477666,0.5551470588235294,0.4703557312252964
0.0,0.6413043478260789,0.518518518518519,0.38625429553264623,0.6011029411764707,0.0909090909090909
0.0,0.30434782608695343,0.24691358024691112,0.48797250859106533,0.45772058823529416,0.3162055335968379
0.0,0.6739130434782581,0.6049382716049436,0.2831615120274915,0.6231617647058825,0.12648221343873517
0.0,0.25,0.3209876543209944,0.5869415807560139,0.39522058823529405,0.16205533596837943
0.0,0.1630434782608674,0.23456790123456983,0.47422680412371143,0.5,0.5138339920948616
0.0,0.22826086956521152,0.3456790123456841,0.3326460481099658,0.5716911764705883,0.18577075098814227
0.0,0.36956521739129755,0.5555555555555571,0.32439862542955344,0.6893382352941178,0.2134387351778656
0.5,0.5869565217391255,0.6419753086419746,0.4123711340206184,0.5330882352941176,0.4426877470355731
0.0,0.20652173913043015,0.3209876543209944,0.5608247422680415,0.41360294117647056,0.44664031620553357
0.0,0.28260869565216495,0.4074074074074119,0.5003436426116838,0.4558823529411765,0.18577075098814227
0.0,0.3152173913043441,0.2716049382716008,0.5264604810996563,0.42647058823529416,0.7351778656126482
0.0,0.36956521739129755,0.48148148148148806,0.2694158075601376,0.5900735294117647,0.41897233201581024
0.0,0.21739130434782084,0.2962962962963047,0.5498281786941583,0.3970588235294117,0.7667984189723319
0.5,0.46739130434782794,0.4197530864197603,0.5388316151202752,0.4466911764705883,0.2885375494071146
0.5,0.9673913043478208,0.9135802469135825,0.604810996563574,0.33639705882352944,0.07905138339920947
0.0,0.6521739130434767,0.6296296296296333,0.49896907216494846,0.7463235294117648,0.225296442687747
0.0,0.3369565217391255,0.518518518518519,0.7656357388316151,0.27573529411764697,0.08300395256916995
0.0,0.29347826086956275,0.3827160493827222,0.809621993127148,0.2996323529411764,0.28063241106719367
1.0,0.5434782608695627,0.7283950617283992,0.3560137457044674,0.7977941176470591,0.03162055335968379
0.5,0.5543478260869534,0.5925925925925952,0.511340206185567,0.3786764705882353,0.12648221343873517
0.5,0.30434782608695343,0.3950617283950635,0.42749140893470816,0.5625,0.4150197628458498
0.5,0.22826086956521152,0.3333333333333357,0.6213058419243986,0.42279411764705876,0.849802371541502
0.0,0.22826086956521152,0.2962962962963047,0.7711340206185566,0.3474264705882353,0.8063241106719367
0.5,0.29347826086956275,0.4074074074074119,0.3312714776632304,0.667279411764706,0.3359683794466403
0.5,0.30434782608695343,0.3703703703703738,0.5676975945017184,0.636029411764706,0.20158102766798416
0.0,0.7282608695652115,0.6666666666666714,0.32164948453608244,0.6433823529411765,0.7193675889328063
0.0,0.3369565217391255,0.3950617283950635,0.6460481099656357,0.36029411764705876,0.43083003952569165
0.5,0.6086956521739069,0.6666666666666714,0.21580756013745717,0.8933823529411766,0.34782608695652173
0.5,0.7499999999999929,0.5432098765432158,0.27491408934707917,0.7132352941176472,0.04743083003952569
0.0,0.6521739130434767,0.6296296296296333,0.3876288659793816,0.6268382352941178,0.23320158102766797
0.0,0.5760869565217348,0.7777777777777786,0.43024054982817894,0.5165441176470589,0.5217391304347826
0.0,0.3369565217391255,0.2962962962963047,0.2845360824742269,0.698529411764706,0.37154150197628455
0.0,0.1630434782608674,0.2716049382716008,0.6089347079037801,0.4154411764705882,0.2845849802371541
1.0,0.3478260869565162,0.308641975308646,0.5429553264604814,0.5845588235294119,0.6442687747035573
0.0,0.19565217391303946,0.3333333333333357,0.4962199312714777,0.5073529411764706,0.6521739130434783
0.0,0.6630434782608603,0.6172839506172849,0.5718213058419246,0.3566176470588236,0.06719367588932806
0.0,0.44565217391303946,0.4320987654321016,0.6034364261168386,0.3474264705882353,0.5731225296442687
0.0,0.8695652173913047,0.790123456790127,0.3436426116838489,0.5863970588235295,0.32806324110671936
0.0,0.5434782608695627,0.7530864197530889,0.548453608247423,0.45772058823529416,0.7114624505928854
0.5,0.4347826086956488,0.4197530864197603,0.5539518900343645,0.46875,0.23320158102766797
0.5,0.4130434782608674,0.3950617283950635,0.423367697594502,0.5496323529411765,0.8893280632411067
0.5,0.28260869565216495,0.23456790123456983,0.4632302405498283,0.5018382352941178,0.6561264822134387
0.0,0.9239130434782581,0.9012345679012341,0.45498281786941597,0.5422794117647058,0.15019762845849802
0.0,0.38043478260869534,0.518518518518519,0.3752577319587629,0.5294117647058825,0.24505928853754938
1.0,0.7934782608695627,0.5802469135802468,0.6611683848797254,0.3180147058823529,0.24505928853754938
0.0,0.9347826086956488,0.9135802469135825,0.6831615120274916,0.3088235294117647,0.0
0.0,0.6086956521739069,0.654320987654323,0.3711340206185567,0.6654411764705883,0.24110671936758893
0.5,0.7608695652173907,0.7530864197530889,0.5347079037800686,0.3915441176470589,0.7312252964426877
0.5,0.5760869565217348,0.6172839506172849,0.7381443298969073,0.33823529411764697,0.7154150197628458
1.0,0.4347826086956488,0.3580246913580325,0.4536082474226806,0.4908088235294118,0.18577075098814227
0.0,0.2391304347826022,0.3456790123456841,0.5058419243986254,0.4430147058823529,0.4268774703557312
0.0,0.11956521739129755,0.18518518518518334,0.7972508591065295,0.22977941176470576,0.5691699604743082
0.0,0.5869565217391255,0.6419753086419746,0.25841924398625427,0.9650735294117649,0.2608695652173913
1.0,0.5869565217391255,0.654320987654323,1.0,0.13051470588235278,0.3913043478260869
1.0,0.4347826086956488,0.5308641975308674,0.2817869415807561,0.5882352941176471,0.8735177865612648
0.5,0.28260869565216495,0.23456790123456983,0.4824742268041238,0.573529411764706,0.14624505928853754
0.5,0.4239130434782581,0.3703703703703738,0.32027491408934705,0.6286764705882354,0.7826086956521738
0.0,0.5543478260869534,0.7777777777777786,0.2721649484536084,0.5551470588235294,0.4624505928853755
0.0,0.7391304347826093,0.6296296296296333,0.6240549828178694,0.4411764705882353,0.17786561264822134
0.5,0.30434782608695343,0.20987654320987303,0.2680412371134022,0.8694852941176472,0.7391304347826086
1.0,0.9021739130434767,0.827160493827158,0.4013745704467353,0.7518382352941179,0.8458498023715414
0.0,0.18478260869564878,0.2592592592592595,0.6061855670103093,0.4191176470588236,0.7628458498023715
0.0,0.6956521739130395,0.6666666666666714,0.31752577319587627,0.7775735294117649,0.616600790513834
0.5,0.6304347826086953,0.6666666666666714,0.41512027491408965,0.511029411764706,0.6284584980237153
0.0,0.4130434782608674,0.5802469135802468,0.3903780068728524,0.4944852941176472,0.5968379446640316
0.0,0.6847826086956488,0.6296296296296333,0.7670103092783505,0.2555147058823528,0.592885375494071
0.0,0.2391304347826022,0.3950617283950635,0.3560137457044674,0.6911764705882354,0.06719367588932806
0.0,0.6086956521739069,0.6913580246913611,1.0,0.12132352941176452,0.4229249011857707
0.0,0.28260869565216495,0.22222222222222143,0.5402061855670106,0.45772058823529416,0.06324110671936758
0.0,0.7934782608695627,0.790123456790127,0.45910652920962214,0.6341911764705883,0.6758893280632411
1.0,0.5652173913043441,0.7777777777777786,0.2845360824742269,0.5588235294117648,0.4268774703557312
0.5,0.4891304347826093,0.6049382716049436,0.5580756013745707,0.3492647058823529,0.44664031620553357
0.0,0.25,0.4074074074074119,0.44398625429553285,0.5588235294117648,0.02766798418972332
0.5,0.5978260869565162,0.49382716049382935,0.7037800687285225,0.28308823529411753,0.7470355731225296
0.0,0.3478260869565162,0.46913580246913966,0.2982817869415808,0.6158088235294118,0.8023715415019762
0.0,0.17391304347825098,0.2839506172839492,0.6735395189003439,0.5183823529411765,0.2924901185770751
0.5,0.5326086956521721,0.5061728395061778,0.7903780068728525,0.20772058823529402,0.07114624505928853
0.5,0.28260869565216495,0.20987654320987303,0.6075601374570447,0.4007352941176471,0.8656126482213438
0.0,0.4999999999999929,0.48148148148148806,0.11821305841924401,0.8915441176470589,0.49011857707509876
0.0,0.30434782608695343,0.308641975308646,0.30515463917525776,0.6378676470588236,0.13043478260869565
1.0,0.14130434782608603,0.20987654320987303,0.3271477663230242,0.5275735294117647,0.7470355731225296
0.0,0.8043478260869534,0.7530864197530889,0.4027491408934707,0.6121323529411765,0.03952569169960474
0.0,0.28260869565216495,0.3456790123456841,0.7079037800687287,0.28860294117647056,0.24901185770750986
0.5,0.5108695652173907,0.518518518518519,0.49759450171821307,0.39889705882352944,0.28063241106719367
0.0,0.3369565217391255,0.49382716049382935,0.5676975945017184,0.4007352941176471,0.592885375494071
0.0,0.4130434782608674,0.3209876543209944,0.4893470790378007,0.3915441176470589,0.5059288537549407
0.0,0.03260869565217206,0.04938271604938649,0.30378006872852237,0.6139705882352943,0.44664031620553357
0.0,0.10869565217390686,0.19753086419753174,0.5470790378006876,0.42279411764705876,0.691699604743083
0.0,0.7499999999999929,0.7037037037037024,0.4247422680412374,0.5312500000000001,0.05928853754940711
0.5,0.5326086956521721,0.45679012345679126,0.3999999999999999,0.5716911764705883,0.1541501976284585
0.5,0.7173913043478208,0.6419753086419746,1.0,0.06066176470588222,0.1660079051383399
0.0,0.38043478260869534,0.46913580246913966,0.27491408934707917,0.5863970588235295,0.5810276679841897
1.0,0.36956521739129755,0.3580246913580325,0.45498281786941597,0.5643382352941178,0.3320158102766798
0.0,0.46739130434782794,0.6296296296296333,0.31890034364261166,0.5147058823529411,0.46640316205533594
0.0,0.20652173913043015,0.3456790123456841,0.5773195876288661,0.5073529411764706,0.7509881422924901
0.0,0.4891304347826093,0.48148148148148806,0.38350515463917545,0.5569852941176472,0.04743083003952569
0.5,0.5434782608695627,0.48148148148148806,0.4398625429553267,0.5238970588235294,0.6798418972332015
1.0,0.2717391304347814,0.19753086419753174,0.4783505154639176,0.5018382352941178,0.6561264822134387
0.0,0.3260869565217348,0.3950617283950635,0.7422680412371134,0.27941176470588225,0.1660079051383399
0.5,0.45652173913043015,0.3827160493827222,0.9869415807560138,0.14889705882352924,0.4624505928853755
0.5,0.4239130434782581,0.4074074074074119,0.9800687285223368,0.20404411764705868,0.541501976284585
0.0,0.5869565217391255,0.6172839506172849,0.20068728522336787,0.5441176470588236,0.7826086956521738
0.5,0.7282608695652115,0.6172839506172849,1.0,0.09191176470588222,0.06719367588932806
0.0,0.38043478260869534,0.4197530864197603,0.3436426116838489,0.6158088235294118,0.525691699604743
0.0,0.2391304347826022,0.44444444444444997,0.6969072164948455,0.3125,0.2845849802371541
0.5,0.38043478260869534,0.5555555555555571,0.5869415807560139,0.37316176470588236,0.13438735177865613
0.0,0.5978260869565162,0.45679012345679126,1.0,0.14154411764705868,0.4387351778656126
1.0,0.38043478260869534,0.4320987654321016,0.28041237113402073,0.6562500000000001,0.4743083003952569
0.0,0.4021739130434767,0.5802469135802468,0.5457044673539522,0.4283088235294118,0.5019762845849802
1.0,0.3152173913043441,0.3333333333333357,0.2982817869415808,0.5404411764705883,0.38735177865612647
0.5,0.21739130434782084,0.3827160493827222,0.38350515463917545,0.8198529411764708,0.5296442687747035
1.0,0.4891304347826093,0.6913580246913611,0.8481099656357389,0.2316176470588234,0.5494071146245059
0.0,0.3478260869565162,0.4074074074074119,0.3876288659793816,0.5091911764705883,0.7865612648221343
0.0,0.3913043478260789,0.6049382716049436,0.57319587628866,0.4650735294117647,0.02766798418972332
0.5,0.3152173913043441,0.3950617283950635,0.47285223367697604,0.4724264705882353,0.11067193675889328
0.0,0.5217391304347814,0.49382716049382935,0.3326460481099658,0.6525735294117647,0.46640316205533594
1.0,0.20652173913043015,0.3456790123456841,0.4893470790378007,0.5257352941176471,0.758893280632411
0.5,0.44565217391303946,0.6419753086419746,0.38213058419243984,0.6341911764705883,0.04743083003952569
0.5,0.7499999999999929,0.7037037037037024,0.6515463917525772,0.35477941176470584,0.1660079051383399
0.0,0.3152173913043441,0.308641975308646,0.6859106529209624,0.3272058823529411,0.23320158102766797
0.0,0.4999999999999929,0.5308641975308674,0.32164948453608244,0.5863970588235295,0.8063241106719367
0.0,0.1521739130434696,0.23456790123456983,0.4206185567010312,0.5312500000000001,0.5849802371541502
0.0,0.6086956521739069,0.46913580246913966,0.6103092783505155,0.41176470588235303,0.49011857707509876
0.5,0.5760869565217348,0.7283950617283992,0.6886597938144332,0.30147058823529405,0.7905138339920948
0.0,0.5217391304347814,0.49382716049382935,0.4357388316151205,0.6084558823529412,0.3952569169960474
0.5,0.7608695652173907,0.7407407407407405,0.2378006872852234,0.6158088235294118,0.7667984189723319
0.0,0.9239130434782581,0.864197530864196,0.9209621993127151,0.27573529411764697,0.7154150197628458
0.0,0.2391304347826022,0.44444444444444997,0.42749140893470816,0.48897058823529416,0.08695652173913043
0.0,0.6413043478260789,0.6172839506172849,0.654295532646048,0.34558823529411764,0.6561264822134387
0.0,0.8369565217391255,0.6790123456790127,0.2831615120274915,0.6507352941176472,0.2569169960474308
0.0,0.6956521739130395,0.6666666666666714,0.4137457044673538,0.44852941176470595,0.5059288537549407
0.0,0.6195652173912976,0.5925925925925952,0.2886597938144331,0.5808823529411765,0.32806324110671936
0.5,0.5543478260869534,0.6913580246913611,0.2501718213058419,0.8033088235294119,0.12252964426877469
0.0,0.7282608695652115,0.5679012345679055,0.65979381443299,0.3088235294117647,0.6205533596837944
0.0,0.7934782608695627,0.5802469135802468,0.33951890034364274,0.7224264705882354,0.04743083003952569
0.5,0.4347826086956488,0.3456790123456841,0.34914089347079047,0.5569852941176472,0.7351778656126482
1.0,0.22826086956521152,0.3703703703703738,0.24879725085910653,0.6636029411764707,0.4743083003952569
0.0,0.6195652173912976,0.7777777777777786,0.4810996563573884,0.4871323529411764,0.7747035573122529
0.5,0.38043478260869534,0.5679012345679055,0.2721649484536084,0.849264705882353,0.37154150197628455
0.0,0.2391304347826022,0.3456790123456841,0.3999999999999999,0.4944852941176472,0.2727272727272727
0.0,0.17391304347825098,0.22222222222222143,0.2556701030927835,0.5808823529411765,0.06324110671936758
0.5,0.22826086956521152,0.3827160493827222,0.6323024054982818,0.4522058823529411,0.5691699604743082
1.0,0.17391304347825098,0.2839506172839492,0.34089347079037813,0.6268382352941178,0.4150197628458498
0.0,0.8152173913043441,0.827160493827158,0.6639175257731962,0.26102941176470573,0.7905138339920948
0.0,0.4130434782608674,0.3580246913580325,0.6089347079037801,0.34191176470588225,0.6363636363636364
0.0,0.29347826086956275,0.23456790123456983,0.5223367697594501,0.6066176470588236,0.4387351778656126
0.0,0.35869565217391397,0.46913580246913966,0.21580756013745717,0.7242647058823531,0.5019762845849802
0.0,0.8586956521739069,0.7037037037037024,0.09621993127147777,0.7683823529411766,0.8932806324110671
0.0,0.4021739130434767,0.3950617283950635,0.47147766323024065,0.4246323529411764,0.06324110671936758
1.0,0.9565217391304373,0.9506172839506135,0.7257731958762887,0.3088235294117647,0.2569169960474308
0.0,0.6521739130434767,0.6790123456790127,0.39725085910652913,0.5827205882352942,0.05533596837944664
0.0,0.2391304347826022,0.3950617283950635,0.3560137457044674,0.5863970588235295,0.533596837944664
0.5,0.6086956521739069,0.7777777777777786,0.2845360824742269,0.7959558823529413,0.7193675889328063
0.0,0.19565217391303946,0.3456790123456841,0.5635738831615122,0.4191176470588236,0.1818181818181818
0.0,0.6630434782608603,0.5802469135802468,0.4508591065292098,0.41176470588235303,0.6047430830039525
1.0,0.5652173913043441,0.5925925925925952,0.32302405498281805,0.641544117647059,0.09486166007905138
0.0,0.5434782608695627,0.4320987654321016,0.33539518900343657,0.5882352941176471,0.7905138339920948
0.0,0.9565217391304373,0.9259259259259238,0.4123711340206184,0.48897058823529416,0.5849802371541502
0.5,0.3152173913043441,0.3209876543209944,0.423367697594502,0.5643382352941178,0.5098814229249011
0.0,0.35869565217391397,0.48148148148148806,0.35051546391752586,0.5496323529411765,0.32411067193675885
0.0,0.0760869565217348,0.12345679012345556,0.34089347079037813,0.5772058823529412,0.1818181818181818
0.0,0.5652173913043441,0.7283950617283992,0.6776632302405501,0.3161764705882353,0.6245059288537549
0.0,0.4021739130434767,0.2962962962963047,0.10171821305841933,0.8841911764705883,0.4624505928853755
0.0,0.6739130434782581,0.6419753086419746,0.9938144329896907,0.19117647058823514,0.48221343873517786
0.5,0.5760869565217348,0.44444444444444997,0.47010309278350526,0.6102941176470589,0.3438735177865612
0.0,0.2391304347826022,0.3703703703703738,0.37800687285223367,0.6139705882352943,0.43478260869565216
0.0,0.5434782608695627,0.7283950617283992,0.5869415807560139,0.4779411764705882,0.608695652173913
0.0,0.5869565217391255,0.8024691358024683,0.5800687285223369,0.4724264705882353,0.5849802371541502
0.0,0.7499999999999929,0.7160493827160508,0.43161512027491433,0.6029411764705883,0.3438735177865612
1.0,0.5978260869565162,0.5679012345679055,0.8371134020618558,0.3180147058823529,0.15019762845849802
0.0,0.3369565217391255,0.2839506172839492,0.4673539518900345,0.6452205882352942,0.09881422924901186
0.5,0.7391304347826093,0.654320987654323,0.7463917525773196,0.29227941176470584,0.32806324110671936
0.0,0.20652173913043015,0.3456790123456841,1.0,0.06801470588235278,0.5019762845849802
0.5,0.36956521739129755,0.3456790123456841,0.6762886597938147,0.26102941176470573,0.1976284584980237
1.0,0.2391304347826022,0.3827160493827222,0.9017182130584191,0.20588235294117638,0.7075098814229248
0.0,0.6086956521739069,0.7777777777777786,0.5017182130584192,0.573529411764706,0.6403162055335968
0.5,0.21739130434782084,0.3333333333333357,0.27766323024054995,0.693014705882353,0.28063241106719367
0.5,0.9021739130434767,0.7530864197530889,0.6309278350515464,0.3308823529411764,0.4110671936758893
0.0,0.30434782608695343,0.2592592592592595,0.511340206185567,0.4595588235294117,0.8023715415019762
0.0,0.3260869565217348,0.3456790123456841,0.6020618556701032,0.38235294117647056,0.26482213438735175
0.0,0.3369565217391255,0.44444444444444997,0.5182130584192439,0.4430147058823529,0.011857707509881422
0.5,0.5217391304347814,0.7037037037037024,0.6171821305841925,0.4871323529411764,0.18577075098814227
0.0,0.5108695652173907,0.5061728395061778,0.28041237113402073,0.49264705882352944,0.4150197628458498
0.5,0.043478260869562746,0.07407407407407618,0.7106529209621995,0.40625,0.3320158102766798
0.0,0.5760869565217348,0.7654320987654302,0.35326460481099664,0.5900735294117647,0.8853754940711462
0.5,0.2717391304347814,0.4074074074074119,0.5608247422680415,0.5919117647058825,0.06719367588932806
0.5,0.7717391304347743,0.5432098765432158,0.26116838487972527,0.7683823529411766,0.24110671936758893
0.0,0.44565217391303946,0.3827160493827222,0.6309278350515464,0.36397058823529416,0.49011857707509876
0.0,0.7065217391304301,0.6172839506172849,0.3752577319587629,0.6709558823529412,0.2292490118577075
0.0,0.5543478260869534,0.44444444444444997,0.691408934707904,0.40808823529411764,0.826086956521739
0.0,0.7282608695652115,0.5061728395061778,0.42886597938144355,0.5,0.7865612648221343
0.0,0.5652173913043441,0.5061728395061778,0.3477663230240551,0.6764705882352943,0.83399209486166
0.5,0.5326086956521721,0.7283950617283992,0.40824742268041225,0.5257352941176471,0.308300395256917
0.0,0.7934782608695627,0.7160493827160508,0.9855670103092784,0.27022058823529405,0.5810276679841897
0.0,0.4239130434782581,0.3333333333333357,0.2996563573883162,0.7591911764705884,0.10276679841897232
0.0,0.5326086956521721,0.7530864197530889,0.40687285223367686,0.5827205882352942,0.7075098814229248
0.5,0.7065217391304301,0.6049382716049436,0.5278350515463917,0.4246323529411764,0.38339920948616596
0.5,0.2608695652173836,0.3827160493827222,1.0,0.11580882352941166,0.4387351778656126
0.0,0.7391304347826093,0.6913580246913611,0.33951890034364274,0.5753676470588236,0.16996047430830039
0.5,0.38043478260869534,0.518518518518519,0.4494845360824744,0.41176470588235303,0.23715415019762845
0.5,0.3913043478260789,0.5432098765432158,0.3752577319587629,0.5220588235294119,0.7470355731225296
1.0,0.6630434782608603,0.518518518518519,0.4013745704467353,0.6323529411764707,0.08695652173913043
0.5,0.3152173913043441,0.4197530864197603,0.39725085910652913,0.6654411764705883,0.3043478260869565
0.5,0.36956521739129755,0.518518518518519,0.3340206185567012,0.5937500000000001,0.20158102766798416
0.0,0.2391304347826022,0.3580246913580325,0.054982817869415834,0.9099264705882355,0.11067193675889328
0.5,0.8478260869565233,0.8518518518518547,0.548453608247423,0.36948529411764697,0.5217391304347826
0.5,0.36956521739129755,0.5679012345679055,0.43024054982817894,0.5275735294117647,0.32806324110671936
0.0,0.36956521739129755,0.3580246913580325,0.17731958762886602,0.78125,0.5849802371541502
0.5,0.22826086956521152,0.3580246913580325,0.36563573883161515,0.5808823529411765,0.7628458498023715
0.0,0.8369565217391255,0.6790123456790127,0.8068728522336772,0.32352941176470584,0.8102766798418972
0.5,0.4347826086956488,0.6049382716049436,0.39725085910652913,0.5386029411764707,0.4110671936758893
0.0,0.7282608695652115,0.5061728395061778,0.7326460481099657,0.2647058823529411,0.015810276679841896
0.5,0.5543478260869534,0.5061728395061778,0.36701030927835054,0.5661764705882354,0.8023715415019762
0.0,0.6086956521739069,0.5925925925925952,0.5457044673539522,0.4246323529411764,0.3201581027667984
0.0,0.6086956521739069,0.5802469135802468,0.5402061855670106,0.3658088235294118,0.26482213438735175
0.5,0.7391304347826093,0.6666666666666714,0.6006872852233678,0.4558823529411765,0.6758893280632411
0.5,0.5326086956521721,0.7283950617283992,0.41099656357388303,0.5128676470588236,0.0909090909090909
0.0,0.5434782608695627,0.6913580246913611,0.4907216494845361,0.5128676470588236,0.4150197628458498
1.0,0.2391304347826022,0.3580246913580325,0.3738831615120275,0.6121323529411765,0.3320158102766798
0.0,0.7934782608695627,0.8148148148148167,0.2103092783505156,0.7463235294117648,0.1660079051383399
0.0,0.30434782608695343,0.24691358024691112,0.5072164948453608,0.5147058823529411,0.6679841897233201
0.0,0.4347826086956488,0.3827160493827222,0.8302405498281789,0.22794117647058812,0.3517786561264822
0.5,0.8478260869565233,0.6913580246913611,0.9333333333333336,0.21874999999999986,0.8379446640316205
0.5,0.17391304347825098,0.2962962962963047,0.25979381443298966,0.5330882352941176,0.5019762845849802
0.5,0.22826086956521152,0.3703703703703738,0.43024054982817894,0.6470588235294119,0.4624505928853755
0.0,0.2391304347826022,0.45679012345679126,0.479725085910653,0.43933823529411775,0.9209486166007904
0.0,0.010869565217383581,0.012345679012348398,0.3285223367697596,0.6966911764705884,0.758893280632411
0.5,0.7934782608695627,0.8148148148148167,0.5470790378006876,0.4375,0.1818181818181818
0.0,0.7826086956521721,0.7654320987654302,0.3697594501718213,0.6231617647058825,0.2569169960474308
1.0,0.2608695652173836,0.3333333333333357,0.3436426116838489,0.7187500000000001,0.3043478260869565
0.5,0.5217391304347814,0.4320987654321016,0.3711340206185567,0.7022058823529412,0.83399209486166
0.0,0.6739130434782581,0.5802469135802468,0.22130584192439873,0.6213235294117648,0.09486166007905138
0.0,0.2391304347826022,0.308641975308646,0.5429553264604814,0.46691176470588247,0.05928853754940711
0.0,0.6195652173912976,0.5925925925925952,1.0,0.16360294117647042,0.31225296442687744
0.0,0.5652173913043441,0.44444444444444997,0.41512027491408965,0.5147058823529411,0.8656126482213438
0.5,0.6847826086956488,0.6296296296296333,0.16769759450171828,0.9650735294117649,0.24901185770750986
0.0,0.7826086956521721,0.7283950617283992,0.5869415807560139,0.30698529411764697,0.13833992094861658
0.5,0.30434782608695343,0.2716049382716008,0.6790378006872855,0.2959558823529411,0.30039525691699603
0.5,0.4891304347826093,0.45679012345679126,0.8013745704467357,0.26102941176470573,0.683794466403162
0.5,0.4999999999999929,0.45679012345679126,0.4384879725085913,0.5404411764705883,0.7826086956521738
1.0,0.35869565217391397,0.48148148148148806,0.5841924398625431,0.37683823529411753,0.37549407114624506
0.0,0.5108695652173907,0.6790123456790127,0.2515463917525773,0.5753676470588236,0.8142292490118577
0.5,0.5978260869565162,0.6419753086419746,0.5347079037800686,0.34558823529411764,0.20553359683794464
0.0,0.5543478260869534,0.5925925925925952,0.8934707903780068,0.22610294117647048,0.05533596837944664
0.5,0.8804347826086882,0.8765432098765444,0.5800687285223369,0.43198529411764697,0.44664031620553357
0.0,0.6413043478260789,0.6296296296296333,0.4027491408934707,0.511029411764706,0.18577075098814227
0.5,0.5217391304347814,0.6913580246913611,0.48797250859106533,0.3915441176470589,0.533596837944664
0.0,0.5217391304347814,0.45679012345679126,0.36563573883161515,0.6341911764705883,0.5019762845849802
0.0,0.1521739130434696,0.2592592592592595,0.4123711340206184,0.4852941176470589,0.13833992094861658
0.5,0.3260869565217348,0.2716049382716008,0.6061855670103093,0.36029411764705876,0.5968379446640316
0.0,0.3152173913043441,0.3703703703703738,0.841237113402062,0.2775735294117646,0.13833992094861658
0.0,0.7826086956521721,0.7037037037037024,0.3312714776632304,0.7408088235294119,0.4980237154150197
0.0,0.7934782608695627,0.654320987654323,0.5072164948453608,0.41727941176470584,0.35968379446640314
0.5,0.6521739130434767,0.6172839506172849,0.30652920962199315,0.729779411764706,0.24110671936758893
0.5,0.5217391304347814,0.44444444444444997,0.37800687285223367,0.6893382352941178,0.7747035573122529
0.0,0.36956521739129755,0.49382716049382935,0.5951890034364262,0.42095588235294124,0.6956521739130435
0.0,0.2391304347826022,0.45679012345679126,0.4522336769759452,0.42279411764705876,0.17391304347826086
0.0,0.3260869565217348,0.4074074074074119,0.6721649484536085,0.3566176470588236,0.7075098814229248
0.0,0.44565217391303946,0.4074074074074119,0.30652920962199315,0.8345588235294119,0.533596837944664
0.0,0.4999999999999929,0.45679012345679126,0.24742268041237114,0.7352941176470589,0.12252964426877469
1.0,0.3260869565217348,0.308641975308646,0.5030927835051546,0.375,0.2964426877470355
0.0,0.5652173913043441,0.44444444444444997,0.4948453608247423,0.44485294117647056,0.8735177865612648
0.5,0.25,0.18518518518518334,0.41512027491408965,0.5477941176470589,0.17391304347826086
0.5,0.4999999999999929,0.6913580246913611,0.38075601374570445,0.5220588235294119,0.6679841897233201
0.0,0.4239130434782581,0.5925925925925952,0.30652920962199315,0.6066176470588236,0.15019762845849802
0.0,0.6847826086956488,0.5555555555555571,0.2969072164948454,0.8143382352941178,0.26877470355731226
0.5,0.4891304347826093,0.6296296296296333,0.49759450171821307,0.41176470588235303,0.6442687747035573
0.5,0.28260869565216495,0.20987654320987303,0.36701030927835054,0.5533088235294118,0.07114624505928853
0.0,0.2391304347826022,0.3456790123456841,0.747766323024055,0.25735294117647045,0.5375494071146245
0.0,0.7499999999999929,0.7037037037037024,1.0,0.13051470588235278,0.7905138339920948
0.5,0.35869565217391397,0.49382716049382935,0.6969072164948455,0.2867647058823528,0.45454545454545453
0.0,0.8369565217391255,0.6790123456790127,0.29553264604811,0.5845588235294119,0.7826086956521738
0.5,0.2608695652173836,0.4074074074074119,0.36426116838487976,0.5330882352941176,0.06324110671936758
0.0,0.2391304347826022,0.45679012345679126,0.25979381443298966,0.6856617647058825,0.541501976284585
0.0,0.46739130434782794,0.4074074074074119,0.28041237113402073,0.8750000000000002,0.5889328063241106
0.0,0.2391304347826022,0.3580246913580325,0.4522336769759452,0.5716911764705883,0.35968379446640314
0.0,0.5869565217391255,0.6296296296296333,0.4371134020618559,0.4466911764705883,0.7351778656126482
0.0,0.6956521739130395,0.6419753086419746,0.5347079037800686,0.48897058823529416,0.007905138339920948
0.0,0.21739130434782084,0.3333333333333357,0.3422680412371135,0.6433823529411765,0.12252964426877469
1.0,0.5543478260869534,0.45679012345679126,0.4384879725085913,0.47977941176470584,0.7312252964426877
0.0,0.5108695652173907,0.48148148148148806,0.2694158075601376,0.6084558823529412,0.06324110671936758
0.5,0.5543478260869534,0.5679012345679055,0.5072164948453608,0.40808823529411764,0.13043478260869565
0.0,0.3369565217391255,0.2716049382716008,1.0,0.19117647058823514,0.06324110671936758
0.0,0.7934782608695627,0.5802469135802468,0.7903780068728525,0.24816176470588228,0.7549407114624506
1.0,0.7608695652173907,0.6296296296296333,0.3711340206185567,0.5698529411764706,0.4703557312252964
0.5,0.8260869565217348,0.6790123456790127,0.41099656357388303,0.45772058823529416,0.2885375494071146
0.0,0.4999999999999929,0.45679012345679126,0.211683848797251,0.755514705882353,0.13043478260869565
0.5,0.9673913043478208,0.9259259259259238,0.3134020618556701,0.693014705882353,0.043478260869565216
0.0,0.3369565217391255,0.3580246913580325,0.18694158075601375,0.5919117647058825,0.6245059288537549
0.0,0.2608695652173836,0.4197530864197603,0.42749140893470816,0.5386029411764707,0.2292490118577075
0.5,0.7282608695652115,0.6666666666666714,0.8261168384879727,0.2426470588235293,0.03952569169960474
0.0,0.4130434782608674,0.5555555555555571,0.5512027491408937,0.46691176470588247,0.6126482213438734
0.5,0.5326086956521721,0.46913580246913966,0.6350515463917525,0.2849264705882353,0.20158102766798416
0.5,0.7934782608695627,0.7037037037037024,0.7560137457044673,0.33823529411764697,0.608695652173913
0.5,0.7499999999999929,0.7407407407407405,0.5718213058419246,0.43014705882352944,0.24901185770750986
0.0,0.8152173913043441,0.8024691358024683,0.36426116838487976,0.6838235294117648,0.8537549407114624
0.0,0.6739130434782581,0.5925925925925952,0.5030927835051546,0.4871323529411764,0.4703557312252964
0.0,0.9021739130434767,0.8888888888888857,0.42886597938144355,0.5257352941176471,0.533596837944664
0.0,0.3260869565217348,0.45679012345679126,0.6872852233676978,0.2628676470588235,0.5375494071146245
0.0,0.3913043478260789,0.5308641975308674,0.8563573883161513,0.2720588235294117,0.6561264822134387
0.0,0.5217391304347814,0.5061728395061778,0.5003436426116838,0.4963235294117647,0.45454545454545453
0.0,0.22826086956521152,0.4320987654321016,0.5718213058419246,0.5514705882352942,0.7351778656126482
1.0,0.5760869565217348,0.46913580246913966,0.4494845360824744,0.43566176470588236,0.31225296442687744
0.0,0.38043478260869534,0.3580246913580325,0.772508591065292,0.24080882352941166,0.23320158102766797
1.0,0.36956521739129755,0.3456790123456841,0.5553264604810999,0.4191176470588236,0.7984189723320158
0.5,0.28260869565216495,0.24691358024691112,0.479725085910653,0.4908088235294118,0.2727272727272727
0.0,0.5760869565217348,0.5925925925925952,0.654295532646048,0.38602941176470584,0.5849802371541502
0.0,0.7499999999999929,0.6419753086419746,0.3903780068728524,0.5422794117647058,0.22134387351778656
0.0,0.4347826086956488,0.3209876543209944,0.6639175257731962,0.27941176470588225,0.023715415019762844
0.0,0.30434782608695343,0.23456790123456983,0.4398625429553267,0.48897058823529416,0.6205533596837944
0.0,0.21739130434782084,0.2962962962963047,0.5470790378006876,0.42095588235294124,0.616600790513834
0.0,0.5108695652173907,0.45679012345679126,0.45498281786941597,0.42095588235294124,0.1818181818181818
0.0,0.3369565217391255,0.308641975308646,0.6185567010309279,0.3713235294117647,0.24110671936758893
0.0,0.6956521739130395,0.6296296296296333,0.5374570446735398,0.5827205882352942,0.533596837944664
0.0,0.22826086956521152,0.2839506172839492,0.25841924398625427,0.7187500000000001,0.7272727272727272
0.0,0.5869565217391255,0.6049382716049436,0.1649484536082475,0.6323529411764707,0.8537549407114624
0.5,0.6521739130434767,0.518518518518519,0.45773195876288675,0.4908088235294118,0.1067193675889328
0.0,0.8804347826086882,0.7654320987654302,0.2872852233676977,0.5294117647058825,0.13438735177865613
0.5,0.7065217391304301,0.6666666666666714,0.33676975945017196,0.5404411764705883,0.035573122529644265
0.0,0.4130434782608674,0.4074074074074119,0.32577319587628883,0.7536764705882354,0.07114624505928853
0.0,0.7391304347826093,0.654320987654323,0.5745704467353954,0.4099264705882353,0.5612648221343873
0.0,0.5869565217391255,0.7407407407407405,0.4893470790378007,0.5643382352941178,0.8774703557312252
0.0,0.4347826086956488,0.5802469135802468,0.7656357388316151,0.25735294117647045,0.6600790513833992
0.5,0.46739130434782794,0.45679012345679126,0.6006872852233678,0.3125,0.5612648221343873
0.0,0.4239130434782581,0.6049382716049436,0.27766323024054995,0.9025735294117649,0.1660079051383399
0.5,0.7934782608695627,0.5555555555555571,1.0,0.08088235294117627,0.37154150197628455
0.5,0.5869565217391255,0.48148148148148806,0.4192439862542958,0.6488970588235295,0.3438735177865612
0.0,0.4347826086956488,0.3950617283950635,0.12371134020618557,1.0,0.4703557312252964
0.0,0.5108695652173907,0.4197530864197603,0.44123711340206206,0.5055147058823529,0.02766798418972332
0.0,0.22826086956521152,0.3456790123456841,0.41649484536082504,0.5716911764705883,0.17786561264822134
0.5,0.36956521739129755,0.5061728395061778,0.2405498281786942,0.7500000000000001,0.5296442687747035
0.0,0.30434782608695343,0.5308641975308674,0.5030927835051546,0.3841911764705883,0.18577075098814227
0.0,0.3913043478260789,0.48148148148148806,0.270790378006873,0.7003676470588236,0.7233201581027667
0.0,0.7499999999999929,0.6913580246913611,0.30378006872852237,0.6268382352941178,0.41897233201581024
0.5,0.8478260869565233,0.8518518518518547,0.9993127147766323,0.19669117647058812,0.5098814229249011
0.0,0.3369565217391255,0.3950617283950635,0.32164948453608244,0.5882352941176471,0.7944664031620553
0.0,0.8152173913043441,0.827160493827158,0.27491408934707917,0.6746323529411765,0.03952569169960474
0.0,0.21739130434782084,0.3827160493827222,0.5305841924398624,0.4283088235294118,0.27667984189723316
1.0,0.35869565217391397,0.308641975308646,0.5319587628865978,0.4411764705882353,0.14229249011857706
0.0,0.6847826086956488,0.6913580246913611,0.7395189003436426,0.31433823529411753,0.3675889328063241
0.5,0.5869565217391255,0.6666666666666714,0.604810996563574,0.41360294117647056,0.6600790513833992
0.0,0.9239130434782581,0.8395061728395063,0.28041237113402073,0.604779411764706,0.7114624505928854
0.5,0.6739130434782581,0.5925925925925952,0.8329896907216496,0.23345588235294104,0.47826086956521735
0.0,0.6630434782608603,0.6790123456790127,0.2570446735395189,0.6948529411764707,0.14624505928853754
0.5,0.5434782608695627,0.7160493827160508,0.31890034364261166,0.5698529411764706,0.0
0.0,0.28260869565216495,0.2962962962963047,0.57319587628866,0.3805147058823529,0.8379446640316205
0.0,0.7173913043478208,0.6419753086419746,0.1938144329896907,0.6470588235294119,0.49011857707509876
0.0,0.22826086956521152,0.3333333333333357,0.49896907216494846,0.5275735294117647,0.8418972332015809
0.0,0.14130434782608603,0.23456790123456983,0.5140893470790378,0.4522058823529411,0.34782608695652173
0.0,0.30434782608695343,0.3209876543209944,0.18281786941580758,0.7941176470588236,0.24901185770750986
0.5,0.5760869565217348,0.790123456790127,0.17182130584192445,0.7261029411764707,0.19367588932806323
0.0,0.22826086956521152,0.44444444444444997,0.2254295532646049,0.7426470588235295,0.45454545454545453
0.0,0.4891304347826093,0.6049382716049436,0.740893470790378,0.3621323529411764,0.49011857707509876
0.5,0.4891304347826093,0.45679012345679126,0.33539518900343657,0.6433823529411765,0.5138339920948616
0.0,0.7608695652173907,0.6666666666666714,0.6350515463917525,0.4191176470588236,0.7233201581027667
0.5,0.8260869565217348,0.8024691358024683,0.7931271477663233,0.23345588235294104,0.38735177865612647
0.5,0.7608695652173907,0.6666666666666714,0.17457044673539523,0.8143382352941178,0.5770750988142292
0.5,0.3478260869565162,0.44444444444444997,0.7202749140893472,0.2555147058823528,0.46640316205533594
0.0,0.9021739130434767,0.827160493827158,0.2680412371134022,0.7408088235294119,0.02766798418972332
0.0,0.5760869565217348,0.46913580246913966,0.5608247422680415,0.4779411764705882,0.49011857707509876
0.5,0.3152173913043441,0.3703703703703738,0.1388316151202751,0.8841911764705883,0.6442687747035573
0.0,0.3152173913043441,0.2592592592592595,0.2570446735395189,0.7077205882352942,0.27667984189723316
0.0,0.6956521739130395,0.6296296296296333,0.6240549828178694,0.4595588235294117,0.0
1.0,0.9673913043478208,0.9629629629629619,0.7092783505154641,0.3125,0.616600790513834
0.0,0.4782608695652115,0.44444444444444997,0.5828178694158077,0.3933823529411765,0.03162055335968379
0.0,0.4782608695652115,0.4320987654321016,0.34914089347079047,0.5073529411764706,0.5533596837944663
0.0,0.4347826086956488,0.3703703703703738,0.329896907216495,0.6599264705882354,0.3359683794466403
1.0,0.21739130434782084,0.3209876543209944,1.0,0.11948529411764694,0.09486166007905138
0.5,0.30434782608695343,0.48148148148148806,0.5237113402061855,0.4761029411764707,0.16996047430830039
0.0,0.3478260869565162,0.48148148148148806,0.7642611683848797,0.24999999999999986,0.3952569169960474
1.0,0.21739130434782084,0.3703703703703738,0.3601374570446736,0.5514705882352942,0.6047430830039525
0.0,0.5978260869565162,0.8395061728395063,0.36563573883161515,0.6966911764705884,0.47826086956521735
0.5,0.17391304347825098,0.2716049382716008,1.0,0.13970588235294099,0.26877470355731226
0.0,0.3260869565217348,0.2839506172839492,0.389003436426117,0.630514705882353,0.7747035573122529
0.0,0.45652173913043015,0.5308641975308674,0.45910652920962214,0.4724264705882353,0.20553359683794464
0.0,0.4130434782608674,0.5802469135802468,0.3573883161512028,0.6268382352941178,0.3438735177865612
0.0,0.4782608695652115,0.654320987654323,0.9058419243986258,0.2316176470588234,0.7667984189723319
0.0,0.3913043478260789,0.3456790123456841,0.3999999999999999,0.5569852941176472,0.5810276679841897
1.0,0.5869565217391255,0.827160493827158,0.39725085910652913,0.6323529411764707,0.2924901185770751
0.0,0.29347826086956275,0.308641975308646,0.4137457044673538,0.6011029411764707,0.8458498023715414
0.0,0.30434782608695343,0.518518518518519,0.6405498281786941,0.3161764705882353,0.20948616600790512
0.0,0.6195652173912976,0.6913580246913611,0.24879725085910653,0.6286764705882354,0.28063241106719367
0.0,0.7173913043478208,0.5802469135802468,0.2859106529209623,0.7738970588235294,0.4980237154150197
0.0,0.3260869565217348,0.3456790123456841,0.26666666666666683,0.7536764705882354,0.6482213438735177
0.5,0.22826086956521152,0.4074074074074119,0.7106529209621995,0.32904411764705876,0.6996047430830039
0.0,0.7608695652173907,0.6913580246913611,0.622680412371134,0.34558823529411764,0.533596837944664
0.0,0.36956521739129755,0.4320987654321016,0.5745704467353954,0.34191176470588225,0.7114624505928854
0.0,0.3260869565217348,0.3580246913580325,0.38350515463917545,0.4650735294117647,0.5770750988142292
0.5,0.7608695652173907,0.7530864197530889,0.2680412371134022,0.7573529411764707,0.4703557312252964
0.0,0.4891304347826093,0.45679012345679126,0.5319587628865978,0.40441176470588225,0.48221343873517786
0.0,0.21739130434782084,0.3209876543209944,0.5085910652920962,0.4724264705882353,0.18577075098814227
0.5,0.4891304347826093,0.4197530864197603,0.2570446735395189,0.8069852941176472,0.02766798418972332
0.0,0.6739130434782581,0.6172839506172849,0.35463917525773203,0.6121323529411765,0.3201581027667984
0.5,0.7065217391304301,0.5308641975308674,0.8426116838487974,0.20404411764705868,0.7826086956521738
0.5,0.5760869565217348,0.5679012345679055,0.6130584192439863,0.3658088235294118,0.0
0.5,0.30434782608695343,0.4074074074074119,0.6776632302405501,0.46691176470588247,0.32411067193675885
0.0,0.25,0.4197530864197603,0.46048109965635753,0.47977941176470584,0.6205533596837944
0.0,0.7282608695652115,0.5802469135802468,0.5498281786941583,0.4852941176470589,0.4426877470355731
0.0,0.3913043478260789,0.5432098765432158,0.5539518900343645,0.4411764705882353,0.308300395256917
0.0,0.4021739130434767,0.3827160493827222,0.1951890034364261,0.6966911764705884,0.4426877470355731
0.0,0.6086956521739069,0.5802469135802468,0.6144329896907217,0.33272058823529405,0.7905138339920948
0.0,0.6521739130434767,0.654320987654323,0.5690721649484538,0.4191176470588236,0.7984189723320158
0.0,0.7608695652173907,0.6419753086419746,0.5883161512027493,0.3805147058823529,0.4110671936758893
0.0,0.5108695652173907,0.6913580246913611,0.4343642611683851,0.7426470588235295,0.6245059288537549
0.0,0.5326086956521721,0.7283950617283992,0.4962199312714777,0.41727941176470584,0.08300395256916995
0.0,0.1521739130434696,0.2592592592592595,0.31890034364261166,0.6378676470588236,0.011857707509881422
0.0,0.7826086956521721,0.5679012345679055,0.5237113402061855,0.5165441176470589,0.6719367588932806
0.0,0.2391304347826022,0.3580246913580325,0.5278350515463917,0.5900735294117647,0.3043478260869565
0.0,0.5108695652173907,0.44444444444444997,1.0,0.1691176470588234,0.691699604743083
0.0,0.18478260869564878,0.2962962962963047,0.26666666666666683,0.729779411764706,0.8418972332015809
1.0,0.4999999999999929,0.6790123456790127,0.2694158075601376,0.6764705882352943,0.1976284584980237
0.0,0.7608695652173907,0.6419753086419746,0.32302405498281805,0.6323529411764707,0.683794466403162
0.0,0.19565217391303946,0.3333333333333357,0.7670103092783505,0.2867647058823528,0.7984189723320158
0.0,0.7826086956521721,0.5555555555555571,0.3931271477663232,0.5551470588235294,0.4268774703557312
0.0,0.6304347826086953,0.654320987654323,1.0,0.16360294117647042,0.11067193675889328
0.5,0.7282608695652115,0.5925925925925952,0.35326460481099664,0.5863970588235295,0.30039525691699603
0.0,0.25,0.3209876543209944,0.42611683848797277,0.5422794117647058,0.7628458498023715
0.0,0.7934782608695627,0.6049382716049436,0.5237113402061855,0.4540441176470589,0.7865612648221343
0.5,0.7608695652173907,0.7037037037037024,0.9443298969072167,0.20404411764705868,0.16996047430830039
0.5,0.6086956521739069,0.6913580246913611,0.8701030927835052,0.21691176470588228,0.3952569169960474
1.0,0.7065217391304301,0.6666666666666714,0.5154639175257731,0.4338235294117647,0.4743083003952569
0.0,0.10869565217390686,0.19753086419753174,0.28041237113402073,0.8253676470588238,0.13043478260869565
0.0,0.8152173913043441,0.827160493827158,0.2859106529209623,0.8143382352941178,0.03162055335968379
0.5,0.29347826086956275,0.22222222222222143,0.361512027491409,0.7371323529411765,0.3636363636363636
0.0,0.3369565217391255,0.5308641975308674,0.5305841924398624,0.4503676470588235,0.40711462450592883
0.0,0.5978260869565162,0.7407407407407405,0.8041237113402064,0.29779411764705876,0.03162055335968379
1.0,0.7499999999999929,0.6666666666666714,0.529209621993127,0.3915441176470589,0.3517786561264822
0.0,0.6521739130434767,0.6790123456790127,0.6872852233676978,0.3180147058823529,0.07114624505928853
0.0,0.5217391304347814,0.45679012345679126,0.40687285223367686,0.5312500000000001,0.11857707509881422
0.0,0.4239130434782581,0.518518518518519,0.4783505154639176,0.5257352941176471,0.8656126482213438
0.0,0.25,0.4074074074074119,0.4948453608247423,0.38602941176470584,0.08695652173913043
0.0,0.6195652173912976,0.8148148148148167,0.35189003436426125,0.5643382352941178,0.5375494071146245
0.0,0.44565217391303946,0.5925925925925952,0.7986254295532649,0.28125,0.7075098814229248
0.0,0.3913043478260789,0.4197530864197603,0.3903780068728524,0.6011029411764707,0.7747035573122529
0.0,0.5760869565217348,0.5061728395061778,0.45910652920962214,0.5441176470588236,0.525691699604743
0.0,0.3260869565217348,0.3950617283950635,0.7422680412371134,0.26654411764705876,0.6719367588932806
0.5,0.6956521739130395,0.654320987654323,0.4632302405498283,0.4466911764705883,0.7509881422924901
0.5,0.891304347826086,0.7283950617283992,0.541580756013746,0.3933823529411765,0.4229249011857707
0.0,0.4021739130434767,0.518518518518519,0.5223367697594501,0.39889705882352944,0.8458498023715414
0.0,0.38043478260869534,0.3950617283950635,0.32164948453608244,0.46139705882352944,0.007905138339920948
0.0,0.5326086956521721,0.7407407407407405,0.529209621993127,0.5238970588235294,0.17391304347826086
0.0,0.8804347826086882,0.7407407407407405,0.3271477663230242,0.630514705882353,0.8418972332015809
0.5,0.7608695652173907,0.6296296296296333,0.6089347079037801,0.3492647058823529,0.6679841897233201
0.0,0.28260869565216495,0.4197530864197603,0.3766323024054983,0.6893382352941178,0.09486166007905138
0.0,0.8369565217391255,0.8148148148148167,1.0,0.1672794117647057,0.5217391304347826
0.0,0.21739130434782084,0.3209876543209944,0.448109965635739,0.46691176470588247,0.05533596837944664
0.5,0.5326086956521721,0.45679012345679126,0.45773195876288675,0.5,0.18972332015810275
0.0,0.25,0.3209876543209944,0.3711340206185567,0.6433823529411765,0.3320158102766798
0.0,0.6956521739130395,0.6296296296296333,0.2982817869415808,0.6966911764705884,0.525691699604743
0.0,0.3260869565217348,0.4197530864197603,0.3477663230240551,0.636029411764706,0.13043478260869565
0.0,0.1630434782608674,0.23456790123456983,0.3161512027491409,0.6231617647058825,0.5691699604743082
0.0,0.4239130434782581,0.3950617283950635,0.5773195876288661,0.5275735294117647,0.592885375494071
0.0,0.7499999999999929,0.6049382716049436,0.6378006872852233,0.3253676470588235,0.48221343873517786
0.0,0.45652173913043015,0.44444444444444997,0.34914089347079047,0.6691176470588237,0.7075098814229248
0.0,0.6521739130434767,0.6049382716049436,0.34089347079037813,0.5955882352941178,0.34782608695652173
0.5,0.28260869565216495,0.22222222222222143,0.6515463917525772,0.36029411764705876,0.4980237154150197
0.0,0.9456521739130395,0.9135802469135825,0.5443298969072168,0.7003676470588236,0.4703557312252964
0.0,0.30434782608695343,0.3456790123456841,0.4536082474226806,0.6727941176470589,0.01976284584980237
0.0,0.5652173913043441,0.7777777777777786,0.3917525773195878,0.5937500000000001,0.5968379446640316
0.0,0.8695652173913047,0.8024691358024683,0.4646048109965637,0.5,0.1976284584980237
1.0,0.6086956521739069,0.6049382716049436,0.7120274914089348,0.2738970588235293,0.6956521739130435
0.0,0.7608695652173907,0.6666666666666714,0.5195876288659793,0.37316176470588236,0.616600790513834
0.5,0.25,0.4320987654321016,0.3766323024054983,0.6488970588235295,0.0
0.0,0.7173913043478208,0.5061728395061778,0.4659793814432991,0.5863970588235295,0.5177865612648221
0.5,0.7717391304347743,0.5925925925925952,0.28041237113402073,0.604779411764706,0.5691699604743082
1.0,0.6086956521739069,0.6790123456790127,0.4810996563573884,0.40808823529411764,0.3557312252964427
0.5,0.9565217391304373,0.9629629629629619,0.5759450171821308,0.38235294117647056,0.4268774703557312
0.0,0.2391304347826022,0.3456790123456841,0.23642611683848802,0.8198529411764708,0.5652173913043478
0.5,0.5652173913043441,0.7160493827160508,0.27766323024054995,0.7959558823529413,0.02766798418972332
0.0,0.03260869565217206,0.06172839506172778,0.13058419243986252,0.9007352941176472,0.1067193675889328
0.5,0.38043478260869534,0.5679012345679055,0.5567010309278353,0.5330882352941176,0.35968379446640314
0.0,0.6630434782608603,0.6172839506172849,0.36838487972508593,0.7591911764705884,0.3557312252964427
0.5,0.6086956521739069,0.790123456790127,0.17731958762886602,0.6580882352941178,0.30039525691699603
0.0,0.5760869565217348,0.46913580246913966,1.0,0.1580882352941175,0.25296442687747034
0.5,0.4021739130434767,0.4074074074074119,0.2515463917525773,0.7242647058823531,0.17391304347826086
0.0,0.30434782608695343,0.518518518518519,0.5429553264604814,0.3676470588235293,0.20158102766798416
0.0,0.6521739130434767,0.6666666666666714,0.3931271477663232,0.5055147058823529,0.7549407114624506
1.0,0.2391304347826022,0.3333333333333357,0.44261168384879745,0.4944852941176472,0.13438735177865613
0.5,0.18478260869564878,0.2716049382716008,0.33539518900343657,0.636029411764706,0.4426877470355731
1.0,0.6630434782608603,0.6049382716049436,0.6955326460481102,0.38235294117647056,0.19367588932806323
0.0,0.9239130434782581,0.9012345679012341,0.3560137457044674,0.5551470588235294,0.0
0.0,0.5326086956521721,0.7530864197530889,0.36838487972508593,0.6507352941176472,0.691699604743083
1.0,0.5326086956521721,0.518518518518519,1.0,0.18566176470588222,0.6521739130434783
0.5,0.25,0.3580246913580325,0.33814432989690735,0.599264705882353,0.5454545454545454
0.0,0.8260869565217348,0.6666666666666714,0.5319587628865978,0.3878676470588235,0.3794466403162055
0.5,0.9673913043478208,0.9876543209876516,1.0,0.10294117647058806,0.5494071146245059
1.0,0.7499999999999929,0.6666666666666714,0.423367697594502,0.49264705882352944,0.3794466403162055
0.0,0.38043478260869534,0.5061728395061778,0.6804123711340209,0.28308823529411753,0.26482213438735175
0.0,0.5760869565217348,0.6913580246913611,0.49896907216494846,0.4724264705882353,0.0
0.5,0.03260869565217206,0.04938271604938649,0.4041237113402061,0.6691176470588237,0.6245059288537549
1.0,0.5108695652173907,0.49382716049382935,0.4962199312714777,0.5441176470588236,0.4229249011857707
0.5,0.6739130434782581,0.6172839506172849,0.23092783505154646,0.9705882352941178,0.0
0.0,0.7391304347826093,0.6790123456790127,0.34914089347079047,0.6893382352941178,0.5770750988142292
0.0,0.6521739130434767,0.6419753086419746,1.0,0.08455882352941155,0.5652173913043478
0.5,0.3478260869565162,0.4074074074074119,1.0,0.1691176470588234,0.7747035573122529
0.0,0.22826086956521152,0.3580246913580325,0.14845360824742282,0.7500000000000001,0.40711462450592883
0.5,0.4891304347826093,0.4197530864197603,0.39587628865979374,0.48897058823529416,0.826086956521739
0.0,0.6739130434782581,0.5925925925925952,0.2515463917525773,0.7371323529411765,0.458498023715415
0.5,0.22826086956521152,0.2839506172839492,0.5951890034364262,0.4007352941176471,0.7154150197628458
0.0,0.30434782608695343,0.24691358024691112,1.0,0.0,0.49407114624505927
0.0,0.3913043478260789,0.5308641975308674,0.34914089347079047,0.5661764705882354,0.308300395256917
0.0,0.38043478260869534,0.5061728395061778,0.22817869415807568,0.6709558823529412,0.1660079051383399
0.0,0.38043478260869534,0.49382716049382935,0.4632302405498283,0.4816176470588236,0.5177865612648221
0.0,0.7717391304347743,0.790123456790127,0.39450171821305835,0.5073529411764706,0.11067193675889328
0.5,0.36956521739129755,0.5679012345679055,0.4494845360824744,0.4761029411764707,0.34782608695652173
0.0,0.5108695652173907,0.5432098765432158,0.4247422680412374,0.4007352941176471,0.7707509881422925
0.0,0.3369565217391255,0.2839506172839492,0.4920962199312715,0.5202205882352942,0.6403162055335968
0.5,0.22826086956521152,0.3333333333333357,0.42611683848797277,0.6139705882352943,0.37549407114624506
0.5,0.6739130434782581,0.654320987654323,0.5621993127147769,0.4944852941176472,0.46640316205533594
1.0,0.5543478260869534,0.45679012345679126,0.49759450171821307,0.5073529411764706,0.4426877470355731
0.0,0.7608695652173907,0.6172839506172849,0.6103092783505155,0.3786764705882353,0.5494071146245059
0.0,0.3152173913043441,0.2962962962963047,0.29415807560137464,0.5643382352941178,0.14624505928853754
0.5,0.6956521739130395,0.518518518518519,0.36563573883161515,0.6452205882352942,0.7470355731225296
0.0,0.6956521739130395,0.6419753086419746,0.6432989690721649,0.3400735294117647,0.1660079051383399
0.0,0.2608695652173836,0.4197530864197603,0.4247422680412374,0.46875,0.23715415019762845
0.0,0.4891304347826093,0.4197530864197603,0.5195876288659793,0.4191176470588236,0.3675889328063241
0.0,0.7499999999999929,0.654320987654323,0.4054982817869415,0.625,0.592885375494071
0.5,0.19565217391303946,0.2716049382716008,0.6790378006872855,0.2591911764705881,0.7233201581027667
0.5,0.7391304347826093,0.6666666666666714,0.3876288659793816,0.7132352941176472,0.33992094861660077
0.0,0.4239130434782581,0.3456790123456841,0.2831615120274915,0.7500000000000001,0.5652173913043478
0.0,0.3369565217391255,0.3703703703703738,0.2996563573883162,0.5900735294117647,0.533596837944664
0.5,0.6739130434782581,0.5925925925925952,0.7821305841924402,0.3033088235294117,0.450592885375494
0.0,0.3369565217391255,0.4320987654321016,0.35326460481099664,0.6011029411764707,0.043478260869565216
1.0,0.4239130434782581,0.3703703703703738,0.38487972508591084,0.7095588235294118,0.683794466403162
0.0,0.4021739130434767,0.3703703703703738,0.35463917525773203,0.47426470588235303,0.06324110671936758
0.5,0.1630434782608674,0.20987654320987303,0.41786941580756043,0.5716911764705883,0.11857707509881422
0.0,0.7173913043478208,0.6419753086419746,0.5580756013745707,0.34191176470588225,0.1067193675889328
0.0,0.5434782608695627,0.6172839506172849,0.5099656357388316,0.3584558823529411,0.4861660079051383
0.0,0.4021739130434767,0.5555555555555571,0.44261168384879745,0.5202205882352942,0.2134387351778656
0.0,0.7173913043478208,0.5679012345679055,0.4357388316151205,0.6158088235294118,0.09486166007905138
0.0,0.6630434782608603,0.6666666666666714,0.41786941580756043,0.5827205882352942,0.6284584980237153
0.5,0.6086956521739069,0.6296296296296333,0.3903780068728524,0.5661764705882354,0.7312252964426877
1.0,0.36956521739129755,0.46913580246913966,0.3917525773195878,0.5073529411764706,0.4268774703557312
0.0,0.5760869565217348,0.6049382716049436,0.3931271477663232,0.4944852941176472,0.26482213438735175
0.5,0.38043478260869534,0.49382716049382935,0.3999999999999999,0.6341911764705883,0.5573122529644269
0.5,0.7826086956521721,0.5679012345679055,0.7450171821305842,0.26654411764705876,0.7351778656126482
1.0,0.17391304347825098,0.22222222222222143,0.3147766323024055,0.6525735294117647,0.08695652173913043
0.5,0.7391304347826093,0.6172839506172849,0.604810996563574,0.3216911764705882,0.3201581027667984
1.0,0.7826086956521721,0.7160493827160508,0.629553264604811,0.42647058823529416,0.17391304347826086
0.0,0.4021739130434767,0.5432098765432158,0.6185567010309279,0.30147058823529405,0.24505928853754938
0.0,0.7499999999999929,0.6049382716049436,0.22817869415807568,0.7426470588235295,0.6284584980237153
0.5,0.5217391304347814,0.5432098765432158,0.37800687285223367,0.6709558823529412,0.24110671936758893
0.0,0.13043478260868824,0.19753086419753174,0.45773195876288675,0.5386029411764707,0.6403162055335968
0.0,0.3260869565217348,0.3209876543209944,0.3628865979381444,0.6268382352941178,0.2569169960474308
1.0,0.22826086956521152,0.3456790123456841,0.4137457044673538,0.5937500000000001,0.24901185770750986
1.0,0.7934782608695627,0.7160493827160508,0.6336769759450172,0.3970588235294117,0.901185770750988
0.5,0.3260869565217348,0.3333333333333357,0.5099656357388316,0.5625,0.2727272727272727
0.5,0.5108695652173907,0.4197530864197603,0.6268041237113402,0.3308823529411764,0.6126482213438734
0.0,0.4021739130434767,0.3703703703703738,0.5072164948453608,0.5514705882352942,0.7984189723320158
0.5,0.3913043478260789,0.3703703703703738,0.32164948453608244,0.6801470588235294,0.6600790513833992
0.0,0.30434782608695343,0.2839506172839492,0.35463917525773203,0.6102941176470589,0.24110671936758893
0.0,0.29347826086956275,0.3703703703703738,0.47147766323024065,0.6066176470588236,0.450592885375494
0.5,0.03260869565217206,0.06172839506172778,0.36701030927835054,0.7132352941176472,0.4980237154150197
0.5,0.6847826086956488,0.6172839506172849,0.8563573883161513,0.20220588235294104,0.3201581027667984
0.5,0.5760869565217348,0.7654320987654302,0.6336769759450172,0.41360294117647056,0.0
0.0,0.9239130434782581,0.8888888888888857,0.4756013745704468,0.39522058823529405,0.7114624505928854
0.0,0.7282608695652115,0.5925925925925952,1.0,0.1691176470588234,0.41897233201581024
0.5,0.35869565217391397,0.49382716049382935,0.6419243986254295,0.3566176470588236,0.43478260869565216
0.5,0.28260869565216495,0.2962962962963047,0.6309278350515464,0.34191176470588225,0.826086956521739
0.0,0.8804347826086882,0.7530864197530889,0.5443298969072168,0.4246323529411764,0.6758893280632411
0.0,0.4130434782608674,0.5432098765432158,0.36701030927835054,0.661764705882353,0.9051383399209486
1.0,0.5543478260869534,0.44444444444444997,0.3134020618556701,0.7058823529411766,0.2134387351778656
0.0,0.6304347826086953,0.5802469135802468,0.9704467353951891,0.22058823529411756,0.18577075098814227
0.0,0.29347826086956275,0.2839506172839492,0.36426116838487976,0.4852941176470589,0.3438735177865612
0.5,0.5108695652173907,0.44444444444444997,0.3285223367697596,0.5716911764705883,0.5454545454545454
0.5,0.7608695652173907,0.7530864197530889,0.4219931271477666,0.6470588235294119,0.7114624505928854
0.0,0.8152173913043441,0.6296296296296333,0.4783505154639176,0.4908088235294118,0.0909090909090909
0.0,0.4130434782608674,0.3209876543209944,0.5374570446735398,0.3841911764705883,0.11857707509881422
0.5,0.4021739130434767,0.5308641975308674,0.23230240549828185,0.8198529411764708,0.5770750988142292
0.5,0.5652173913043441,0.7037037037037024,0.30515463917525776,0.7187500000000001,0.26877470355731226
0.5,0.9130434782608674,0.827160493827158,0.511340206185567,0.4522058823529411,0.5770750988142292
0.5,0.8152173913043441,0.8148148148148167,0.3628865979381444,0.6654411764705883,0.8616600790513833
0.5,0.7608695652173907,0.5432098765432158,0.5429553264604814,0.4595588235294117,0.12252964426877469
0.5,0.7499999999999929,0.654320987654323,0.36838487972508593,0.6286764705882354,0.7391304347826086
0.0,0.30434782608695343,0.4074074074074119,0.4522336769759452,0.5091911764705883,0.2292490118577075
0.0,0.21739130434782084,0.2716049382716008,0.5649484536082476,0.3970588235294117,0.7628458498023715
0.0,0.7934782608695627,0.5802469135802468,0.6460481099656357,0.43014705882352944,0.3320158102766798
0.0,0.7391304347826093,0.654320987654323,0.2694158075601376,0.6838235294117648,0.8102766798418972
0.0,0.6195652173912976,0.6790123456790127,0.33539518900343657,0.5386029411764707,0.25296442687747034
0.5,0.17391304347825098,0.22222222222222143,0.5333333333333332,0.33823529411764697,0.458498023715415
0.5,0.3152173913043441,0.3950617283950635,0.329896907216495,0.4779411764705882,0.07905138339920947
1.0,0.19565217391303946,0.3209876543209944,0.44536082474226824,0.5275735294117647,0.5573122529644269
0.0,0.7608695652173907,0.7037037037037024,0.5525773195876291,0.44852941176470595,0.05928853754940711
0.0,0.3913043478260789,0.518518518518519,0.45635738831615136,0.5772058823529412,0.45454545454545453
0.0,0.3478260869565162,0.45679012345679126,1.0,0.15992647058823514,0.6482213438735177
0.0,0.3913043478260789,0.5432098765432158,1.0,0.19485294117647042,0.758893280632411
0.0,0.5652173913043441,0.7283950617283992,0.5594501718213061,0.3621323529411764,0.6640316205533596
0.0,0.7173913043478208,0.5925925925925952,0.23642611683848802,0.7886029411764708,0.8063241106719367
1.0,0.3260869565217348,0.4197530864197603,0.3601374570446736,0.5165441176470589,0.6403162055335968
1.0,0.9239130434782581,0.8395061728395063,0.7972508591065295,0.22610294117647048,0.691699604743083
0.0,0.28260869565216495,0.24691358024691112,0.5195876288659793,0.4558823529411765,0.2845849802371541
0.0,0.6086956521739069,0.6172839506172849,0.4123711340206184,0.43014705882352944,0.8221343873517786
0.0,0.38043478260869534,0.3456790123456841,0.38213058419243984,0.44485294117647056,0.043478260869565216
0.0,0.6086956521739069,0.6296296296296333,0.423367697594502,0.4816176470588236,0.03952569169960474
0.0,0.8369565217391255,0.8395061728395063,0.4027491408934707,0.5036764705882354,0.5019762845849802
1.0,0.9456521739130395,0.9135802469135825,0.329896907216495,0.4963235294117647,0.5217391304347826
0.0,0.6739130434782581,0.6666666666666714,1.0,0.10845588235294099,0.40711462450592883
0.5,0.5760869565217348,0.7283950617283992,0.4192439862542958,0.34375,0.2727272727272727
0.5,0.20652173913043015,0.3580246913580325,0.32439862542955344,0.568014705882353,0.6324110671936758
0.5,0.9239130434782581,0.864197530864196,0.2694158075601376,0.6709558823529412,0.6600790513833992
0.0,0.2391304347826022,0.3703703703703738,0.3917525773195878,0.4558823529411765,0.4426877470355731
0.0,0.8804347826086882,0.8148148148148167,0.511340206185567,0.4761029411764707,0.3794466403162055
0.0,0.09782608695651618,0.18518518518518334,0.25841924398625427,0.5661764705882354,0.08695652173913043
0.0,0.5652173913043441,0.5061728395061778,0.38075601374570445,0.5716911764705883,0.6482213438735177
0.0,0.19565217391303946,0.3456790123456841,0.5319587628865978,0.43014705882352944,0.0
1.0,0.25,0.46913580246913966,0.6254295532646048,0.37316176470588236,0.8853754940711462
0.5,0.5760869565217348,0.5061728395061778,0.6749140893470793,0.2959558823529411,0.5019762845849802
1.0,0.14130434782608603,0.24691358024691112,0.6680412371134024,0.3345588235294117,0.35968379446640314
0.5,0.5978260869565162,0.6419753086419746,0.48659793814432994,0.6139705882352943,0.22134387351778656
0.5,0.45652173913043015,0.3703703703703738,0.2103092783505156,0.7187500000000001,0.450592885375494
0.0,0.891304347826086,0.7530864197530889,0.389003436426117,0.5955882352941178,0.683794466403162
0.0,0.8586956521739069,0.7037037037037024,0.6075601374570447,0.41727941176470584,0.24901185770750986
0.5,0.30434782608695343,0.3950617283950635,0.2542955326460481,0.6139705882352943,0.683794466403162
0.0,0.28260869565216495,0.23456790123456983,0.5250859106529209,0.4816176470588236,0.13833992094861658
0.5,0.6413043478260789,0.5802469135802468,0.29415807560137464,0.5294117647058825,0.4624505928853755
0.5,0.6630434782608603,0.6790123456790127,0.5127147766323024,0.43198529411764697,0.11067193675889328
0.0,0.7934782608695627,0.7407407407407405,0.5140893470790378,0.3915441176470589,0.541501976284585
0.0,0.7934782608695627,0.654320987654323,1.0,0.14522058823529396,0.541501976284585
0.5,0.6086956521739069,0.654320987654323,0.5333333333333332,0.4779411764705882,0.5019762845849802
0.5,0.9130434782608674,0.8518518518518547,0.3587628865979382,0.5606617647058824,0.7470355731225296
0.5,0.20652173913043015,0.2716049382716008,0.7958762886597941,0.29779411764705876,0.7430830039525691
0.5,0.8369565217391255,0.8024691358024683,0.12233676975945018,1.0,0.48221343873517786
0.0,0.4891304347826093,0.49382716049382935,0.361512027491409,0.5055147058823529,0.3992094861660079
0.5,0.6086956521739069,0.6049382716049436,0.7436426116838488,0.30147058823529405,0.6245059288537549
1.0,0.9130434782608674,0.8888888888888857,0.4013745704467353,0.6801470588235294,0.007905138339920948
0.0,0.2391304347826022,0.3950617283950635,0.37800687285223367,0.5643382352941178,0.0
0.0,0.5434782608695627,0.7530864197530889,0.4673539518900345,0.5569852941176472,0.225296442687747
0.5,0.21739130434782084,0.3209876543209944,0.6721649484536085,0.33639705882352944,0.03162055335968379
0.0,0.2391304347826022,0.3209876543209944,0.5168384879725085,0.5147058823529411,0.14624505928853754
0.0,0.21739130434782084,0.3333333333333357,0.3999999999999999,0.48897058823529416,0.23320158102766797
0.0,0.4130434782608674,0.5308641975308674,0.3106529209621993,0.6213235294117648,0.1067193675889328
1.0,0.4782608695652115,0.48148148148148806,0.529209621993127,0.5183823529411765,0.7075098814229248
0.0,0.6413043478260789,0.6296296296296333,0.7463917525773196,0.2959558823529411,0.15019762845849802
0.0,0.11956521739129755,0.19753086419753174,0.4384879725085913,0.4540441176470589,0.32806324110671936
0.0,0.6413043478260789,0.6790123456790127,0.536082474226804,0.3915441176470589,0.8063241106719367
0.0,0.8260869565217348,0.827160493827158,0.5402061855670106,0.40441176470588225,0.592885375494071
0.0,0.4130434782608674,0.3827160493827222,0.3587628865979382,0.6856617647058825,0.3320158102766798
0.0,0.5652173913043441,0.7283950617283992,0.38350515463917545,0.599264705882353,0.8063241106719367
0.5,0.7499999999999929,0.6419753086419746,0.18419243986254297,0.7463235294117648,0.2292490118577075
0.0,0.7065217391304301,0.6419753086419746,0.38625429553264623,0.43566176470588236,0.13043478260869565
0.0,0.9673913043478208,0.9506172839506135,0.39725085910652913,0.6727941176470589,0.3794466403162055
0.5,0.4782608695652115,0.5925925925925952,0.5855670103092785,0.4154411764705882,0.5296442687747035
0.5,0.6847826086956488,0.6049382716049436,0.529209621993127,0.47977941176470584,0.0
0.0,0.4782608695652115,0.45679012345679126,0.6625429553264608,0.3125,0.3675889328063241
0.5,0.3478260869565162,0.45679012345679126,0.48659793814432994,0.636029411764706,0.07905138339920947
0.5,0.6956521739130395,0.6419753086419746,0.36701030927835054,0.6470588235294119,0.2608695652173913
0.0,0.7826086956521721,0.5925925925925952,0.4659793814432991,0.4908088235294118,0.5810276679841897
0.5,0.4782608695652115,0.48148148148148806,0.511340206185567,0.3970588235294117,0.35968379446640314
1.0,0.35869565217391397,0.49382716049382935,0.4054982817869415,0.48345588235294124,0.2608695652173913
0.0,0.4891304347826093,0.49382716049382935,0.6268041237113402,0.3933823529411765,0.3794466403162055
0.0,0.4021739130434767,0.5802469135802468,0.27903780068728534,0.7536764705882354,0.901185770750988
0.5,0.9347826086956488,0.9382716049382722,0.4659793814432991,0.39522058823529405,0.6363636363636364
0.5,0.9021739130434767,0.8148148148148167,0.7285223367697595,0.3400735294117647,0.3952569169960474
0.5,0.6739130434782581,0.6666666666666714,0.4659793814432991,0.47426470588235303,0.5889328063241106
0.0,0.21739130434782084,0.3580246913580325,0.26116838487972527,0.6397058823529412,0.43478260869565216
0.0,0.5326086956521721,0.7283950617283992,0.8233676975945019,0.24999999999999986,0.07905138339920947
0.0,0.2608695652173836,0.3827160493827222,1.0,0.21507352941176458,0.7351778656126482
0.0,0.22826086956521152,0.4197530864197603,0.29140893470790385,0.5202205882352942,0.6007905138339921
0.0,0.36956521739129755,0.5308641975308674,0.5319587628865978,0.36397058823529416,0.7786561264822134
0.0,0.38043478260869534,0.5432098765432158,0.43024054982817894,0.636029411764706,0.7391304347826086
0.0,0.7608695652173907,0.7160493827160508,0.8604810996563574,0.244485294117647,0.02766798418972332
0.5,0.38043478260869534,0.3703703703703738,0.4536082474226806,0.4908088235294118,0.3517786561264822
0.0,0.4239130434782581,0.5679012345679055,0.3738831615120275,0.6286764705882354,0.08300395256916995
0.0,0.8152173913043441,0.8148148148148167,0.8192439862542957,0.31433823529411753,0.6403162055335968
0.0,0.38043478260869534,0.45679012345679126,0.3010309278350516,0.7591911764705884,0.6758893280632411
0.5,0.3913043478260789,0.5679012345679055,0.5264604810996563,0.41176470588235303,0.1976284584980237
0.0,0.7717391304347743,0.7530864197530889,0.65979381443299,0.3161764705882353,0.48221343873517786
0.0,0.8695652173913047,0.7407407407407405,0.5099656357388316,0.4724264705882353,0.8735177865612648
0.0,0.46739130434782794,0.5432098765432158,1.0,0.13970588235294099,0.23715415019762845
0.0,0.6086956521739069,0.6296296296296333,0.7711340206185566,0.31985294117647056,0.20948616600790512
0.0,0.6956521739130395,0.6419753086419746,0.604810996563574,0.3713235294117647,0.6324110671936758
0.0,0.35869565217391397,0.48148148148148806,0.5429553264604814,0.40808823529411764,0.08300395256916995
0.0,0.30434782608695343,0.22222222222222143,0.4467353951890036,0.568014705882353,0.6047430830039525
0.5,0.3913043478260789,0.3580246913580325,0.479725085910653,0.4963235294117647,0.450592885375494
0.0,0.21739130434782084,0.2716049382716008,0.8646048109965636,0.21874999999999986,0.2964426877470355
0.0,0.28260869565216495,0.49382716049382935,1.0,0.0735294117647057,0.1067193675889328
0.0,0.5760869565217348,0.49382716049382935,0.6171821305841925,0.375,0.7312252964426877
0.5,0.6195652173912976,0.7283950617283992,0.6061855670103093,0.42279411764705876,0.616600790513834
0.5,0.5543478260869534,0.5802469135802468,0.5168384879725085,0.43198529411764697,0.08300395256916995
0.5,0.3478260869565162,0.3703703703703738,0.6790378006872855,0.2849264705882353,0.05928853754940711
0.0,0.5543478260869534,0.49382716049382935,0.7202749140893472,0.2683823529411764,0.45454545454545453
0.0,0.7934782608695627,0.7654320987654302,0.6391752577319587,0.33272058823529405,0.3517786561264822
0.0,0.22826086956521152,0.3580246913580325,0.21443298969072178,0.8511029411764708,0.46640316205533594
0.0,0.7499999999999929,0.7160493827160508,0.5154639175257731,0.4724264705882353,0.14624505928853754
0.5,0.891304347826086,0.8024691358024683,0.8934707903780068,0.19852941176470576,0.43083003952569165
0.5,0.5978260869565162,0.7654320987654302,0.622680412371134,0.2849264705882353,0.83399209486166
0.0,0.6630434782608603,0.6049382716049436,0.38075601374570445,0.5716911764705883,0.8300395256916996
0.0,0.8152173913043441,0.827160493827158,0.5800687285223369,0.3970588235294117,0.25296442687747034
0.0,0.19565217391303946,0.3580246913580325,0.3766323024054983,0.4466911764705883,0.23320158102766797
0.0,0.4021739130434767,0.5679012345679055,0.9621993127147768,0.20588235294117638,0.8735177865612648
0.0,0.9347826086956488,0.9135802469135825,0.35326460481099664,0.6709558823529412,0.7865612648221343
0.0,0.8260869565217348,0.8518518518518547,0.21993127147766334,0.8658088235294119,0.09486166007905138
0.0,0.6304347826086953,0.7037037037037024,0.49896907216494846,0.4761029411764707,0.21739130434782608
0.0,0.9021739130434767,0.864197530864196,0.6446735395189003,0.36948529411764697,0.07509881422924901
0.0,0.5434782608695627,0.48148148148148806,0.5938144329896908,0.4007352941176471,0.6996047430830039
0.5,0.5326086956521721,0.5679012345679055,0.38487972508591084,0.5018382352941178,0.826086956521739
0.0,0.46739130434782794,0.5555555555555571,0.7903780068728525,0.22058823529411756,0.3913043478260869
0.0,0.9673913043478208,1.0,0.32027491408934705,0.755514705882353,0.5612648221343873
0.5,0.2391304347826022,0.3333333333333357,0.7106529209621995,0.28125,0.05928853754940711
0.0,0.5978260869565162,0.5432098765432158,0.32577319587628883,0.8897058823529413,0.7470355731225296
0.0,0.3913043478260789,0.5308641975308674,0.7216494845360826,0.2941176470588235,0.22134387351778656
0.0,0.3913043478260789,0.5555555555555571,0.7395189003436426,0.2720588235294117,0.40711462450592883
0.0,0.3478260869565162,0.3703703703703738,0.5594501718213061,0.3878676470588235,0.5059288537549407
0.0,0.6195652173912976,0.5679012345679055,0.6171821305841925,0.39889705882352944,0.4980237154150197
0.0,0.6521739130434767,0.5679012345679055,0.4013745704467353,0.5275735294117647,0.7786561264822134
0.0,0.2391304347826022,0.3827160493827222,0.1938144329896907,0.818014705882353,0.0
0.0,0.6195652173912976,0.7283950617283992,0.2529209621993127,0.9319852941176472,0.5652173913043478
0.5,0.7499999999999929,0.6419753086419746,0.4398625429553267,0.5772058823529412,0.225296442687747
0.0,0.7391304347826093,0.6419753086419746,0.6735395189003439,0.3216911764705882,0.7351778656126482
0.0,0.38043478260869534,0.5308641975308674,0.5072164948453608,0.49816176470588236,0.7509881422924901
0.0,0.5217391304347814,0.7160493827160508,0.22817869415807568,0.7573529411764707,0.10276679841897232
0.5,0.5217391304347814,0.48148148148148806,0.45773195876288675,0.4632352941176471,0.6205533596837944
1.0,0.5652173913043441,0.45679012345679126,0.6515463917525772,0.43014705882352944,0.40711462450592883
0.5,0.05434782608695343,0.07407407407407618,0.0920962199312716,1.0,0.3517786561264822
0.0,0.7826086956521721,0.7160493827160508,0.597938144329897,0.36029411764705876,0.7667984189723319
0.0,0.0,0.0,0.4219931271477666,0.7022058823529412,0.7391304347826086
0.0,0.6956521739130395,0.6790123456790127,0.3436426116838489,0.4632352941176471,0.6561264822134387
0.5,0.2391304347826022,0.45679012345679126,0.9113402061855673,0.25367647058823517,0.4150197628458498
0.5,0.3478260869565162,0.3209876543209944,0.3738831615120275,0.5661764705882354,0.01976284584980237
0.0,0.6630434782608603,0.6296296296296333,0.16082474226804133,0.9154411764705885,0.7233201581027667
0.5,0.7499999999999929,0.7283950617283992,0.2996563573883162,0.693014705882353,0.2727272727272727
0.0,0.5760869565217348,0.7407407407407405,0.4948453608247423,0.5716911764705883,0.7312252964426877
1.0,0.2608695652173836,0.44444444444444997,0.31890034364261166,0.6636029411764707,0.5810276679841897
0.0,0.043478260869562746,0.04938271604938649,0.329896907216495,0.6452205882352942,0.4624505928853755
0.5,0.06521739130434412,0.11111111111111427,0.5003436426116838,0.47426470588235303,0.4110671936758893
0.0,0.20652173913043015,0.2962962962963047,0.747766323024055,0.33272058823529405,0.8063241106719367
0.0,0.44565217391303946,0.5925925925925952,0.4756013745704468,0.4283088235294118,0.6679841897233201
0.0,0.6304347826086953,0.6790123456790127,0.8329896907216496,0.3088235294117647,0.7351778656126482
0.0,0.3152173913043441,0.3950617283950635,0.1512027491408936,0.7573529411764707,0.07114624505928853
0.0,0.6739130434782581,0.6296296296296333,0.29415807560137464,0.7279411764705883,0.6521739130434783
0.5,0.4239130434782581,0.6049382716049436,0.37800687285223367,0.7003676470588236,0.3359683794466403
0.0,0.17391304347825098,0.2962962962963047,0.5319587628865978,0.3841911764705883,0.9051383399209486
0.0,0.8586956521739069,0.6913580246913611,0.30927835051546393,0.7371323529411765,0.04743083003952569
0.0,0.8695652173913047,0.7037037037037024,0.6350515463917525,0.3621323529411764,0.007905138339920948
1.0,0.21739130434782084,0.3703703703703738,0.42611683848797277,0.6397058823529412,0.38735177865612647
0.0,0.1630434782608674,0.2839506172839492,0.6969072164948455,0.31066176470588225,0.1818181818181818
0.0,0.35869565217391397,0.48148148148148806,0.2996563573883162,0.6580882352941178,0.09881422924901186
0.0,0.7934782608695627,0.790123456790127,0.6872852233676978,0.29227941176470584,0.7114624505928854
0.5,0.5217391304347814,0.4320987654321016,0.39725085910652913,0.5790441176470589,0.38735177865612647
0.0,0.8478260869565233,0.6790123456790127,0.7024054982817871,0.40441176470588225,0.09881422924901186
0.0,0.21739130434782084,0.3703703703703738,0.5759450171821308,0.42279411764705876,0.5849802371541502
0.0,0.9239130434782581,0.9135802469135825,0.3986254295532645,0.5404411764705883,0.09881422924901186
0.5,0.6739130434782581,0.6049382716049436,1.0,0.02573529411764683,0.4980237154150197
0.0,0.7717391304347743,0.7530864197530889,0.34089347079037813,0.6121323529411765,0.7984189723320158
0.0,0.7934782608695627,0.790123456790127,0.1649484536082475,1.0,0.0
0.5,0.9130434782608674,0.7777777777777786,0.32164948453608244,0.6580882352941178,0.30039525691699603
0.5,0.5978260869565162,0.49382716049382935,0.43161512027491433,0.4816176470588236,0.6758893280632411
0.0,0.5217391304347814,0.48148148148148806,0.6611683848797254,0.38235294117647056,0.6640316205533596
0.0,0.2608695652173836,0.3456790123456841,0.3917525773195878,0.6011029411764707,0.33992094861660077
0.5,0.7173913043478208,0.6419753086419746,0.4329896907216497,0.44485294117647056,0.13833992094861658
0.5,0.5869565217391255,0.48148148148148806,0.5058419243986254,0.44852941176470595,0.07509881422924901
0.0,0.44565217391303946,0.3703703703703738,0.4618556701030929,0.4595588235294117,0.4426877470355731
0.5,0.9891304347826022,0.9753086419753103,0.47010309278350526,0.47977941176470584,0.7865612648221343
0.5,0.35869565217391397,0.518518518518519,0.6872852233676978,0.3584558823529411,0.023715415019762844
0.0,0.2391304347826022,0.3580246913580325,0.29140893470790385,0.7481617647058825,0.758893280632411
0.0,0.6195652173912976,0.6666666666666714,0.09347079037800698,0.9485294117647063,0.6996047430830039
1.0,0.6847826086956488,0.6049382716049436,0.897594501718213,0.24632352941176458,0.6758893280632411
0.0,0.8369565217391255,0.6790123456790127,0.39587628865979374,0.573529411764706,0.5612648221343873
0.0,0.5760869565217348,0.6049382716049436,1.0,0.1691176470588234,0.09486166007905138
0.0,0.3478260869565162,0.3950617283950635,0.7656357388316151,0.35110294117647056,0.8102766798418972
0.5,0.5978260869565162,0.827160493827158,0.40824742268041225,0.568014705882353,0.5494071146245059
0.0,0.5869565217391255,0.6172839506172849,0.5127147766323024,0.5238970588235294,0.32411067193675885
1.0,0.44565217391303946,0.4074074074074119,0.33951890034364274,0.7150735294117648,0.24505928853754938
0.5,0.5869565217391255,0.6913580246913611,0.541580756013746,0.4466911764705883,0.2292490118577075
0.5,0.4021739130434767,0.5679012345679055,0.38350515463917545,0.49816176470588236,0.308300395256917
0.0,0.6847826086956488,0.6419753086419746,0.2982817869415808,0.7058823529411766,0.5217391304347826
0.0,0.3369565217391255,0.3209876543209944,0.3903780068728524,0.6562500000000001,0.2885375494071146
0.0,0.2717391304347814,0.3333333333333357,0.7505154639175258,0.375,0.6996047430830039
0.0,0.25,0.3580246913580325,0.44398625429553285,0.4650735294117647,0.6007905138339921
0.0,0.20652173913043015,0.3456790123456841,0.38350515463917545,0.6452205882352942,0.7430830039525691
0.5,0.6521739130434767,0.5802469135802468,0.45773195876288675,0.4963235294117647,0.7391304347826086
0.0,0.2391304347826022,0.3827160493827222,0.26391752577319605,0.6966911764705884,0.7509881422924901
0.0,0.5760869565217348,0.5308641975308674,0.6419243986254295,0.3345588235294117,0.4229249011857707
1.0,0.5760869565217348,0.5061728395061778,0.5127147766323024,0.43014705882352944,0.6561264822134387
0.5,0.7717391304347743,0.654320987654323,0.44261168384879745,0.4466911764705883,0.6640316205533596
0.5,0.6086956521739069,0.7777777777777786,0.32164948453608244,0.6966911764705884,0.7312252964426877
0.0,0.3152173913043441,0.3580246913580325,0.36426116838487976,0.4908088235294118,0.02766798418972332
0.5,0.4891304347826093,0.5061728395061778,0.3560137457044674,0.5955882352941178,0.41897233201581024
0.0,0.6086956521739069,0.6172839506172849,0.46872852233676987,0.4540441176470589,0.04743083003952569
0.5,0.35869565217391397,0.44444444444444997,0.47010309278350526,0.5147058823529411,0.6996047430830039
0.0,0.5869565217391255,0.5555555555555571,0.4467353951890036,0.4246323529411764,0.03952569169960474
0.0,0.9130434782608674,0.8395061728395063,0.6501718213058418,0.42647058823529416,0.49407114624505927
0.0,0.7391304347826093,0.6049382716049436,0.2982817869415808,0.7500000000000001,0.01976284584980237
0.5,0.6086956521739069,0.7037037037037024,0.36563573883161515,0.599264705882353,0.46640316205533594
0.0,0.8043478260869534,0.790123456790127,0.5154639175257731,0.4540441176470589,0.13043478260869565
0.0,0.6739130434782581,0.6049382716049436,0.4907216494845361,0.5349264705882353,0.8063241106719367
0.5,0.5543478260869534,0.5555555555555571,0.29140893470790385,0.6341911764705883,0.01976284584980237
0.0,0.5978260869565162,0.6296296296296333,0.7876288659793818,0.2628676470588235,0.1541501976284585
0.5,0.7065217391304301,0.6296296296296333,0.4673539518900345,0.4779411764705882,0.3794466403162055
0.0,0.9347826086956488,0.9135802469135825,0.3738831615120275,0.5202205882352942,0.04743083003952569
0.5,0.9456521739130395,0.9012345679012341,0.3931271477663232,0.625,0.11857707509881422
0.0,0.5869565217391255,0.654320987654323,0.32302405498281805,0.6525735294117647,0.27667984189723316
0.5,0.5869565217391255,0.654320987654323,0.33676975945017196,0.5790441176470589,0.2845849802371541
0.0,0.5326086956521721,0.5061728395061778,0.3601374570446736,0.7757352941176472,0.40316205533596833
0.0,0.6739130434782581,0.6172839506172849,0.5883161512027493,0.4154411764705882,0.592885375494071
0.5,0.7608695652173907,0.6296296296296333,0.816494845360825,0.27573529411764697,0.5019762845849802
0.0,0.5434782608695627,0.6666666666666714,0.6020618556701032,0.33272058823529405,0.616600790513834
0.0,0.6413043478260789,0.5802469135802468,0.4783505154639176,0.5808823529411765,0.20948616600790512
0.0,0.28260869565216495,0.2962962962963047,0.49896907216494846,0.5147058823529411,0.007905138339920948
0.5,0.35869565217391397,0.45679012345679126,0.4013745704467353,0.5698529411764706,0.5454545454545454
0.0,0.5652173913043441,0.48148148148148806,0.2721649484536084,0.6875000000000001,0.8656126482213438
0.0,0.18478260869564878,0.24691358024691112,0.20206185567010326,0.8694852941176472,0.5059288537549407
0.0,0.891304347826086,0.7777777777777786,0.36838487972508593,0.5937500000000001,0.12648221343873517
0.0,0.5760869565217348,0.5308641975308674,0.4632302405498283,0.4246323529411764,0.37549407114624506
0.0,0.2391304347826022,0.44444444444444997,0.7752577319587628,0.31433823529411753,0.12648221343873517
0.0,0.5869565217391255,0.654320987654323,0.33676975945017196,0.7205882352941178,0.35968379446640314
0.0,0.17391304347825098,0.2716049382716008,0.26254295532646066,0.8033088235294119,0.43478260869565216
0.0,0.5869565217391255,0.6790123456790127,0.31752577319587627,0.6452205882352942,0.3162055335968379
0.0,0.4021739130434767,0.3333333333333357,0.5539518900343645,0.47426470588235303,0.01976284584980237
0.5,0.7391304347826093,0.7037037037037024,0.41099656357388303,0.5625,0.13043478260869565
0.5,0.5869565217391255,0.7160493827160508,0.3752577319587629,0.511029411764706,0.13043478260869565
0.5,0.7934782608695627,0.654320987654323,0.22130584192439873,0.6580882352941178,0.4387351778656126
0.5,0.21739130434782084,0.3580246913580325,0.41649484536082504,0.6966911764705884,0.6205533596837944
0.5,0.5434782608695627,0.44444444444444997,0.30652920962199315,0.8290441176470589,0.8063241106719367
0.0,0.7934782608695627,0.7160493827160508,0.3560137457044674,0.47977941176470584,0.8418972332015809
0.5,0.4130434782608674,0.5308641975308674,0.566323024054983,0.42647058823529416,0.7707509881422925
0.0,0.4021739130434767,0.5555555555555571,0.5594501718213061,0.4595588235294117,0.1660079051383399
1.0,0.8043478260869534,0.6666666666666714,0.3436426116838489,0.5625,0.5138339920948616
0.0,0.8478260869565233,0.6913580246913611,0.4206185567010312,0.40441176470588225,0.849802371541502
0.5,0.5869565217391255,0.654320987654323,0.2886597938144331,0.7132352941176472,0.5138339920948616
0.0,0.9565217391304373,0.9506172839506135,0.2831615120274915,0.8051470588235297,0.45454545454545453
0.5,0.38043478260869534,0.4074074074074119,0.6776632302405501,0.30698529411764697,0.6403162055335968
0.0,0.5978260869565162,0.7037037037037024,0.211683848797251,1.0,0.07114624505928853
0.5,0.25,0.3950617283950635,0.36426116838487976,0.5588235294117648,0.8142292490118577
0.0,0.4021739130434767,0.3580246913580325,0.6776632302405501,0.3566176470588236,0.41897233201581024
0.5,0.5543478260869534,0.7283950617283992,0.32027491408934705,0.6819852941176472,0.31225296442687744
0.5,0.3152173913043441,0.45679012345679126,0.329896907216495,0.6194852941176472,0.30039525691699603
0.5,0.4999999999999929,0.48148148148148806,0.2694158075601376,0.5808823529411765,0.07905138339920947
0.0,0.4782608695652115,0.4074074074074119,0.6006872852233678,0.3713235294117647,0.5968379446640316
0.5,0.4782608695652115,0.48148148148148806,0.5030927835051546,0.48345588235294124,0.6956521739130435
1.0,0.6086956521739069,0.7777777777777786,1.0,0.09191176470588222,0.683794466403162
0.0,0.8478260869565233,0.6666666666666714,0.9429553264604813,0.1801470588235293,0.07509881422924901
0.0,0.5760869565217348,0.5061728395061778,0.7147766323024056,0.2904411764705882,0.533596837944664
0.5,0.3913043478260789,0.3703703703703738,0.8302405498281789,0.2867647058823528,0.6996047430830039
0.0,0.6413043478260789,0.7407407407407405,0.36426116838487976,0.6709558823529412,0.8142292490118577
0.5,0.4021739130434767,0.5555555555555571,0.6281786941580756,0.3492647058823529,0.3517786561264822
0.0,0.7391304347826093,0.6296296296296333,0.8494845360824743,0.23713235294117632,0.18577075098814227
0.5,0.4782608695652115,0.4197530864197603,0.9388316151202751,0.21874999999999986,0.7470355731225296
0.0,0.3913043478260789,0.3209876543209944,0.6762886597938147,0.3970588235294117,0.035573122529644265
1.0,0.3913043478260789,0.518518518518519,0.2859106529209623,0.7022058823529412,0.12648221343873517
0.0,0.3478260869565162,0.3827160493827222,0.5786941580756015,0.3272058823529411,0.043478260869565216
0.0,0.7391304347826093,0.5925925925925952,0.5374570446735398,0.42647058823529416,0.49011857707509876
0.0,0.36956521739129755,0.5432098765432158,0.8494845360824743,0.2738970588235293,0.450592885375494
1.0,0.8804347826086882,0.7407407407407405,1.0,0.11397058823529396,0.20948616600790512
0.0,0.3152173913043441,0.3827160493827222,0.6158075601374571,0.3841911764705883,0.06324110671936758
0.0,0.6847826086956488,0.6790123456790127,0.4907216494845361,0.568014705882353,0.35968379446640314
0.0,0.7499999999999929,0.7407407407407405,0.22268041237113412,0.7683823529411766,0.608695652173913
0.5,0.3260869565217348,0.3703703703703738,0.6859106529209624,0.2904411764705882,0.07114624505928853
0.0,0.8804347826086882,0.8148148148148167,0.42749140893470816,0.5514705882352942,0.3636363636363636
0.0,0.4021739130434767,0.45679012345679126,0.8109965635738834,0.23713235294117632,0.26877470355731226
0.0,0.5652173913043441,0.6790123456790127,0.14020618556701048,1.0,0.8221343873517786
0.0,0.3478260869565162,0.4197530864197603,0.4206185567010312,0.5238970588235294,0.7470355731225296
0.5,0.7065217391304301,0.6913580246913611,0.6268041237113402,0.34558823529411764,0.5731225296442687
1.0,0.5978260869565162,0.7037037037037024,0.3917525773195878,0.5845588235294119,0.15019762845849802
0.0,0.5869565217391255,0.46913580246913966,0.5828178694158077,0.29779411764705876,0.06719367588932806
0.0,0.5869565217391255,0.48148148148148806,0.45635738831615136,0.5753676470588236,0.48221343873517786
0.0,0.8043478260869534,0.5925925925925952,0.38213058419243984,0.5165441176470589,0.83399209486166
0.5,0.6521739130434767,0.6666666666666714,0.44536082474226824,0.5220588235294119,0.8814229249011857
0.0,0.3369565217391255,0.4320987654321016,0.6639175257731962,0.28860294117647056,0.5573122529644269
1.0,0.5760869565217348,0.6666666666666714,0.3903780068728524,0.5036764705882354,0.11067193675889328
0.0,0.9782608695652186,0.9753086419753103,0.3312714776632304,0.7941176470588236,0.07509881422924901
0.0,0.5326086956521721,0.49382716049382935,0.6707903780068731,0.39522058823529405,0.4743083003952569
0.5,0.4999999999999929,0.7037037037037024,0.42886597938144355,0.5900735294117647,0.4268774703557312
0.5,0.4999999999999929,0.518518518518519,0.647422680412371,0.5386029411764707,0.6284584980237153
0.0,0.6521739130434767,0.5679012345679055,0.629553264604811,0.3400735294117647,0.7114624505928854
0.0,0.891304347826086,0.827160493827158,0.30515463917525776,0.6341911764705883,0.6482213438735177
0.0,0.5760869565217348,0.5802469135802468,0.38213058419243984,0.6783088235294119,0.6126482213438734
0.5,0.35869565217391397,0.5555555555555571,0.6872852233676978,0.34375,0.02766798418972332
0.5,0.36956521739129755,0.49382716049382935,0.9621993127147768,0.20220588235294104,0.46640316205533594
1.0,0.5217391304347814,0.7160493827160508,0.34914089347079047,0.6139705882352943,0.5296442687747035
0.0,0.35869565217391397,0.48148148148148806,0.44398625429553285,0.4430147058823529,0.758893280632411
0.5,0.5543478260869534,0.45679012345679126,0.9718213058419245,0.20404411764705868,0.6126482213438734
0.5,0.05434782608695343,0.09876543209876587,0.4756013745704468,0.45772058823529416,0.23715415019762845
1.0,0.9130434782608674,0.8765432098765444,0.4398625429553267,0.5514705882352942,0.2134387351778656
0.0,0.4021739130434767,0.3703703703703738,0.38625429553264623,0.47977941176470584,0.07114624505928853
0.0,0.3913043478260789,0.5308641975308674,1.0,0.08455882352941155,0.5968379446640316
0.5,0.38043478260869534,0.49382716049382935,0.4247422680412374,0.6562500000000001,0.5454545454545454
0.0,0.6521739130434767,0.654320987654323,0.24742268041237114,0.5827205882352942,0.308300395256917
0.0,0.9021739130434767,0.8765432098765444,0.7450171821305842,0.2647058823529411,0.05533596837944664
0.0,0.5217391304347814,0.49382716049382935,0.6501718213058418,0.32352941176470584,0.16205533596837943
0.0,0.7499999999999929,0.7037037037037024,0.3147766323024055,0.7389705882352943,0.06719367588932806
0.0,0.4021739130434767,0.5432098765432158,0.49896907216494846,0.42647058823529416,0.225296442687747
0.0,0.45652173913043015,0.4197530864197603,0.45910652920962214,0.5845588235294119,0.05138339920948616
0.0,0.9130434782608674,0.8888888888888857,0.4027491408934707,0.6856617647058825,0.12252964426877469
0.0,0.5543478260869534,0.49382716049382935,0.41099656357388303,0.4430147058823529,0.5177865612648221
0.0,0.25,0.46913580246913966,0.5580756013745707,0.33272058823529405,0.5968379446640316
0.0,0.4130434782608674,0.5432098765432158,0.9979381443298969,0.20955882352941166,0.08695652173913043
0.0,0.5760869565217348,0.5555555555555571,0.44123711340206206,0.6433823529411765,0.08300395256916995
0.0,0.3152173913043441,0.3333333333333357,0.3903780068728524,0.5643382352941178,0.6245059288537549
0.5,0.8369565217391255,0.8395061728395063,0.4893470790378007,0.5386029411764707,0.30039525691699603
0.5,0.25,0.3703703703703738,0.3450171821305843,0.5312500000000001,0.3201581027667984
0.0,0.22826086956521152,0.3703703703703738,0.36426116838487976,0.5625,0.458498023715415
0.0,0.3260869565217348,0.2839506172839492,0.2680412371134022,0.6856617647058825,0.3794466403162055
0.0,0.6956521739130395,0.5061728395061778,0.3161512027491409,0.6102941176470589,0.43083003952569165
0.5,0.5652173913043441,0.44444444444444997,0.9800687285223368,0.23345588235294104,0.38735177865612647
0.0,0.5978260869565162,0.7654320987654302,0.4371134020618559,0.5937500000000001,0.11857707509881422
0.0,0.7608695652173907,0.7283950617283992,0.1938144329896907,0.8235294117647061,0.3043478260869565
0.5,0.891304347826086,0.827160493827158,0.6020618556701032,0.3474264705882353,0.08695652173913043
0.0,0.5869565217391255,0.5555555555555571,0.8783505154639175,0.20955882352941166,0.3043478260869565
0.5,0.8586956521739069,0.7037037037037024,1.0,0.11397058823529396,0.01976284584980237
0.0,0.8043478260869534,0.5925925925925952,0.7656357388316151,0.29779411764705876,0.826086956521739
0.5,0.21739130434782084,0.3456790123456841,0.6281786941580756,0.3676470588235293,0.3636363636363636
0.5,0.7826086956521721,0.5802469135802468,0.6006872852233678,0.42647058823529416,0.2727272727272727
0.0,0.6086956521739069,0.6296296296296333,0.44261168384879745,0.4650735294117647,0.49407114624505927
0.0,0.19565217391303946,0.2592592592592595,0.7051546391752579,0.2720588235294117,0.7154150197628458
0.0,0.3260869565217348,0.4074074074074119,0.41649484536082504,0.6525735294117647,0.35968379446640314
0.5,0.38043478260869534,0.49382716049382935,0.30790378006872854,0.6599264705882354,0.525691699604743
0.5,0.25,0.48148148148148806,0.49759450171821307,0.4503676470588235,0.03952569169960474
0.5,0.6195652173912976,0.6419753086419746,0.5305841924398624,0.3658088235294118,0.23320158102766797
0.0,0.03260869565217206,0.03703703703703809,1.0,0.1672794117647057,0.01976284584980237
0.0,0.7608695652173907,0.7037037037037024,0.50446735395189,0.5330882352941176,0.3043478260869565
0.5,0.2391304347826022,0.308641975308646,0.6268041237113402,0.33272058823529405,0.7351778656126482
0.5,0.25,0.49382716049382935,0.5127147766323024,0.3841911764705883,0.6521739130434783
0.5,0.5108695652173907,0.5432098765432158,0.20068728522336787,0.7481617647058825,0.7865612648221343
0.0,0.4782608695652115,0.6049382716049436,0.6158075601374571,0.4099264705882353,0.5612648221343873
0.0,0.7173913043478208,0.6296296296296333,0.6625429553264608,0.3125,0.37154150197628455
0.0,0.4239130434782581,0.5555555555555571,0.3986254295532645,0.6286764705882354,0.7233201581027667
0.5,0.3152173913043441,0.2839506172839492,0.3340206185567012,0.6323529411764707,0.6640316205533596
0.5,0.5326086956521721,0.7160493827160508,0.5209621993127147,0.5165441176470589,0.2608695652173913
0.0,0.2608695652173836,0.3703703703703738,0.7147766323024056,0.2647058823529411,0.49407114624505927
0.0,0.5543478260869534,0.518518518518519,0.7051546391752579,0.2904411764705882,0.8142292490118577
0.0,0.7608695652173907,0.6666666666666714,0.5786941580756015,0.31433823529411753,0.5573122529644269
0.5,0.5326086956521721,0.5432098765432158,0.6199312714776632,0.3400735294117647,0.15019762845849802
0.0,0.4347826086956488,0.3580246913580325,0.6006872852233678,0.44485294117647056,0.308300395256917
0.5,0.7065217391304301,0.6172839506172849,0.29553264604811,0.604779411764706,0.17391304347826086
0.0,0.8478260869565233,0.827160493827158,0.32439862542955344,0.8952205882352944,0.5019762845849802
0.0,0.5652173913043441,0.7530864197530889,0.5883161512027493,0.40441176470588225,0.3438735177865612
0.0,0.4891304347826093,0.6790123456790127,0.5017182130584192,0.4246323529411764,0.541501976284585
0.5,0.6739130434782581,0.6049382716049436,0.44536082474226824,0.5551470588235294,0.3952569169960474
0.5,0.4239130434782581,0.3209876543209944,0.8068728522336772,0.24999999999999986,0.07509881422924901
0.0,0.44565217391303946,0.3950617283950635,0.5250859106529209,0.3841911764705883,0.6877470355731224
0.0,0.44565217391303946,0.4320987654321016,0.36426116838487976,0.5386029411764707,0.08695652173913043
0.0,0.5434782608695627,0.7037037037037024,0.5168384879725085,0.5294117647058825,0.38339920948616596
0.5,0.2391304347826022,0.308641975308646,0.7491408934707904,0.3566176470588236,0.06719367588932806
0.0,0.4239130434782581,0.5925925925925952,0.3986254295532645,0.5753676470588236,0.35968379446640314
0.0,0.25,0.46913580246913966,0.5512027491408937,0.43014705882352944,0.24901185770750986
0.5,0.11956521739129755,0.19753086419753174,1.0,0.11580882352941166,0.3162055335968379
0.0,0.7826086956521721,0.5802469135802468,0.4384879725085913,0.536764705882353,0.6007905138339921
0.5,0.30434782608695343,0.3456790123456841,0.28041237113402073,0.704044117647059,0.458498023715415
0.0,0.9130434782608674,0.827160493827158,0.32439862542955344,0.6213235294117648,0.4703557312252964
0.5,0.38043478260869534,0.5432098765432158,0.7573883161512027,0.2941176470588235,0.8142292490118577
1.0,0.4130434782608674,0.3209876543209944,0.389003436426117,0.5514705882352942,0.08300395256916995
0.0,0.29347826086956275,0.3950617283950635,0.45635738831615136,0.43933823529411775,0.4110671936758893
1.0,0.6739130434782581,0.6049382716049436,0.47285223367697604,0.4816176470588236,0.5652173913043478
0.0,0.7826086956521721,0.7654320987654302,0.43024054982817894,0.5533088235294118,0.20553359683794464
0.0,0.5978260869565162,0.790123456790127,0.47285223367697604,0.4466911764705883,0.6679841897233201
0.0,0.20652173913043015,0.3580246913580325,0.30790378006872854,0.5275735294117647,0.4268774703557312
0.0,0.28260869565216495,0.5061728395061778,0.4027491408934707,0.693014705882353,0.15019762845849802
0.0,0.7282608695652115,0.6172839506172849,0.3917525773195878,0.5496323529411765,0.3636363636363636
0.0,0.5760869565217348,0.45679012345679126,0.6680412371134024,0.3676470588235293,0.225296442687747
0.0,0.3260869565217348,0.2962962962963047,0.5745704467353954,0.41727941176470584,0.0
0.5,0.5543478260869534,0.49382716049382935,0.40962199312714764,0.4963235294117647,0.7272727272727272
0.0,0.5978260869565162,0.7777777777777786,0.34089347079037813,0.6194852941176472,0.02766798418972332
0.5,0.5978260869565162,0.6172839506172849,0.9869415807560138,0.15257352941176458,0.17391304347826086
0.5,0.5760869565217348,0.5925925925925952,1.0,0.0955882352941175,0.06324110671936758
0.5,0.6521739130434767,0.6049382716049436,0.2886597938144331,0.6727941176470589,0.683794466403162
0.0,0.6304347826086953,0.6172839506172849,0.22817869415807568,0.6507352941176472,0.41897233201581024
0.5,0.5217391304347814,0.6913580246913611,0.4494845360824744,0.5183823529411765,0.7628458498023715
0.0,0.7826086956521721,0.5679012345679055,0.21718213058419256,0.8400735294117649,0.21739130434782608
0.0,0.7282608695652115,0.6790123456790127,0.14020618556701048,0.9650735294117649,0.7193675889328063
0.5,0.29347826086956275,0.23456790123456983,0.4673539518900345,0.5330882352941176,0.3517786561264822
0.5,0.25,0.17283950617284205,0.41649484536082504,0.5900735294117647,0.05533596837944664
0.5,0.7499999999999929,0.6419753086419746,0.40824742268041225,0.5643382352941178,0.5533596837944663
0.0,0.6086956521739069,0.5802469135802468,0.3560137457044674,0.6286764705882354,0.2569169960474308
0.0,0.7282608695652115,0.6172839506172849,0.24742268041237114,0.8327205882352944,0.32806324110671936
0.0,0.6195652173912976,0.7407407407407405,0.5209621993127147,0.39889705882352944,0.6007905138339921
0.0,0.5978260869565162,0.7407407407407405,0.33814432989690735,0.6654411764705883,0.03952569169960474
1.0,0.7173913043478208,0.654320987654323,0.3601374570446736,0.6801470588235294,0.6877470355731224
0.5,0.5978260869565162,0.48148148148148806,0.5195876288659793,0.5422794117647058,0.7351778656126482
0.0,0.6630434782608603,0.6172839506172849,0.35326460481099664,0.5937500000000001,0.02766798418972332
0.5,0.7608695652173907,0.654320987654323,0.3477663230240551,0.5238970588235294,0.7193675889328063
0.5,0.7608695652173907,0.7407407407407405,0.35051546391752586,0.5845588235294119,0.3675889328063241
0.0,0.4891304347826093,0.5679012345679055,0.7134020618556702,0.32352941176470584,0.13043478260869565
0.5,0.6195652173912976,0.6913580246913611,0.3931271477663232,0.5275735294117647,0.225296442687747
0.5,0.30434782608695343,0.2839506172839492,0.7120274914089348,0.3033088235294117,0.13833992094861658
0.0,0.891304347826086,0.7654320987654302,0.4769759450171822,0.4852941176470589,0.09486166007905138
0.0,0.13043478260868824,0.22222222222222143,0.37800687285223367,0.5330882352941176,0.3438735177865612
0.0,0.8804347826086882,0.7654320987654302,0.49896907216494846,0.46139705882352944,0.8023715415019762
0.5,0.4999999999999929,0.46913580246913966,0.5690721649484538,0.46691176470588247,0.6324110671936758
0.5,0.5978260869565162,0.5679012345679055,0.448109965635739,0.5404411764705883,0.13833992094861658
0.5,0.5652173913043441,0.7407407407407405,1.0,0.08088235294117627,0.7747035573122529
0.0,0.6956521739130395,0.6913580246913611,0.24742268041237114,0.7022058823529412,0.3438735177865612
0.5,0.21739130434782084,0.3703703703703738,0.5140893470790378,0.44485294117647056,0.7272727272727272
0.0,0.30434782608695343,0.2716049382716008,0.35326460481099664,0.8345588235294119,0.225296442687747
0.0,0.21739130434782084,0.3456790123456841,0.4948453608247423,0.5827205882352942,0.5533596837944663
0.5,0.5217391304347814,0.7283950617283992,0.36426116838487976,0.7095588235294118,0.30039525691699603
0.0,0.4130434782608674,0.5925925925925952,0.7807560137457044,0.2591911764705881,0.2924901185770751
1.0,0.5326086956521721,0.7037037037037024,0.20756013745704482,0.7683823529411766,0.05928853754940711
0.5,0.4782608695652115,0.4197530864197603,0.2529209621993127,0.6121323529411765,0.40316205533596833
0.5,0.6086956521739069,0.7654320987654302,0.1951890034364261,0.7959558823529413,0.13833992094861658
0.0,0.22826086956521152,0.3703703703703738,1.0,0.0,0.46640316205533594
1.0,0.5326086956521721,0.5061728395061778,0.2831615120274915,0.641544117647059,0.03162055335968379
0.0,0.7717391304347743,0.7777777777777786,0.39725085910652913,0.6011029411764707,0.8142292490118577
0.5,0.6956521739130395,0.6666666666666714,0.5635738831615122,0.5091911764705883,0.6877470355731224
0.5,0.20652173913043015,0.3456790123456841,0.2694158075601376,0.786764705882353,0.6442687747035573
0.0,0.9021739130434767,0.7407407407407405,0.44398625429553285,0.4963235294117647,0.3636363636363636
0.5,0.5543478260869534,0.654320987654323,0.36426116838487976,0.6121323529411765,0.7865612648221343
0.0,0.5978260869565162,0.6419753086419746,0.7752577319587628,0.23713235294117632,0.43083003952569165
0.0,0.9130434782608674,0.8518518518518547,0.7340206185567011,0.2996323529411764,0.5573122529644269
0.5,0.20652173913043015,0.3456790123456841,0.5993127147766324,0.40625,0.7905138339920948
0.0,0.3369565217391255,0.44444444444444997,0.8769759450171821,0.2720588235294117,0.25296442687747034
0.0,0.5108695652173907,0.44444444444444997,0.3147766323024055,0.7058823529411766,0.683794466403162
0.0,0.9456521739130395,0.9259259259259238,0.34089347079037813,0.6102941176470589,0.5059288537549407
0.0,0.7282608695652115,0.6172839506172849,0.7285223367697595,0.28125,0.1541501976284585
0.0,0.5652173913043441,0.7037037037037024,0.6515463917525772,0.2628676470588235,0.14624505928853754
1.0,0.28260869565216495,0.2839506172839492,0.8687285223367698,0.22058823529411756,0.17391304347826086
0.5,0.46739130434782794,0.4320987654321016,0.30927835051546393,0.641544117647059,0.11067193675889328
0.0,0.891304347826086,0.7530864197530889,1.0,0.19669117647058812,0.6284584980237153
0.0,0.8804347826086882,0.8765432098765444,0.47422680412371143,0.42279411764705876,0.3636363636363636
0.0,0.6086956521739069,0.6913580246913611,0.38625429553264623,0.5036764705882354,0.6640316205533596
1.0,0.7826086956521721,0.7777777777777786,0.5649484536082476,0.42095588235294124,0.6600790513833992
0.0,0.38043478260869534,0.5308641975308674,0.6927835051546394,0.32352941176470584,0.592885375494071
0.0,0.2391304347826022,0.3333333333333357,0.2969072164948454,0.7941176470588236,0.2885375494071146
0.0,0.3260869565217348,0.4320987654321016,0.541580756013746,0.4558823529411765,0.541501976284585
0.5,0.7608695652173907,0.7530864197530889,0.5374570446735398,0.3970588235294117,0.7549407114624506
0.0,0.9565217391304373,0.9259259259259238,0.9017182130584191,0.23897058823529402,0.7351778656126482
0.5,0.2391304347826022,0.3456790123456841,0.38350515463917545,0.5294117647058825,0.46640316205533594
0.0,0.38043478260869534,0.5308641975308674,0.6089347079037801,0.36029411764705876,0.7233201581027667
0.0,0.9456521739130395,0.9135802469135825,0.65979381443299,0.42095588235294124,0.4703557312252964
0.0,0.5108695652173907,0.49382716049382935,0.5305841924398624,0.3529411764705882,0.4624505928853755
0.0,0.7391304347826093,0.6172839506172849,0.44398625429553285,0.5514705882352942,0.38735177865612647
0.0,0.45652173913043015,0.3703703703703738,1.0,0.0036764705882350868,0.7075098814229248
0.5,0.2391304347826022,0.45679012345679126,0.30652920962199315,0.8345588235294119,0.13438735177865613
0.0,0.25,0.3209876543209944,0.6254295532646048,0.4430147058823529,0.24110671936758893
0.0,0.3369565217391255,0.2839506172839492,0.6006872852233678,0.36029411764705876,0.608695652173913
0.0,0.8043478260869534,0.790123456790127,0.5951890034364262,0.41176470588235303,0.12252964426877469
0.0,0.35869565217391397,0.45679012345679126,1.0,0.049632352941176267,0.17391304347826086
0.0,0.5434782608695627,0.7160493827160508,0.32302405498281805,0.8694852941176472,0.2292490118577075
0.5,0.4782608695652115,0.48148148148148806,0.19931271477663226,0.8676470588235297,0.7351778656126482
0.5,0.9130434782608674,0.8518518518518547,0.691408934707904,0.3253676470588235,0.6442687747035573
0.5,0.5326086956521721,0.5679012345679055,0.7367697594501719,0.30147058823529405,0.1660079051383399
0.0,0.5978260869565162,0.7530864197530889,0.3560137457044674,0.5606617647058824,0.7114624505928854
0.0,0.36956521739129755,0.48148148148148806,0.3766323024054983,0.786764705882353,0.7667984189723319
0.0,0.5217391304347814,0.6913580246913611,0.42749140893470816,0.4908088235294118,0.525691699604743
0.0,0.3260869565217348,0.3950617283950635,0.9539518900343644,0.26102941176470573,0.6798418972332015
0.0,0.5978260869565162,0.7037037037037024,0.5058419243986254,0.5165441176470589,0.08695652173913043
1.0,0.3478260869565162,0.4197530864197603,1.0,0.11397058823529396,0.7272727272727272
1.0,0.17391304347825098,0.2592592592592595,0.24329896907216497,0.7665441176470589,0.6798418972332015
0.5,0.5326086956521721,0.5679012345679055,0.7367697594501719,0.3051470588235293,0.8735177865612648
0.0,0.7391304347826093,0.7037037037037024,0.5237113402061855,0.5845588235294119,0.12252964426877469
0.5,0.30434782608695343,0.2592592592592595,0.2969072164948454,0.568014705882353,0.7905138339920948
0.0,0.891304347826086,0.9012345679012341,0.43161512027491433,0.4724264705882353,0.32411067193675885
0.0,0.3152173913043441,0.2592592592592595,0.3725085910652921,0.5294117647058825,0.24505928853754938
0.5,0.3913043478260789,0.5061728395061778,0.2542955326460481,0.7518382352941179,0.28063241106719367
0.0,0.4130434782608674,0.2962962962963047,0.42749140893470816,0.5128676470588236,0.03952569169960474
0.0,0.22826086956521152,0.2962962962963047,0.36701030927835054,0.604779411764706,0.43478260869565216
0.0,0.6413043478260789,0.654320987654323,0.548453608247423,0.4099264705882353,0.25296442687747034
1.0,0.7065217391304301,0.6666666666666714,0.4054982817869415,0.6856617647058825,0.5889328063241106
0.0,0.4347826086956488,0.4074074074074119,0.8494845360824743,0.19669117647058812,0.3952569169960474
0.0,0.20652173913043015,0.3580246913580325,0.33676975945017196,0.6801470588235294,0.04743083003952569
0.0,0.30434782608695343,0.3209876543209944,0.4494845360824744,0.4761029411764707,0.7430830039525691
0.0,0.9021739130434767,0.827160493827158,1.0,0.0735294117647057,0.0
0.5,0.6304347826086953,0.6913580246913611,1.0,0.18198529411764694,0.15019762845849802
0.0,0.4239130434782581,0.3333333333333357,0.6213058419243986,0.3915441176470589,0.3517786561264822
0.0,0.5978260869565162,0.8148148148148167,0.9484536082474229,0.24816176470588228,0.5691699604743082
0.0,0.22826086956521152,0.3703703703703738,0.32164948453608244,0.5036764705882354,0.450592885375494
0.5,0.6956521739130395,0.5432098765432158,0.361512027491409,0.573529411764706,0.24110671936758893
0.0,0.3152173913043441,0.2592592592592595,0.57319587628866,0.4007352941176471,0.308300395256917
0.5,0.9239130434782581,0.8518518518518547,0.3271477663230242,0.630514705882353,0.6403162055335968
0.0,0.03260869565217206,0.06172839506172778,0.9003436426116838,0.23897058823529402,0.11462450592885375
0.0,0.9673913043478208,0.9259259259259238,0.40687285223367686,0.5900735294117647,0.14624505928853754
0.5,0.7717391304347743,0.7530864197530889,0.654295532646048,0.44852941176470595,0.7707509881422925
0.5,0.03260869565217206,0.04938271604938649,0.6886597938144332,0.29779411764705876,0.6363636363636364
0.0,0.20652173913043015,0.3209876543209944,0.6707903780068731,0.3216911764705882,0.49011857707509876
0.5,0.29347826086956275,0.308641975308646,0.2817869415807561,0.7058823529411766,0.849802371541502
0.0,0.30434782608695343,0.4074074074074119,0.5347079037800686,0.42647058823529416,0.22134387351778656
0.5,0.35869565217391397,0.46913580246913966,0.5470790378006876,0.4650735294117647,0.3517786561264822
0.5,0.7608695652173907,0.6790123456790127,0.9264604810996566,0.20404411764705868,0.4387351778656126
0.0,0.7391304347826093,0.7037037037037024,0.4810996563573884,0.4522058823529411,0.40316205533596833
0.5,0.5326086956521721,0.7037037037037024,0.3560137457044674,0.4944852941176472,0.7747035573122529
0.0,0.6630434782608603,0.5802469135802468,0.5374570446735398,0.48897058823529416,0.7865612648221343
1.0,0.6739130434782581,0.5925925925925952,0.5759450171821308,0.38602941176470584,0.225296442687747
0.0,0.5869565217391255,0.6049382716049436,0.3285223367697596,0.5091911764705883,0.3438735177865612
0.0,0.5108695652173907,0.7037037037037024,0.4329896907216497,0.6029411764705883,0.7391304347826086
1.0,0.3152173913043441,0.3827160493827222,0.9195876288659797,0.2867647058823528,0.13438735177865613
0.0,0.5760869565217348,0.7407407407407405,0.38487972508591084,0.667279411764706,0.8142292490118577
0.0,0.28260869565216495,0.4197530864197603,0.39725085910652913,0.5808823529411765,0.11067193675889328
1.0,0.46739130434782794,0.6419753086419746,0.7024054982817871,0.33823529411764697,0.4743083003952569
0.0,0.6304347826086953,0.5925925925925952,0.3573883161512028,0.5753676470588236,0.40711462450592883
0.5,0.28260869565216495,0.4197530864197603,0.536082474226804,0.4852941176470589,0.23320158102766797
0.5,0.29347826086956275,0.518518518518519,0.5457044673539522,0.3878676470588235,0.15810276679841895
0.0,0.6413043478260789,0.6049382716049436,0.6900343642611686,0.3161764705882353,0.15810276679841895
0.5,0.10869565217390686,0.18518518518518334,0.16219931271477672,0.704044117647059,0.6996047430830039
0.5,0.14130434782608603,0.20987654320987303,0.8549828178694159,0.23897058823529402,0.2845849802371541
1.0,0.5978260869565162,0.6049382716049436,0.40824742268041225,0.5753676470588236,0.5375494071146245
0.5,0.2717391304347814,0.19753086419753174,0.20206185567010326,0.7573529411764707,0.7114624505928854
0.0,0.6956521739130395,0.6049382716049436,0.6268041237113402,0.39889705882352944,0.8537549407114624
0.5,0.6195652173912976,0.6172839506172849,0.39450171821305835,0.6121323529411765,0.40711462450592883
0.0,0.4021739130434767,0.5432098765432158,0.6817869415807563,0.31066176470588225,0.3517786561264822
0.0,0.22826086956521152,0.3580246913580325,0.4893470790378007,0.5569852941176472,0.2885375494071146
0.0,0.7065217391304301,0.6296296296296333,0.4632302405498283,0.5220588235294119,0.13043478260869565
1.0,0.21739130434782084,0.3333333333333357,0.49896907216494846,0.4191176470588236,0.06324110671936758
0.5,0.4891304347826093,0.49382716049382935,0.7381443298969073,0.28860294117647056,0.40711462450592883
0.5,0.6630434782608603,0.6296296296296333,0.8439862542955328,0.25183823529411753,0.023715415019762844
0.5,0.3913043478260789,0.5555555555555571,0.597938144329897,0.4283088235294118,0.4980237154150197
0.5,0.35869565217391397,0.48148148148148806,0.4907216494845361,0.5441176470588236,0.007905138339920948
0.5,0.2391304347826022,0.3209876543209944,0.3999999999999999,0.5955882352941178,0.13438735177865613
0.0,0.3260869565217348,0.3456790123456841,0.3917525773195878,0.5533088235294118,0.3517786561264822
0.5,0.6630434782608603,0.6666666666666714,0.8109965635738834,0.2316176470588234,0.34782608695652173
0.5,0.3152173913043441,0.2592592592592595,0.5924398625429554,0.33823529411764697,0.683794466403162
0.0,0.8695652173913047,0.7283950617283992,0.23230240549828185,0.8088235294117647,0.7391304347826086
0.5,0.6956521739130395,0.6172839506172849,0.952577319587629,0.16544117647058812,0.3320158102766798
0.0,0.22826086956521152,0.4074074074074119,0.9140893470790381,0.1801470588235293,0.6363636363636364
0.0,0.7826086956521721,0.6419753086419746,0.6268041237113402,0.3970588235294117,0.5770750988142292
0.5,0.2391304347826022,0.3580246913580325,0.9264604810996566,0.26102941176470573,0.525691699604743
0.0,0.5217391304347814,0.5802469135802468,0.5305841924398624,0.48897058823529416,0.45454545454545453
0.5,0.29347826086956275,0.2839506172839492,0.5319587628865978,0.44485294117647056,0.4387351778656126
1.0,0.18478260869564878,0.2716049382716008,0.38487972508591084,0.6029411764705883,0.6798418972332015
0.0,0.3913043478260789,0.4197530864197603,1.0,0.0,0.5652173913043478
0.5,0.5326086956521721,0.5555555555555571,0.3711340206185567,0.7113970588235295,0.02766798418972332
1.0,0.3260869565217348,0.45679012345679126,0.6364261168384879,0.3125,0.0
0.0,0.5760869565217348,0.5061728395061778,0.39450171821305835,0.6470588235294119,0.49407114624505927
0.0,0.46739130434782794,0.4197530864197603,0.423367697594502,0.5974264705882353,0.6561264822134387
0.0,0.5652173913043441,0.7654320987654302,0.7450171821305842,0.2867647058823528,0.6245059288537549
0.0,0.5326086956521721,0.7407407407407405,0.38487972508591084,0.7610294117647061,0.683794466403162
1.0,0.4021739130434767,0.308641975308646,0.6790378006872855,0.32352941176470584,0.21739130434782608
0.5,0.5760869565217348,0.45679012345679126,0.5127147766323024,0.41176470588235303,0.4150197628458498
0.0,0.7499999999999929,0.6913580246913611,0.5305841924398624,0.5036764705882354,0.46640316205533594
0.0,0.5869565217391255,0.7530864197530889,0.37800687285223367,0.568014705882353,0.8577075098814229
0.0,0.3913043478260789,0.5802469135802468,0.9113402061855673,0.2316176470588234,0.3201581027667984
0.0,0.3478260869565162,0.2839506172839492,0.29003436426116846,0.6764705882352943,0.6007905138339921
0.0,0.7282608695652115,0.49382716049382935,0.33814432989690735,0.43198529411764697,0.826086956521739
0.0,0.2717391304347814,0.49382716049382935,0.3106529209621993,0.5533088235294118,0.8142292490118577
0.5,0.21739130434782084,0.2962962962963047,0.27628865979381456,0.7205882352941178,0.8458498023715414
0.5,0.6195652173912976,0.5802469135802468,0.859106529209622,0.22426470588235284,0.5612648221343873
0.0,0.7934782608695627,0.654320987654323,0.6213058419243986,0.43014705882352944,0.5494071146245059
0.5,0.5760869565217348,0.45679012345679126,0.5676975945017184,0.42095588235294124,0.4624505928853755
0.0,0.3478260869565162,0.45679012345679126,0.5223367697594501,0.45772058823529416,0.16996047430830039
0.5,0.45652173913043015,0.44444444444444997,1.0,0.20588235294117638,0.5968379446640316
0.5,0.4239130434782581,0.6296296296296333,0.45910652920962214,0.4963235294117647,0.6996047430830039
0.0,0.18478260869564878,0.2592592592592595,0.33814432989690735,0.6378676470588236,0.6640316205533596
0.5,0.6847826086956488,0.518518518518519,0.7945017182130587,0.33639705882352944,0.32806324110671936
0.5,0.8695652173913047,0.7160493827160508,0.2817869415807561,0.6341911764705883,0.23715415019762845
0.0,0.4347826086956488,0.3456790123456841,0.33676975945017196,0.4724264705882353,0.225296442687747
0.0,0.3260869565217348,0.49382716049382935,0.4343642611683851,0.5790441176470589,0.683794466403162
0.0,0.7608695652173907,0.7407407407407405,0.3917525773195878,0.5220588235294119,0.5810276679841897
1.0,0.44565217391303946,0.4320987654321016,0.47422680412371143,0.4283088235294118,0.8379446640316205
0.0,0.2391304347826022,0.3827160493827222,0.45910652920962214,0.6084558823529412,0.592885375494071
0.5,0.19565217391303946,0.3333333333333357,0.3477663230240551,0.536764705882353,0.6521739130434783
0.5,0.5326086956521721,0.5432098765432158,0.4357388316151205,0.5091911764705883,0.7430830039525691
0.0,0.891304347826086,0.8395061728395063,0.29140893470790385,0.6121323529411765,0.6561264822134387
0.0,0.7826086956521721,0.5802469135802468,0.4384879725085913,0.5036764705882354,0.18972332015810275
1.0,0.4130434782608674,0.308641975308646,0.3876288659793816,0.6121323529411765,0.4426877470355731
0.5,0.5978260869565162,0.48148148148148806,0.32439862542955344,0.4761029411764707,0.17391304347826086
1.0,0.35869565217391397,0.46913580246913966,0.2845360824742269,0.5183823529411765,0.1541501976284585
1.0,0.6521739130434767,0.5308641975308674,0.5003436426116838,0.43198529411764697,0.007905138339920948
0.5,0.1630434782608674,0.2592592592592595,0.5264604810996563,0.47977941176470584,0.4426877470355731
1.0,0.6304347826086953,0.6049382716049436,0.302405498281787,0.8400735294117649,0.26877470355731226
0.0,0.9130434782608674,0.8765432098765444,0.38487972508591084,0.5827205882352942,0.21739130434782608
1.0,0.9673913043478208,0.9012345679012341,0.3766323024054983,0.5165441176470589,0.0909090909090909
0.0,0.22826086956521152,0.3580246913580325,0.448109965635739,0.5477941176470589,0.6363636363636364
0.0,0.29347826086956275,0.24691358024691112,0.3285223367697596,0.5716911764705883,0.8102766798418972
1.0,0.7608695652173907,0.5432098765432158,0.29553264604811,0.5533088235294118,0.09486166007905138
1.0,0.9673913043478208,0.9382716049382722,0.6281786941580756,0.4503676470588235,0.1067193675889328
0.5,0.4347826086956488,0.6296296296296333,0.48797250859106533,0.5165441176470589,0.5573122529644269
0.0,0.4130434782608674,0.3209876543209944,0.5951890034364262,0.34191176470588225,0.47826086956521735
0.5,0.4999999999999929,0.4320987654321016,0.5223367697594501,0.42095588235294124,0.38339920948616596
1.0,0.8695652173913047,0.8518518518518547,0.9058419243986258,0.20955882352941166,0.5217391304347826
0.5,0.4130434782608674,0.5432098765432158,0.33539518900343657,0.5808823529411765,0.09486166007905138
0.0,0.7608695652173907,0.5555555555555571,0.5223367697594501,0.41360294117647056,0.6719367588932806
0.0,0.3369565217391255,0.44444444444444997,0.49896907216494846,0.4522058823529411,0.06324110671936758
0.0,0.9565217391304373,0.9382716049382722,0.3903780068728524,0.5716911764705883,0.7193675889328063
0.5,0.6413043478260789,0.6419753086419746,0.4013745704467353,0.6231617647058825,0.6561264822134387
0.5,0.46739130434782794,0.3950617283950635,0.5498281786941583,0.41360294117647056,0.3043478260869565
0.0,0.8695652173913047,0.8518518518518547,0.4054982817869415,0.573529411764706,0.5533596837944663
0.0,0.44565217391303946,0.3703703703703738,0.3999999999999999,0.6397058823529412,0.3794466403162055
0.5,0.7934782608695627,0.7283950617283992,1.0,0.11764705882352924,0.6877470355731224
0.5,0.46739130434782794,0.44444444444444997,0.5621993127147769,0.4963235294117647,0.18972332015810275
0.5,0.5652173913043441,0.7654320987654302,0.6900343642611686,0.24816176470588228,0.3517786561264822
0.0,0.9130434782608674,0.8148148148148167,0.47147766323024065,0.47977941176470584,0.4624505928853755
0.0,0.3260869565217348,0.4074074074074119,0.4824742268041238,0.5,0.3794466403162055
0.5,0.5978260869565162,0.6049382716049436,0.4632302405498283,0.43014705882352944,0.0
0.0,0.4130434782608674,0.3209876543209944,0.9951890034364261,0.22794117647058812,0.13438735177865613
0.5,0.8804347826086882,0.7530864197530889,0.20343642611683865,0.7003676470588236,0.2727272727272727
0.0,0.3152173913043441,0.3209876543209944,0.5786941580756015,0.375,0.37154150197628455
0.0,0.3913043478260789,0.44444444444444997,0.6831615120274916,0.3621323529411764,0.3675889328063241
0.0,0.29347826086956275,0.2592592592592595,0.548453608247423,0.4338235294117647,0.43083003952569165
0.5,0.4239130434782581,0.308641975308646,0.6955326460481102,0.28308823529411753,0.05533596837944664
0.0,0.7608695652173907,0.654320987654323,0.4948453608247423,0.5569852941176472,0.11857707509881422
0.0,0.5326086956521721,0.7037037037037024,0.3903780068728524,0.6433823529411765,0.13438735177865613
0.5,0.9239130434782581,0.864197530864196,0.45635738831615136,0.5312500000000001,0.49407114624505927
0.0,0.7065217391304301,0.6419753086419746,0.6061855670103093,0.3474264705882353,0.7984189723320158
0.5,0.9782608695652186,0.9629629629629619,0.34089347079037813,0.6488970588235295,0.6600790513833992
0.5,0.6413043478260789,0.5679012345679055,0.29003436426116846,0.5588235294117648,0.22134387351778656
0.0,0.17391304347825098,0.2716049382716008,0.2735395189003438,0.630514705882353,0.8063241106719367
0.5,0.30434782608695343,0.3703703703703738,0.20206185567010326,0.8088235294117647,0.23320158102766797
0.5,0.5760869565217348,0.46913580246913966,0.5250859106529209,0.5036764705882354,0.3794466403162055
0.0,0.38043478260869534,0.5061728395061778,0.4054982817869415,0.5,0.3557312252964427
0.5,0.22826086956521152,0.3950617283950635,0.21305841924398639,0.818014705882353,0.6442687747035573
0.0,0.6521739130434767,0.6296296296296333,0.6323024054982818,0.3566176470588236,0.16996047430830039
0.0,0.6304347826086953,0.6296296296296333,0.604810996563574,0.36948529411764697,0.4703557312252964
0.0,0.2391304347826022,0.45679012345679126,0.37800687285223367,0.599264705882353,0.27667984189723316
1.0,0.3478260869565162,0.4320987654321016,0.5498281786941583,0.511029411764706,0.1541501976284585
0.0,0.7934782608695627,0.7407407407407405,0.11821305841924401,0.7591911764705884,0.07509881422924901
0.5,0.4999999999999929,0.46913580246913966,1.0,0.09742647058823514,0.24505928853754938
1.0,0.6956521739130395,0.5925925925925952,0.302405498281787,0.693014705882353,0.6956521739130435
0.0,0.4891304347826093,0.45679012345679126,0.6350515463917525,0.36029411764705876,0.20948616600790512
0.0,0.5652173913043441,0.7160493827160508,0.6639175257731962,0.4430147058823529,0.2569169960474308
0.0,0.5869565217391255,0.6172839506172849,0.34089347079037813,0.5073529411764706,0.8458498023715414
1.0,0.3369565217391255,0.3950617283950635,0.8439862542955328,0.20404411764705868,0.09486166007905138
0.0,0.25,0.3209876543209944,0.6171821305841925,0.3474264705882353,0.1541501976284585
0.0,0.22826086956521152,0.3209876543209944,0.7367697594501719,0.26654411764705876,0.2569169960474308
0.0,0.5652173913043441,0.6049382716049436,0.511340206185567,0.6231617647058825,0.8142292490118577
0.0,0.7717391304347743,0.654320987654323,0.22130584192439873,0.7683823529411766,0.6956521739130435
1.0,0.25,0.3703703703703738,0.6749140893470793,0.35477941176470584,0.19367588932806323
1.0,0.29347826086956275,0.45679012345679126,0.44261168384879745,0.5091911764705883,0.20948616600790512
0.5,0.9130434782608674,0.864197530864196,0.4137457044673538,0.6562500000000001,0.5810276679841897
0.0,0.7608695652173907,0.6419753086419746,0.33539518900343657,0.6636029411764707,0.11067193675889328
0.0,0.3152173913043441,0.2592592592592595,0.6309278350515464,0.34375,0.25296442687747034
0.5,0.30434782608695343,0.45679012345679126,0.26666666666666683,0.6397058823529412,0.27667984189723316
0.0,0.8043478260869534,0.827160493827158,0.37938144329896906,0.6599264705882354,0.035573122529644265
0.0,0.4239130434782581,0.5802469135802468,0.6089347079037801,0.4338235294117647,0.12648221343873517
0.5,0.5543478260869534,0.5432098765432158,0.39725085910652913,0.4099264705882353,0.7628458498023715
0.0,0.891304347826086,0.8148148148148167,0.7051546391752579,0.3125,0.09881422924901186
1.0,0.5978260869565162,0.5679012345679055,0.39725085910652913,0.625,0.7193675889328063
0.0,0.9347826086956488,0.8518518518518547,0.6515463917525772,0.3584558823529411,0.5019762845849802
0.0,0.46739130434782794,0.45679012345679126,0.2240549828178695,0.6176470588235294,0.06324110671936758
0.0,0.5543478260869534,0.7160493827160508,0.5883161512027493,0.3621323529411764,0.608695652173913
0.0,0.3913043478260789,0.3456790123456841,0.41099656357388303,0.5863970588235295,0.5375494071146245
0.0,0.4347826086956488,0.3703703703703738,0.5058419243986254,0.47977941176470584,0.37154150197628455
1.0,0.21739130434782084,0.3456790123456841,0.36701030927835054,0.7757352941176472,0.4110671936758893
0.0,0.7934782608695627,0.7530864197530889,0.3560137457044674,0.6856617647058825,0.08300395256916995
0.0,0.4021739130434767,0.5555555555555571,0.448109965635739,0.511029411764706,0.26482213438735175
0.0,0.8804347826086882,0.7283950617283992,0.747766323024055,0.3180147058823529,0.7193675889328063
1.0,0.21739130434782084,0.3827160493827222,0.5443298969072168,0.4632352941176471,0.7549407114624506
1.0,0.30434782608695343,0.23456790123456983,0.4508591065292098,0.5753676470588236,0.4110671936758893
1.0,0.7173913043478208,0.5061728395061778,0.7642611683848797,0.27022058823529405,0.4980237154150197
0.0,0.7608695652173907,0.654320987654323,0.5814432989690723,0.3658088235294118,0.6758893280632411
0.0,0.29347826086956275,0.3456790123456841,0.3120274914089347,0.6139705882352943,0.48221343873517786
1.0,0.3260869565217348,0.2839506172839492,0.529209621993127,0.5183823529411765,0.20553359683794464
0.0,0.5760869565217348,0.5555555555555571,0.2378006872852234,0.7316176470588237,0.08300395256916995
0.0,0.5760869565217348,0.7407407407407405,0.4398625429553267,0.641544117647059,0.08695652173913043
0.0,0.6086956521739069,0.790123456790127,0.7463917525773196,0.2941176470588235,0.2924901185770751
0.0,0.3152173913043441,0.308641975308646,1.0,0.1580882352941175,0.16205533596837943
0.5,0.9130434782608674,0.864197530864196,0.3134020618556701,0.6341911764705883,0.6245059288537549
0.0,0.45652173913043015,0.44444444444444997,1.0,0.11948529411764694,0.6996047430830039
0.0,0.5543478260869534,0.7530864197530889,0.20893470790378021,0.8290441176470589,0.6640316205533596
1.0,0.1521739130434696,0.2716049382716008,0.35189003436426125,0.7536764705882354,0.525691699604743
0.0,0.7499999999999929,0.7283950617283992,0.6735395189003439,0.34191176470588225,0.3517786561264822
0.0,0.8152173913043441,0.6419753086419746,0.7422680412371134,0.3125,0.1660079051383399
0.5,0.3913043478260789,0.3456790123456841,0.5319587628865978,0.4558823529411765,0.5612648221343873
1.0,0.1630434782608674,0.22222222222222143,0.7243986254295534,0.3161764705882353,0.13043478260869565
0.5,0.8043478260869534,0.8024691358024683,0.2501718213058419,0.8419117647058825,0.007905138339920948
0.5,0.29347826086956275,0.2962962962963047,0.32302405498281805,0.5882352941176471,0.5849802371541502
0.0,0.2391304347826022,0.3333333333333357,0.7958762886597941,0.3345588235294117,0.17786561264822134
0.0,0.6086956521739069,0.654320987654323,0.20343642611683865,0.8033088235294119,0.4743083003952569
0.0,0.6521739130434767,0.5802469135802468,0.4659793814432991,0.48345588235294124,0.7667984189723319
0.0,0.06521739130434412,0.11111111111111427,0.33814432989690735,0.6875000000000001,0.20158102766798416
1.0,0.5652173913043441,0.6419753086419746,0.38350515463917545,0.6194852941176472,0.541501976284585
0.0,0.3369565217391255,0.3580246913580325,0.4247422680412374,0.573529411764706,0.49011857707509876
0.0,0.6956521739130395,0.5925925925925952,0.31752577319587627,0.7426470588235295,0.6877470355731224
0.5,0.7391304347826093,0.6296296296296333,0.3312714776632304,0.5238970588235294,0.1541501976284585
1.0,0.21739130434782084,0.3580246913580325,0.7147766323024056,0.3051470588235293,0.6561264822134387
0.0,0.4891304347826093,0.45679012345679126,0.6061855670103093,0.3621323529411764,0.1067193675889328
0.5,0.6521739130434767,0.5432098765432158,0.4907216494845361,0.4595588235294117,0.7865612648221343
0.0,0.5434782608695627,0.5308641975308674,0.5388316151202752,0.5147058823529411,0.7193675889328063
0.0,0.5543478260869534,0.46913580246913966,0.38350515463917545,0.4871323529411764,0.43478260869565216
0.5,0.010869565217383581,0.012345679012348398,0.4920962199312715,0.46691176470588247,0.7154150197628458
0.0,0.35869565217391397,0.5061728395061778,0.4522336769759452,0.5294117647058825,0.46640316205533594
0.0,0.6195652173912976,0.5802469135802468,1.0,0.06985294117647042,0.691699604743083
0.0,0.9565217391304373,0.9135802469135825,1.0,0.14705882352941166,0.23320158102766797
0.5,0.5108695652173907,0.4197530864197603,0.4206185567010312,0.5955882352941178,0.6007905138339921
0.0,0.4130434782608674,0.3209876543209944,0.18831615120274914,0.8933823529411766,0.06719367588932806
0.0,0.5978260869565162,0.6790123456790127,0.2859106529209623,0.6488970588235295,0.6798418972332015
0.5,0.4021739130434767,0.49382716049382935,0.3436426116838489,0.5863970588235295,0.826086956521739
0.0,0.5869565217391255,0.7654320987654302,0.4041237113402061,0.4944852941176472,0.7154150197628458
0.5,0.21739130434782084,0.3703703703703738,0.6694158075601377,0.3915441176470589,0.08300395256916995
0.5,0.29347826086956275,0.3703703703703738,0.2872852233676977,0.6562500000000001,0.7154150197628458
0.0,0.7173913043478208,0.6049382716049436,0.6075601374570447,0.3786764705882353,0.3438735177865612
0.5,0.3369565217391255,0.4197530864197603,0.41099656357388303,0.49264705882352944,0.308300395256917
0.5,0.8369565217391255,0.8395061728395063,0.5965635738831616,0.3841911764705883,0.533596837944664
0.0,0.4239130434782581,0.5802469135802468,0.29003436426116846,0.625,0.1541501976284585
0.5,0.29347826086956275,0.3580246913580325,0.3917525773195878,0.5753676470588236,0.6521739130434783
1.0,0.7608695652173907,0.7407407407407405,0.38625429553264623,0.5827205882352942,0.6007905138339921
0.5,0.4891304347826093,0.6666666666666714,0.8178694158075603,0.23345588235294104,0.6758893280632411
1.0,0.18478260869564878,0.2962962962963047,1.0,0.009191176470588036,0.38735177865612647
1.0,0.6521739130434767,0.6049382716049436,0.6006872852233678,0.3621323529411764,0.23320158102766797
0.0,0.6956521739130395,0.6172839506172849,1.0,0.14889705882352924,0.01976284584980237
0.0,0.5434782608695627,0.5802469135802468,0.7890034364261171,0.24080882352941166,0.02766798418972332
0.0,0.4347826086956488,0.4320987654321016,0.40824742268041225,0.5275735294117647,0.5019762845849802
0.0,0.7826086956521721,0.7160493827160508,1.0,0.11029411764705868,0.7509881422924901
0.5,0.7717391304347743,0.5802469135802468,0.5745704467353954,0.39522058823529405,0.5889328063241106
0.0,0.4021739130434767,0.3456790123456841,0.5993127147766324,0.4025735294117647,0.6284584980237153
0.5,0.44565217391303946,0.6172839506172849,0.44536082474226824,0.604779411764706,0.8656126482213438
0.0,0.7065217391304301,0.6296296296296333,0.7807560137457044,0.25183823529411753,0.22134387351778656
0.0,0.9565217391304373,0.9382716049382722,0.3999999999999999,0.6893382352941178,0.1541501976284585
0.5,0.2391304347826022,0.3950617283950635,0.36838487972508593,0.5882352941176471,0.007905138339920948
0.0,0.4347826086956488,0.3580246913580325,0.36426116838487976,0.45772058823529416,0.1660079051383399
0.0,0.7282608695652115,0.5925925925925952,0.8810996563573883,0.2628676470588235,0.691699604743083
0.0,0.5978260869565162,0.6666666666666714,0.46872852233676987,0.3786764705882353,0.6798418972332015
0.0,0.9456521739130395,0.8888888888888857,0.19931271477663226,0.755514705882353,0.7984189723320158
0.5,0.7065217391304301,0.6666666666666714,0.31752577319587627,0.5330882352941176,0.49407114624505927
0.0,0.10869565217390686,0.19753086419753174,0.37938144329896906,0.6654411764705883,0.05138339920948616
0.0,0.5217391304347814,0.7160493827160508,0.41649484536082504,0.6323529411764707,0.7944664031620553
0.0,0.7499999999999929,0.6296296296296333,0.3711340206185567,0.5257352941176471,0.2608695652173913
0.5,0.5434782608695627,0.7160493827160508,0.4948453608247423,0.5165441176470589,0.30039525691699603
0.0,0.5869565217391255,0.6049382716049436,0.38350515463917545,0.5128676470588236,0.32411067193675885
0.0,0.25,0.46913580246913966,0.5237113402061855,0.40625,0.26877470355731226
0.5,0.5652173913043441,0.7160493827160508,0.2886597938144331,0.6507352941176472,0.32411067193675885
0.0,0.30434782608695343,0.24691358024691112,0.302405498281787,0.5055147058823529,0.43083003952569165
0.0,0.5434782608695627,0.7407407407407405,0.6419243986254295,0.3492647058823529,0.616600790513834
0.0,0.7282608695652115,0.6913580246913611,0.548453608247423,0.5202205882352942,0.10276679841897232
0.0,0.38043478260869534,0.3703703703703738,0.3876288659793816,0.5625,0.2608695652173913
0.0,0.4347826086956488,0.3703703703703738,0.5649484536082476,0.43198529411764697,0.83399209486166
0.0,0.6630434782608603,0.5432098765432158,0.45910652920962214,0.6213235294117648,0.14624505928853754
0.0,0.7826086956521721,0.8024691358024683,0.834364261168385,0.2775735294117646,0.22134387351778656
0.5,0.9456521739130395,0.9259259259259238,0.45635738831615136,0.511029411764706,0.49011857707509876
0.5,0.5434782608695627,0.7160493827160508,0.38075601374570445,0.6341911764705883,0.15810276679841895
0.0,0.5978260869565162,0.7654320987654302,0.5388316151202752,0.3492647058823529,0.08300395256916995
0.0,0.7934782608695627,0.8148148148148167,0.5305841924398624,0.536764705882353,0.2292490118577075
1.0,0.7717391304347743,0.5555555555555571,0.36701030927835054,0.5900735294117647,0.5019762845849802
0.0,0.2608695652173836,0.44444444444444997,0.9965635738831615,0.21691176470588228,0.05928853754940711
0.0,0.5978260869565162,0.6790123456790127,0.3147766323024055,0.6599264705882354,0.4387351778656126
0.0,0.7173913043478208,0.5802469135802468,0.99106529209622,0.15992647058823514,0.3636363636363636
0.0,0.28260869565216495,0.45679012345679126,0.536082474226804,0.42095588235294124,0.1541501976284585
0.0,0.3152173913043441,0.308641975308646,0.40962199312714764,0.5441176470588236,0.6482213438735177
0.5,0.3152173913043441,0.24691358024691112,1.0,0.16176470588235284,0.3675889328063241
0.5,0.20652173913043015,0.2716049382716008,0.49759450171821307,0.4246323529411764,0.7786561264822134
0.5,0.9130434782608674,0.9012345679012341,0.4137457044673538,0.49816176470588236,0.541501976284585
0.0,0.7608695652173907,0.6790123456790127,0.2996563573883162,0.6893382352941178,0.43478260869565216
0.5,0.3152173913043441,0.3950617283950635,0.5828178694158077,0.41176470588235303,0.5612648221343873
0.0,0.6956521739130395,0.6049382716049436,0.7903780068728525,0.24632352941176458,0.28063241106719367
0.5,0.5543478260869534,0.49382716049382935,0.3738831615120275,0.5514705882352942,0.4110671936758893
0.5,0.3260869565217348,0.2962962962963047,0.7615120274914089,0.2904411764705882,0.3517786561264822
0.0,0.4239130434782581,0.3580246913580325,0.29278350515463925,0.6838235294117648,0.7628458498023715
0.0,0.4130434782608674,0.3333333333333357,0.5154639175257731,0.46139705882352944,0.5138339920948616
0.5,0.5869565217391255,0.6913580246913611,0.24742268041237114,0.7389705882352943,0.13833992094861658
0.0,0.9565217391304373,0.9382716049382722,0.9828178694158076,0.21507352941176458,0.7509881422924901
0.5,0.9239130434782581,0.8765432098765444,0.3463917525773197,0.6452205882352942,0.7905138339920948
1.0,0.4891304347826093,0.4320987654321016,0.36701030927835054,0.5477941176470589,0.4387351778656126
0.0,0.3913043478260789,0.4197530864197603,0.29553264604811,0.7738970588235294,0.5731225296442687
0.5,0.6956521739130395,0.6790123456790127,0.5429553264604814,0.39889705882352944,0.5494071146245059
1.0,0.38043478260869534,0.5432098765432158,0.29140893470790385,0.573529411764706,0.22134387351778656
0.0,0.4130434782608674,0.5925925925925952,0.22130584192439873,0.7738970588235294,0.2292490118577075
0.0,0.4130434782608674,0.3580246913580325,0.329896907216495,0.6231617647058825,0.7747035573122529
0.5,0.5978260869565162,0.5925925925925952,0.7257731958762887,0.31066176470588225,0.6403162055335968
0.5,0.5217391304347814,0.4320987654321016,0.3931271477663232,0.5808823529411765,0.07509881422924901
0.0,0.6413043478260789,0.6296296296296333,0.30790378006872854,0.7316176470588237,0.0909090909090909
0.0,0.5326086956521721,0.44444444444444997,0.5003436426116838,0.5588235294117648,0.20948616600790512
0.0,0.2608695652173836,0.17283950617284205,0.7518900343642612,0.31985294117647056,0.0
1.0,0.7282608695652115,0.6049382716049436,0.3711340206185567,0.5588235294117648,0.04743083003952569
0.5,0.7499999999999929,0.7037037037037024,0.5099656357388316,0.4099264705882353,0.09486166007905138
0.5,0.6956521739130395,0.654320987654323,0.47010309278350526,0.6433823529411765,0.1067193675889328
0.0,0.9130434782608674,0.8395061728395063,0.4041237113402061,0.6139705882352943,0.6521739130434783
0.5,0.6195652173912976,0.6419753086419746,1.0,0.1672794117647057,0.14624505928853754
0.0,0.17391304347825098,0.2839506172839492,0.4756013745704468,0.5183823529411765,0.4743083003952569
0.0,0.46739130434782794,0.6419753086419746,0.6735395189003439,0.27941176470588225,0.30039525691699603
0.5,0.4021739130434767,0.5555555555555571,0.5443298969072168,0.49816176470588236,0.38339920948616596
0.0,0.7608695652173907,0.6296296296296333,0.47147766323024065,0.6488970588235295,0.09486166007905138
0.0,0.5108695652173907,0.46913580246913966,0.7697594501718212,0.2426470588235293,0.14624505928853754
0.0,0.36956521739129755,0.4320987654321016,0.3134020618556701,0.5882352941176471,0.7035573122529644
0.5,0.9021739130434767,0.8395061728395063,0.3999999999999999,0.6507352941176472,0.06719367588932806
0.0,0.8260869565217348,0.8024691358024683,0.6996563573883163,0.3253676470588235,0.1818181818181818
0.0,0.2391304347826022,0.3827160493827222,0.5017182130584192,0.5275735294117647,0.8814229249011857
1.0,0.7282608695652115,0.5061728395061778,0.15395189003436438,0.818014705882353,0.5810276679841897
0.5,0.28260869565216495,0.5308641975308674,0.3725085910652921,0.5312500000000001,0.7312252964426877
0.0,0.03260869565217206,0.03703703703703809,0.3450171821305843,0.704044117647059,0.02766798418972332
0.0,0.5108695652173907,0.4320987654321016,0.8123711340206188,0.2775735294117646,0.01976284584980237
0.0,0.6739130434782581,0.6049382716049436,1.0,0.1360294117647057,0.8300395256916996
0.0,0.7608695652173907,0.7283950617283992,0.6735395189003439,0.3584558823529411,0.592885375494071
0.0,0.18478260869564878,0.308641975308646,0.5621993127147769,0.3051470588235293,0.5138339920948616
0.5,0.38043478260869534,0.5061728395061778,0.33676975945017196,0.6011029411764707,0.25296442687747034
0.0,0.28260869565216495,0.2839506172839492,0.17594501718213063,0.9209558823529413,0.16205533596837943
0.0,0.4999999999999929,0.5679012345679055,0.13745704467353947,0.7444852941176472,0.5770750988142292
0.0,0.7282608695652115,0.6049382716049436,0.26116838487972527,0.7408088235294119,0.7667984189723319
0.0,0.5217391304347814,0.7037037037037024,0.5553264604810999,0.43014705882352944,0.7865612648221343
0.0,0.5978260869565162,0.5061728395061778,0.6721649484536085,0.33639705882352944,0.5968379446640316
0.0,0.4891304347826093,0.6419753086419746,0.5182130584192439,0.5128676470588236,0.6561264822134387
1.0,0.18478260869564878,0.2716049382716008,0.9319587628865982,0.26654411764705876,0.7075098814229248
0.0,0.891304347826086,0.7654320987654302,0.4467353951890036,0.4761029411764707,0.05533596837944664
0.5,0.4347826086956488,0.3950617283950635,0.5621993127147769,0.40625,0.6324110671936758
0.5,0.5869565217391255,0.7654320987654302,0.7271477663230241,0.28308823529411753,0.7549407114624506
0.0,0.8043478260869534,0.7654320987654302,0.30378006872852237,0.6194852941176472,0.05928853754940711
0.0,0.9456521739130395,0.9135802469135825,0.40824742268041225,0.5183823529411765,0.2727272727272727
1.0,0.7173913043478208,0.6790123456790127,0.4206185567010312,0.5330882352941176,0.07114624505928853
1.0,0.5869565217391255,0.6049382716049436,0.6364261168384879,0.36397058823529416,0.16996047430830039
0.5,0.25,0.3209876543209944,0.5085910652920962,0.5036764705882354,0.0
0.0,0.5434782608695627,0.7407407407407405,0.38075601374570445,0.6341911764705883,0.05928853754940711
0.0,0.5652173913043441,0.5061728395061778,0.3573883161512028,0.5698529411764706,0.4703557312252964
0.0,0.18478260869564878,0.2592592592592595,0.529209621993127,0.37683823529411753,0.6126482213438734
0.0,0.22826086956521152,0.3209876543209944,0.4219931271477666,0.5091911764705883,0.8774703557312252
0.0,0.46739130434782794,0.5555555555555571,0.5773195876288661,0.3915441176470589,0.15019762845849802
0.5,0.3913043478260789,0.6172839506172849,0.6460481099656357,0.38235294117647056,0.8616600790513833
0.0,0.3260869565217348,0.2716049382716008,0.31752577319587627,0.6433823529411765,0.3913043478260869
0.0,0.5978260869565162,0.49382716049382935,0.3436426116838489,0.6213235294117648,0.04743083003952569
1.0,0.4021739130434767,0.3703703703703738,0.329896907216495,0.6562500000000001,0.09881422924901186
0.5,0.45652173913043015,0.6172839506172849,0.35051546391752586,0.8033088235294119,0.02766798418972332
0.0,0.17391304347825098,0.2716049382716008,0.50446735395189,0.4852941176470589,0.525691699604743
0.0,0.5869565217391255,0.7654320987654302,0.4371134020618559,0.42279411764705876,0.12648221343873517
0.5,0.7499999999999929,0.5925925925925952,0.9127147766323027,0.2003676470588234,0.5098814229249011
0.0,0.30434782608695343,0.3333333333333357,0.5828178694158077,0.46691176470588247,0.83399209486166
0.5,0.30434782608695343,0.2592592592592595,0.604810996563574,0.36397058823529416,0.225296442687747
0.5,0.7173913043478208,0.654320987654323,0.2969072164948454,0.636029411764706,0.47826086956521735
0.0,0.5869565217391255,0.654320987654323,0.36838487972508593,0.5900735294117647,0.4703557312252964
0.0,0.14130434782608603,0.20987654320987303,0.27491408934707917,0.5937500000000001,0.7312252964426877
0.0,0.28260869565216495,0.518518518518519,0.5140893470790378,0.38602941176470584,0.13043478260869565
1.0,0.4021739130434767,0.5679012345679055,0.6735395189003439,0.2720588235294117,0.2727272727272727
0.5,0.6739130434782581,0.5802469135802468,1.0,0.0,0.08300395256916995
0.0,0.5760869565217348,0.48148148148148806,0.3340206185567012,0.5294117647058825,0.5533596837944663
0.0,0.4021739130434767,0.4197530864197603,0.5828178694158077,0.40808823529411764,0.7905138339920948
0.0,0.7065217391304301,0.6049382716049436,0.3903780068728524,0.6544117647058825,0.43478260869565216
0.5,0.7608695652173907,0.7407407407407405,0.647422680412371,0.4375,0.47826086956521735
1.0,0.2717391304347814,0.2716049382716008,0.5938144329896908,0.3805147058823529,0.05138339920948616
0.0,0.6630434782608603,0.6049382716049436,0.5319587628865978,0.5606617647058824,0.8379446640316205
0.0,0.3913043478260789,0.3580246913580325,0.33676975945017196,0.6194852941176472,0.48221343873517786
0.0,0.1630434782608674,0.2716049382716008,0.33676975945017196,0.6194852941176472,0.47826086956521735
0.0,0.6195652173912976,0.5925925925925952,0.10996563573883167,0.8933823529411766,0.3043478260869565
1.0,0.5326086956521721,0.7160493827160508,0.3628865979381444,0.5661764705882354,0.5019762845849802
0.0,0.4347826086956488,0.4074074074074119,0.3450171821305843,0.6213235294117648,0.6245059288537549
0.5,0.7499999999999929,0.5802469135802468,0.39587628865979374,0.6378676470588236,0.6600790513833992
0.0,0.22826086956521152,0.45679012345679126,0.4192439862542958,0.6011029411764707,0.37154150197628455
0.5,0.22826086956521152,0.2839506172839492,0.2570446735395189,0.7775735294117649,0.24901185770750986
0.0,0.6413043478260789,0.518518518518519,0.29415807560137464,0.7279411764705883,0.05138339920948616
0.0,0.5652173913043441,0.7407407407407405,0.6199312714776632,0.3658088235294118,0.3359683794466403
0.5,0.5652173913043441,0.5061728395061778,0.3326460481099658,0.5808823529411765,0.4387351778656126
0.0,0.7282608695652115,0.654320987654323,0.9580756013745706,0.18198529411764694,0.18972332015810275
0.0,0.021739130434781373,0.06172839506172778,0.38487972508591084,0.6636029411764707,0.2569169960474308
0.0,0.2391304347826022,0.3456790123456841,0.7189003436426118,0.37316176470588236,0.035573122529644265
0.0,0.5217391304347814,0.7037037037037024,0.3711340206185567,0.5404411764705883,0.5494071146245059
0.0,0.6086956521739069,0.49382716049382935,1.0,0.029411764705882165,0.7944664031620553
1.0,0.8586956521739069,0.7037037037037024,0.6034364261168386,0.4375,0.16996047430830039
0.0,0.6521739130434767,0.5432098765432158,0.6790378006872855,0.3345588235294117,0.14624505928853754
0.0,0.5652173913043441,0.49382716049382935,0.6158075601374571,0.39889705882352944,0.6126482213438734
0.5,0.44565217391303946,0.44444444444444997,0.7202749140893472,0.2867647058823528,0.7944664031620553
0.0,0.7065217391304301,0.5308641975308674,0.6515463917525772,0.36397058823529416,0.7944664031620553
0.0,0.5217391304347814,0.7037037037037024,0.6336769759450172,0.3400735294117647,0.16205533596837943
0.0,0.6630434782608603,0.5925925925925952,0.6391752577319587,0.4908088235294118,0.0
0.0,0.8043478260869534,0.827160493827158,1.0,0.22058823529411756,0.05138339920948616
0.0,0.4782608695652115,0.44444444444444997,0.3422680412371135,0.7683823529411766,0.5177865612648221
0.5,0.4782608695652115,0.6296296296296333,0.32577319587628883,0.6397058823529412,0.758893280632411
0.0,0.5434782608695627,0.7654320987654302,0.6061855670103093,0.3897058823529411,0.6996047430830039
0.5,0.6195652173912976,0.7283950617283992,0.38487972508591084,0.5716911764705883,0.5731225296442687
0.0,0.9130434782608674,0.8024691358024683,0.5498281786941583,0.38602941176470584,0.3794466403162055
0.0,0.9347826086956488,0.864197530864196,0.5965635738831616,0.3878676470588235,0.6521739130434783
0.0,0.6847826086956488,0.5802469135802468,0.5924398625429554,0.5312500000000001,0.458498023715415
1.0,0.2608695652173836,0.3333333333333357,0.7835051546391756,0.2738970588235293,0.3794466403162055
0.0,0.6195652173912976,0.6419753086419746,0.9072164948453612,0.22610294117647048,0.6561264822134387
0.0,0.5108695652173907,0.44444444444444997,0.4192439862542958,0.6102941176470589,0.13833992094861658
0.0,0.4021739130434767,0.5308641975308674,0.4343642611683851,0.49264705882352944,0.8379446640316205
0.0,0.38043478260869534,0.5061728395061778,0.8041237113402064,0.27022058823529405,0.5138339920948616
0.5,0.30434782608695343,0.3950617283950635,0.8742268041237113,0.22610294117647048,0.46640316205533594
0.0,0.6956521739130395,0.46913580246913966,0.1786941580756014,0.9687500000000002,0.9051383399209486
0.5,0.3478260869565162,0.2962962962963047,0.45773195876288675,0.4852941176470589,0.5019762845849802
0.0,0.6086956521739069,0.6419753086419746,1.0,0.1360294117647057,0.4150197628458498
0.0,0.3913043478260789,0.3703703703703738,0.7683848797250858,0.3051470588235293,0.458498023715415
0.0,0.5326086956521721,0.7160493827160508,0.4948453608247423,0.4283088235294118,0.49407114624505927
0.0,0.2717391304347814,0.20987654320987303,0.47285223367697604,0.5147058823529411,0.541501976284585
0.0,0.3369565217391255,0.2716049382716008,0.5168384879725085,0.4246323529411764,0.5217391304347826
1.0,0.2717391304347814,0.22222222222222143,0.6364261168384879,0.3400735294117647,0.49011857707509876
0.0,0.25,0.3580246913580325,0.2570446735395189,0.6176470588235294,0.05138339920948616
0.5,0.44565217391303946,0.4197530864197603,0.21718213058419256,0.9044117647058825,0.5612648221343873
0.0,0.9021739130434767,0.7530864197530889,0.6130584192439863,0.375,0.6126482213438734
0.0,0.6739130434782581,0.6172839506172849,0.5498281786941583,0.37316176470588236,0.15019762845849802
0.5,0.4999999999999929,0.45679012345679126,0.46872852233676987,0.5514705882352942,0.7509881422924901
0.5,0.22826086956521152,0.4074074074074119,0.4522336769759452,0.5330882352941176,0.5691699604743082
0.0,0.7282608695652115,0.6913580246913611,0.46872852233676987,0.49816176470588236,0.09881422924901186
0.5,0.20652173913043015,0.2839506172839492,0.42611683848797277,0.5459558823529412,0.22134387351778656
0.0,0.3260869565217348,0.45679012345679126,0.5498281786941583,0.42279411764705876,0.5533596837944663
0.0,0.29347826086956275,0.2962962962963047,0.3931271477663232,0.4466911764705883,0.13833992094861658
1.0,0.6413043478260789,0.827160493827158,0.3120274914089347,0.6433823529411765,0.3557312252964427
0.5,0.6086956521739069,0.6666666666666714,0.5195876288659793,0.45772058823529416,0.525691699604743
0.0,0.3369565217391255,0.3580246913580325,0.36426116838487976,0.630514705882353,0.3992094861660079
0.0,0.21739130434782084,0.3703703703703738,0.4646048109965637,0.4871323529411764,0.7391304347826086
0.0,0.5108695652173907,0.46913580246913966,0.6501718213058418,0.3180147058823529,0.13833992094861658
0.5,0.6956521739130395,0.6666666666666714,0.44123711340206206,0.5257352941176471,0.4268774703557312
1.0,0.5543478260869534,0.5061728395061778,0.38487972508591084,0.4944852941176472,0.4229249011857707
1.0,0.45652173913043015,0.6296296296296333,0.5938144329896908,0.36029411764705876,0.26482213438735175
0.5,0.3260869565217348,0.24691358024691112,0.7546391752577319,0.2628676470588235,0.02766798418972332
0.0,0.22826086956521152,0.3209876543209944,0.44261168384879745,0.5477941176470589,0.6482213438735177
0.0,0.6195652173912976,0.49382716049382935,0.4123711340206184,0.536764705882353,0.5573122529644269
0.0,0.4347826086956488,0.3580246913580325,0.20068728522336787,0.6507352941176472,0.2569169960474308
0.5,0.5543478260869534,0.5925925925925952,0.45635738831615136,0.5551470588235294,0.035573122529644265
0.5,0.5869565217391255,0.6049382716049436,0.5553264604810999,0.4724264705882353,0.1976284584980237
0.5,0.5869565217391255,0.654320987654323,0.7862542955326464,0.23529411764705874,0.6956521739130435
1.0,0.9673913043478208,0.9629629629629619,0.5195876288659793,0.5257352941176471,0.2292490118577075
0.0,0.46739130434782794,0.4320987654321016,0.5951890034364262,0.37683823529411753,0.13043478260869565
0.0,0.3152173913043441,0.2962962962963047,0.4041237113402061,0.6819852941176472,0.2727272727272727
0.5,0.5326086956521721,0.4197530864197603,0.3271477663230242,0.5404411764705883,0.15810276679841895
0.5,0.4130434782608674,0.5679012345679055,0.08934707903780081,0.849264705882353,0.3201581027667984
0.0,0.4347826086956488,0.4197530864197603,0.41512027491408965,0.5202205882352942,0.46640316205533594
0.5,0.7391304347826093,0.7160493827160508,0.959450171821306,0.18933823529411756,0.6284584980237153
0.0,0.3260869565217348,0.48148148148148806,0.4934707903780069,0.33272058823529405,0.7470355731225296
0.0,0.29347826086956275,0.3827160493827222,0.8549828178694159,0.2647058823529411,0.7628458498023715
0.5,0.3260869565217348,0.4197530864197603,0.6378006872852233,0.3658088235294118,0.0
0.0,0.36956521739129755,0.46913580246913966,0.38213058419243984,0.5,0.6324110671936758
0.0,0.4021739130434767,0.3703703703703738,1.0,0.06985294117647042,0.8221343873517786
0.0,0.35869565217391397,0.3209876543209944,0.1512027491408936,0.8768382352941178,0.12648221343873517
0.0,0.3152173913043441,0.2839506172839492,0.3340206185567012,0.5441176470588236,0.18972332015810275
0.0,0.28260869565216495,0.23456790123456983,0.24192439862542958,0.7628676470588236,0.5968379446640316
0.0,0.3260869565217348,0.4197530864197603,0.5841924398625431,0.5018382352941178,0.07114624505928853
0.0,0.10869565217390686,0.20987654320987303,0.40824742268041225,0.630514705882353,0.849802371541502
0.0,0.4239130434782581,0.6172839506172849,0.7821305841924402,0.26102941176470573,0.8893280632411067
0.0,0.4239130434782581,0.3209876543209944,0.3326460481099658,0.5551470588235294,0.10276679841897232
0.0,0.35869565217391397,0.48148148148148806,0.511340206185567,0.42279411764705876,0.01976284584980237
0.0,0.3369565217391255,0.44444444444444997,0.47285223367697604,0.42279411764705876,0.07114624505928853
0.0,0.4999999999999929,0.4320987654321016,0.44398625429553285,0.5790441176470589,0.8458498023715414
0.0,0.5543478260869534,0.5802469135802468,0.1786941580756014,0.8933823529411766,0.07509881422924901
1.0,0.7608695652173907,0.6666666666666714,0.39450171821305835,0.5055147058823529,0.5731225296442687
0.0,0.2717391304347814,0.3827160493827222,0.5374570446735398,0.41176470588235303,0.2608695652173913
0.0,0.7499999999999929,0.6296296296296333,0.6941580756013748,0.36948529411764697,0.20553359683794464
0.0,0.8043478260869534,0.7777777777777786,0.45773195876288675,0.44485294117647056,0.3043478260869565
0.0,0.7608695652173907,0.7407407407407405,0.65979381443299,0.35477941176470584,0.7786561264822134
0.5,0.25,0.3580246913580325,0.57319587628866,0.536764705882353,0.3557312252964427
0.0,0.8260869565217348,0.8148148148148167,0.99106529209622,0.18382352941176458,0.5849802371541502
0.5,0.4891304347826093,0.5679012345679055,0.8756013745704467,0.2003676470588234,0.7826086956521738
0.0,0.44565217391303946,0.44444444444444997,0.32027491408934705,0.849264705882353,0.15019762845849802
0.5,0.3913043478260789,0.308641975308646,1.0,0.13235294117647042,0.0909090909090909
0.0,0.2391304347826022,0.3456790123456841,0.4041237113402061,0.7261029411764707,0.5849802371541502
0.0,0.8043478260869534,0.8024691358024683,0.3876288659793816,0.7224264705882354,0.8418972332015809
0.5,0.5869565217391255,0.6049382716049436,0.4398625429553267,0.4852941176470589,0.7470355731225296
0.0,0.7499999999999929,0.6913580246913611,0.4219931271477666,0.6580882352941178,0.4110671936758893
0.5,0.4130434782608674,0.5802469135802468,0.4893470790378007,0.7095588235294118,0.2608695652173913
0.5,0.5326086956521721,0.5308641975308674,0.6817869415807563,0.32904411764705876,0.7075098814229248
0.0,0.4130434782608674,0.3580246913580325,0.12646048109965635,0.8272058823529413,0.6007905138339921
0.0,0.3478260869565162,0.46913580246913966,0.17319587628865984,0.9908088235294121,0.04743083003952569
0.0,0.4347826086956488,0.4074074074074119,0.47147766323024065,0.6433823529411765,0.5849802371541502
0.0,0.46739130434782794,0.4320987654321016,0.5374570446735398,0.48345588235294124,0.43478260869565216
0.0,0.7608695652173907,0.7777777777777786,0.7945017182130587,0.28125,0.6600790513833992
0.0,0.4999999999999929,0.46913580246913966,0.548453608247423,0.41727941176470584,0.6758893280632411
0.0,0.25,0.3580246913580325,0.29553264604811,0.6378676470588236,0.2964426877470355
0.0,0.7282608695652115,0.6296296296296333,1.0,0.1268382352941175,0.2608695652173913
0.5,0.6413043478260789,0.5679012345679055,0.25979381443298966,0.7665441176470589,0.19367588932806323
0.0,0.4239130434782581,0.6049382716049436,0.548453608247423,0.47058823529411764,0.6798418972332015
0.0,0.22826086956521152,0.3333333333333357,0.5567010309278353,0.39889705882352944,0.8102766798418972
0.5,0.25,0.3580246913580325,0.5869415807560139,0.4430147058823529,0.09881422924901186
0.5,0.9239130434782581,0.9135802469135825,1.0,0.1066176470588234,0.08695652173913043
0.0,0.28260869565216495,0.2716049382716008,0.423367697594502,0.5955882352941178,0.35968379446640314
0.0,0.21739130434782084,0.3209876543209944,0.3601374570446736,0.5349264705882353,0.37549407114624506
0.0,0.28260869565216495,0.23456790123456983,1.0,0.1360294117647057,0.7193675889328063
0.0,0.44565217391303946,0.6296296296296333,0.2859106529209623,0.755514705882353,0.849802371541502
1.0,0.5108695652173907,0.6790123456790127,0.30927835051546393,0.5569852941176472,0.17786561264822134
0.0,0.5434782608695627,0.7530864197530889,0.3436426116838489,0.6084558823529412,0.20948616600790512
0.5,0.4347826086956488,0.44444444444444997,0.48797250859106533,0.46139705882352944,0.8063241106719367
0.0,0.2608695652173836,0.4074074074074119,0.4659793814432991,0.46691176470588247,0.37154150197628455
0.0,0.4130434782608674,0.3580246913580325,0.3697594501718213,0.5294117647058825,0.7233201581027667
0.0,0.5760869565217348,0.5308641975308674,0.47147766323024065,0.4430147058823529,0.4150197628458498
0.0,0.5869565217391255,0.46913580246913966,0.42749140893470816,0.39889705882352944,0.7786561264822134
0.5,0.45652173913043015,0.6419753086419746,0.2886597938144331,0.6599264705882354,0.4703557312252964
0.0,0.5978260869565162,0.6419753086419746,0.39725085910652913,0.641544117647059,0.32411067193675885
0.5,0.2717391304347814,0.3456790123456841,0.4398625429553267,0.5349264705882353,0.7747035573122529
0.5,0.5434782608695627,0.7037037037037024,0.2996563573883162,0.6488970588235295,0.4703557312252964
1.0,0.2608695652173836,0.308641975308646,0.4920962199312715,0.5018382352941178,0.6521739130434783
0.0,0.5760869565217348,0.48148148148148806,0.7092783505154641,0.3676470588235293,0.20948616600790512
0.0,0.2717391304347814,0.2716049382716008,0.38350515463917545,0.6580882352941178,0.1818181818181818
0.5,0.9456521739130395,0.9135802469135825,0.723024054982818,0.34191176470588225,0.458498023715415
0.5,0.4347826086956488,0.4320987654321016,0.3738831615120275,0.4540441176470589,0.4387351778656126
0.0,0.17391304347825098,0.2592592592592595,0.31890034364261166,0.8143382352941178,0.7984189723320158
0.0,0.3913043478260789,0.308641975308646,0.7120274914089348,0.32352941176470584,0.20948616600790512
0.5,0.8260869565217348,0.827160493827158,0.22817869415807568,0.7003676470588236,0.01976284584980237
0.0,0.3369565217391255,0.3209876543209944,0.36426116838487976,0.9099264705882355,0.07905138339920947
0.5,0.5978260869565162,0.45679012345679126,0.2391752577319588,0.911764705882353,0.44664031620553357
0.5,0.3478260869565162,0.2839506172839492,0.4027491408934707,0.7187500000000001,0.6205533596837944
0.0,0.4999999999999929,0.6913580246913611,0.6584192439862542,0.27022058823529405,0.10276679841897232
0.0,0.6304347826086953,0.6913580246913611,0.13745704467353947,0.8676470588235297,0.20948616600790512
0.5,0.5434782608695627,0.7654320987654302,0.3587628865979382,0.5294117647058825,0.7272727272727272
0.0,0.7717391304347743,0.5555555555555571,0.5099656357388316,0.45772058823529416,0.11462450592885375
0.0,0.6630434782608603,0.5679012345679055,0.2831615120274915,0.6397058823529412,0.6956521739130435
1.0,0.7282608695652115,0.518518518518519,0.779381443298969,0.2647058823529411,0.758893280632411
0.0,0.3260869565217348,0.4197530864197603,0.3120274914089347,0.6801470588235294,0.525691699604743
0.5,0.35869565217391397,0.45679012345679126,0.3285223367697596,0.5937500000000001,0.6956521739130435
0.5,0.2391304347826022,0.3703703703703738,0.38213058419243984,0.7389705882352943,0.6640316205533596
0.5,0.7934782608695627,0.5555555555555571,0.5429553264604814,0.4816176470588236,0.38339920948616596
0.0,0.5760869565217348,0.5679012345679055,1.0,0.17463235294117638,0.8814229249011857
0.0,0.5543478260869534,0.49382716049382935,0.7106529209621995,0.3400735294117647,0.6007905138339921
0.0,0.5869565217391255,0.7530864197530889,0.3752577319587629,0.4650735294117647,0.13438735177865613
0.0,0.5652173913043441,0.7283950617283992,0.46872852233676987,0.6323529411764707,0.7984189723320158
0.5,0.3478260869565162,0.48148148148148806,0.3711340206185567,0.5827205882352942,0.49011857707509876
0.5,0.3913043478260789,0.5061728395061778,0.30790378006872854,0.5569852941176472,0.8616600790513833
0.5,0.2717391304347814,0.5061728395061778,0.6982817869415809,0.29779411764705876,0.7035573122529644
0.5,0.7499999999999929,0.7160493827160508,0.26391752577319605,0.7389705882352943,0.14229249011857706
0.0,0.7065217391304301,0.6790123456790127,0.9237113402061858,0.25367647058823517,0.7984189723320158
0.0,0.5326086956521721,0.5802469135802468,0.4810996563573884,0.5330882352941176,0.01976284584980237
0.0,0.2391304347826022,0.3456790123456841,0.5195876288659793,0.5073529411764706,0.5098814229249011
0.5,0.8260869565217348,0.8395061728395063,0.5264604810996563,0.5,0.07905138339920947
0.5,0.7391304347826093,0.6790123456790127,0.6158075601374571,0.4099264705882353,0.225296442687747
0.0,0.5326086956521721,0.7530864197530889,0.3326460481099658,0.7095588235294118,0.7470355731225296
0.0,0.6847826086956488,0.6172839506172849,0.39725085910652913,0.5073529411764706,0.8418972332015809
1.0,0.18478260869564878,0.2592592592592595,0.32439862542955344,0.5128676470588236,0.7272727272727272
0.5,0.5652173913043441,0.7283950617283992,0.3931271477663232,0.5257352941176471,0.4268774703557312
0.0,0.4999999999999929,0.4197530864197603,0.33539518900343657,0.6525735294117647,0.7826086956521738
0.0,0.3260869565217348,0.4197530864197603,0.32302405498281805,0.5937500000000001,0.5454545454545454
0.0,0.7499999999999929,0.6419753086419746,0.5993127147766324,0.5091911764705883,0.26877470355731226
0.0,0.7826086956521721,0.5555555555555571,0.7532646048109966,0.31433823529411753,0.616600790513834
0.5,0.5869565217391255,0.48148148148148806,0.4907216494845361,0.43566176470588236,0.28063241106719367
0.5,0.6304347826086953,0.6666666666666714,0.6144329896907217,0.45772058823529416,0.6047430830039525
0.0,0.6413043478260789,0.5555555555555571,0.2982817869415808,0.5422794117647058,0.1660079051383399
0.0,0.4130434782608674,0.5679012345679055,0.41786941580756043,0.6213235294117648,0.6205533596837944
0.0,0.4239130434782581,0.3827160493827222,0.32577319587628883,0.7095588235294118,0.7233201581027667
0.5,0.6195652173912976,0.6172839506172849,0.6721649484536085,0.31433823529411753,0.5849802371541502
0.0,0.28260869565216495,0.3950617283950635,0.5470790378006876,0.5349264705882353,0.1976284584980237
0.5,0.7608695652173907,0.6790123456790127,0.3628865979381444,0.5496323529411765,0.26877470355731226
0.0,0.5869565217391255,0.6296296296296333,0.42749140893470816,0.667279411764706,0.28063241106719367
0.5,0.2608695652173836,0.3950617283950635,0.49759450171821307,0.48345588235294124,0.4268774703557312
1.0,0.5326086956521721,0.7160493827160508,0.4769759450171822,0.4411764705882353,0.1067193675889328
0.5,0.5434782608695627,0.7283950617283992,0.6171821305841925,0.3621323529411764,0.45454545454545453
1.0,0.7608695652173907,0.7283950617283992,0.3752577319587629,0.755514705882353,0.2924901185770751
0.0,0.38043478260869534,0.5061728395061778,0.3697594501718213,0.5514705882352942,0.0909090909090909
0.0,0.5543478260869534,0.6666666666666714,0.3147766323024055,0.698529411764706,0.7470355731225296
0.0,0.19565217391303946,0.3703703703703738,0.4206185567010312,0.5422794117647058,0.25296442687747034
0.0,0.5652173913043441,0.6913580246913611,0.44261168384879745,0.5330882352941176,0.1541501976284585
0.5,0.4239130434782581,0.3333333333333357,0.33951890034364274,0.5643382352941178,0.20948616600790512
0.0,0.7826086956521721,0.5555555555555571,0.4247422680412374,0.5294117647058825,0.06324110671936758
0.0,0.20652173913043015,0.3580246913580325,0.6652920962199316,0.35477941176470584,0.20553359683794464
0.0,0.4130434782608674,0.6172839506172849,0.1938144329896907,0.704044117647059,0.7430830039525691
0.0,0.7499999999999929,0.6296296296296333,0.7917525773195879,0.31066176470588225,0.06324110671936758
0.0,0.6195652173912976,0.6419753086419746,0.42749140893470816,0.5790441176470589,0.7667984189723319
0.5,0.7282608695652115,0.6049382716049436,0.5099656357388316,0.4522058823529411,0.3794466403162055
0.0,0.8043478260869534,0.8148148148148167,0.24467353951890036,0.8897058823529413,0.6719367588932806
0.5,0.7608695652173907,0.6790123456790127,0.32577319587628883,0.641544117647059,0.34782608695652173
0.0,0.3152173913043441,0.2592592592592595,0.2845360824742269,0.6213235294117648,0.7430830039525691
0.0,0.3260869565217348,0.5308641975308674,0.9484536082474229,0.20404411764705868,0.450592885375494
0.0,0.4782608695652115,0.45679012345679126,0.26666666666666683,0.7187500000000001,0.4624505928853755
0.0,0.6195652173912976,0.6666666666666714,0.6144329896907217,0.4191176470588236,0.6245059288537549
0.0,0.3913043478260789,0.3827160493827222,0.15532646048109977,0.755514705882353,0.3043478260869565
0.0,0.5434782608695627,0.7407407407407405,0.3903780068728524,0.5275735294117647,0.6798418972332015
0.5,0.3152173913043441,0.3703703703703738,0.5924398625429554,0.43014705882352944,0.11067193675889328
0.0,0.3913043478260789,0.518518518518519,0.479725085910653,0.4375,0.4624505928853755
0.0,0.38043478260869534,0.5061728395061778,0.6405498281786941,0.38235294117647056,0.1067193675889328
0.0,0.2717391304347814,0.18518518518518334,0.4536082474226806,0.4650735294117647,0.7430830039525691
0.0,0.6630434782608603,0.6049382716049436,0.6405498281786941,0.33639705882352944,0.6758893280632411
0.5,0.5869565217391255,0.654320987654323,0.7395189003436426,0.22426470588235284,0.6047430830039525
0.0,0.08695652173912549,0.17283950617284205,0.6639175257731962,0.42095588235294124,0.6600790513833992
0.0,0.7717391304347743,0.7530864197530889,0.4673539518900345,0.604779411764706,0.4268774703557312
0.0,0.22826086956521152,0.2716049382716008,0.30515463917525776,0.641544117647059,0.616600790513834
0.0,0.9347826086956488,0.9506172839506135,0.3766323024054983,0.6562500000000001,0.6877470355731224
0.0,0.25,0.44444444444444997,0.6075601374570447,0.40808823529411764,0.023715415019762844
0.5,0.22826086956521152,0.308641975308646,0.49759450171821307,0.36397058823529416,0.08695652173913043
0.0,0.5760869565217348,0.6172839506172849,0.39450171821305835,0.511029411764706,0.32411067193675885
0.0,0.4347826086956488,0.5925925925925952,0.8934707903780068,0.2426470588235293,0.40316205533596833
0.0,0.5869565217391255,0.654320987654323,0.19793814432989687,0.7224264705882354,0.4229249011857707
0.0,0.36956521739129755,0.49382716049382935,0.47010309278350526,0.511029411764706,0.6403162055335968
1.0,0.8043478260869534,0.8395061728395063,0.4934707903780069,0.4338235294117647,0.10276679841897232
0.0,0.4999999999999929,0.5555555555555571,0.1649484536082475,1.0,0.24505928853754938
0.5,0.3152173913043441,0.3209876543209944,0.48659793814432994,0.667279411764706,0.08695652173913043
0.0,0.35869565217391397,0.45679012345679126,0.6859106529209624,0.4191176470588236,0.7312252964426877
0.0,0.6847826086956488,0.5061728395061778,0.41786941580756043,0.5459558823529412,0.35968379446640314
0.0,0.22826086956521152,0.3827160493827222,0.6487972508591064,0.3933823529411765,0.5612648221343873
0.0,0.4891304347826093,0.5061728395061778,0.7986254295532649,0.3786764705882353,0.6047430830039525
0.0,0.3369565217391255,0.45679012345679126,0.2982817869415808,0.6838235294117648,0.7944664031620553
0.5,0.3478260869565162,0.45679012345679126,0.5457044673539522,0.3841911764705883,0.592885375494071
0.0,0.22826086956521152,0.3333333333333357,0.27903780068728534,0.8198529411764708,0.20553359683794464
0.0,0.5217391304347814,0.45679012345679126,1.0,0.0937499999999998,0.13043478260869565
0.0,0.2717391304347814,0.24691358024691112,0.30927835051546393,0.4632352941176471,0.11462450592885375
0.0,0.4891304347826093,0.6913580246913611,0.5388316151202752,0.4154411764705882,0.7035573122529644
0.0,0.25,0.3209876543209944,0.45910652920962214,0.5588235294117648,0.5494071146245059
0.0,0.9782608695652186,0.9629629629629619,0.5800687285223369,0.3125,0.06719367588932806
0.0,0.9565217391304373,0.9629629629629619,0.4137457044673538,0.5845588235294119,0.44664031620553357
0.0,0.4891304347826093,0.6790123456790127,0.6817869415807563,0.2849264705882353,0.683794466403162
0.0,0.25,0.4320987654321016,0.30515463917525776,0.5606617647058824,0.8735177865612648
0.5,0.6413043478260789,0.5432098765432158,0.42749140893470816,0.6011029411764707,0.17391304347826086
0.0,0.5217391304347814,0.49382716049382935,0.26666666666666683,0.667279411764706,0.0909090909090909
0.0,0.46739130434782794,0.6296296296296333,0.654295532646048,0.33272058823529405,0.450592885375494
0.5,0.2391304347826022,0.4320987654321016,0.24604810996563575,0.7904411764705883,0.7430830039525691
0.0,0.5760869565217348,0.5679012345679055,0.4343642611683851,0.5183823529411765,0.8418972332015809
0.0,0.5760869565217348,0.45679012345679126,1.0,0.012867647058823317,0.4387351778656126
0.5,0.5543478260869534,0.654320987654323,0.5869415807560139,0.4154411764705882,0.05928853754940711
1.0,0.3913043478260789,0.5679012345679055,0.10309278350515472,0.9227941176470591,0.6442687747035573
0.0,0.5434782608695627,0.6049382716049436,0.36426116838487976,0.7536764705882354,0.33992094861660077
0.0,0.5978260869565162,0.6913580246913611,0.4893470790378007,0.5643382352941178,0.28063241106719367
0.5,0.7282608695652115,0.7037037037037024,0.5759450171821308,0.4246323529411764,0.11857707509881422
0.0,0.5869565217391255,0.7407407407407405,0.6419243986254295,0.36029411764705876,0.8418972332015809
1.0,0.36956521739129755,0.3333333333333357,0.5388316151202752,0.37683823529411753,0.20948616600790512
0.0,0.9130434782608674,0.9135802469135825,0.3271477663230242,0.6580882352941178,0.7233201581027667
1.0,0.9239130434782581,0.8518518518518547,0.8838487972508591,0.22242647058823514,0.7233201581027667
0.5,0.4347826086956488,0.3580246913580325,0.38487972508591084,0.7224264705882354,0.28063241106719367
0.5,0.7065217391304301,0.6296296296296333,0.6199312714776632,0.3345588235294117,0.30039525691699603
0.0,0.4891304347826093,0.5555555555555571,0.6680412371134024,0.3658088235294118,0.6284584980237153
1.0,0.7717391304347743,0.7160493827160508,0.511340206185567,0.568014705882353,0.3201581027667984
0.0,0.4021739130434767,0.5679012345679055,0.48384879725085916,0.5919117647058825,0.6758893280632411
0.0,0.20652173913043015,0.3333333333333357,0.4041237113402061,0.7058823529411766,0.40316205533596833
0.5,0.38043478260869534,0.3580246913580325,0.4371134020618559,0.5202205882352942,0.05138339920948616
0.5,0.3260869565217348,0.2962962962963047,0.6350515463917525,0.3658088235294118,0.32806324110671936
1.0,0.6086956521739069,0.6296296296296333,0.30515463917525776,0.511029411764706,0.5177865612648221
0.5,0.38043478260869534,0.4197530864197603,0.5374570446735398,0.4025735294117647,0.37549407114624506
0.5,0.2717391304347814,0.49382716049382935,0.7312714776632303,0.3400735294117647,0.7905138339920948
0.0,0.3152173913043441,0.3827160493827222,0.4536082474226806,0.42647058823529416,0.1541501976284585
0.0,0.6847826086956488,0.6419753086419746,0.7395189003436426,0.30698529411764697,0.7628458498023715
0.5,0.6956521739130395,0.6296296296296333,0.4783505154639176,0.5073529411764706,0.18972332015810275
0.5,0.5434782608695627,0.6790123456790127,0.29278350515463925,0.9632352941176474,0.5375494071146245
0.0,0.2717391304347814,0.2592592592592595,0.8151202749140896,0.2959558823529411,0.5059288537549407
1.0,0.3913043478260789,0.5432098765432158,0.3903780068728524,0.6819852941176472,0.7391304347826086
0.0,0.3152173913043441,0.24691358024691112,0.7147766323024056,0.36029411764705876,0.35968379446640314
0.0,0.8043478260869534,0.827160493827158,0.3917525773195878,0.6341911764705883,0.24505928853754938
0.0,0.21739130434782084,0.2962962962963047,0.3986254295532645,0.604779411764706,0.7984189723320158
1.0,0.5869565217391255,0.6172839506172849,0.3573883161512028,0.5625,0.10276679841897232
1.0,0.5217391304347814,0.45679012345679126,0.5429553264604814,0.5147058823529411,0.11067193675889328
0.0,0.44565217391303946,0.44444444444444997,0.38487972508591084,0.6580882352941178,0.17391304347826086
1.0,0.6739130434782581,0.5802469135802468,0.566323024054983,0.42095588235294124,0.6363636363636364
0.0,0.9673913043478208,0.9506172839506135,0.3477663230240551,0.5625,0.22134387351778656
0.0,0.5760869565217348,0.44444444444444997,0.3312714776632304,0.4761029411764707,0.45454545454545453
0.5,0.21739130434782084,0.3703703703703738,0.38350515463917545,0.5827205882352942,0.4150197628458498
1.0,0.5760869565217348,0.6049382716049436,0.38487972508591084,0.5863970588235295,0.21739130434782608
0.5,0.891304347826086,0.827160493827158,0.20618556701030943,0.7610294117647061,0.6996047430830039
0.0,0.4021739130434767,0.5679012345679055,0.5278350515463917,0.49816176470588236,0.450592885375494
0.5,0.6847826086956488,0.6049382716049436,1.0,0.19852941176470576,0.7154150197628458
0.0,0.19565217391303946,0.2962962962963047,0.4384879725085913,0.4007352941176471,0.8221343873517786
0.0,0.38043478260869534,0.6049382716049436,0.6639175257731962,0.37683823529411753,0.0
0.0,0.6195652173912976,0.790123456790127,0.57319587628866,0.3584558823529411,0.1976284584980237
0.0,0.22826086956521152,0.3703703703703738,0.3587628865979382,0.8198529411764708,0.3794466403162055
0.5,0.5326086956521721,0.45679012345679126,0.36426116838487976,0.661764705882353,0.7549407114624506
0.0,0.3260869565217348,0.4197530864197603,0.3010309278350516,0.7261029411764707,0.6324110671936758
0.0,0.6195652173912976,0.6419753086419746,0.32439862542955344,0.5330882352941176,0.28063241106719367
0.0,0.6739130434782581,0.6666666666666714,0.35463917525773203,0.7224264705882354,0.47826086956521735
0.5,0.30434782608695343,0.308641975308646,0.3463917525773197,0.9393382352941178,0.07509881422924901
0.0,0.6847826086956488,0.6172839506172849,0.35189003436426125,0.693014705882353,0.8458498023715414
0.0,0.4999999999999929,0.48148148148148806,0.15395189003436438,0.8547794117647061,0.6442687747035573
0.0,0.4239130434782581,0.3703703703703738,0.21580756013745717,0.7022058823529412,0.6758893280632411
0.5,0.46739130434782794,0.6419753086419746,0.49759450171821307,0.4779411764705882,0.7826086956521738
0.0,0.8586956521739069,0.7160493827160508,0.4659793814432991,0.4852941176470589,0.8893280632411067
0.0,0.4891304347826093,0.4320987654321016,0.5553264604810999,0.4154411764705882,0.6245059288537549
0.0,0.5652173913043441,0.518518518518519,0.35051546391752586,0.6452205882352942,0.450592885375494
1.0,0.043478260869562746,0.06172839506172778,1.0,0.06801470588235278,0.4150197628458498
0.0,0.7608695652173907,0.6790123456790127,0.8109965635738834,0.21323529411764694,0.26877470355731226
0.0,0.7826086956521721,0.5679012345679055,0.5718213058419246,0.41727941176470584,0.6245059288537549
0.0,0.5760869565217348,0.7160493827160508,0.3450171821305843,0.47426470588235303,0.12252964426877469
0.0,0.5869565217391255,0.6296296296296333,0.604810996563574,0.4908088235294118,0.7984189723320158
0.0,0.6413043478260789,0.5802469135802468,0.29278350515463925,0.6801470588235294,0.45454545454545453
0.0,0.5326086956521721,0.5061728395061778,0.2542955326460481,0.8566176470588236,0.10276679841897232
0.5,0.5543478260869534,0.5555555555555571,0.691408934707904,0.3253676470588235,0.924901185770751
0.0,0.5217391304347814,0.7037037037037024,0.3601374570446736,0.5165441176470589,0.3675889328063241
0.5,0.6956521739130395,0.6790123456790127,0.33676975945017196,0.5477941176470589,0.31225296442687744
0.0,0.45652173913043015,0.4197530864197603,0.9402061855670105,0.1801470588235293,0.3043478260869565
1.0,0.5217391304347814,0.5432098765432158,0.35463917525773203,0.5496323529411765,0.25296442687747034
0.5,0.9130434782608674,0.8765432098765444,0.2721649484536084,0.6341911764705883,0.19367588932806323
0.5,0.4239130434782581,0.3333333333333357,0.9457044673539521,0.18198529411764694,0.33992094861660077
0.0,0.35869565217391397,0.5061728395061778,0.7367697594501719,0.2849264705882353,0.25296442687747034
0.0,0.7499999999999929,0.7160493827160508,0.3560137457044674,0.5698529411764706,0.34782608695652173
0.5,0.6304347826086953,0.6666666666666714,0.36838487972508593,0.5330882352941176,0.616600790513834
0.0,0.3913043478260789,0.5308641975308674,0.5374570446735398,0.3786764705882353,0.2292490118577075
0.0,0.20652173913043015,0.3209876543209944,0.8756013745704467,0.23529411764705874,0.40711462450592883
0.0,0.8478260869565233,0.8765432098765444,1.0,0.042279411764705704,0.44664031620553357
0.5,0.8043478260869534,0.8395061728395063,0.3422680412371135,0.7113970588235295,0.07509881422924901
0.0,0.6086956521739069,0.6049382716049436,0.2501718213058419,0.7536764705882354,0.5177865612648221
1.0,0.9347826086956488,0.9135802469135825,0.8549828178694159,0.2555147058823528,0.06719367588932806
0.0,0.7282608695652115,0.6419753086419746,0.6804123711340209,0.34375,0.3201581027667984
0.0,0.46739130434782794,0.4074074074074119,0.65979381443299,0.38235294117647056,0.27667984189723316
0.0,0.22826086956521152,0.3333333333333357,0.5539518900343645,0.48897058823529416,0.0
0.5,0.35869565217391397,0.518518518518519,0.8934707903780068,0.22242647058823514,0.035573122529644265
0.5,0.4239130434782581,0.3580246913580325,0.5745704467353954,0.42095588235294124,0.5454545454545454
1.0,0.8260869565217348,0.8148148148148167,0.8054982817869418,0.2591911764705881,0.826086956521739
0.0,0.36956521739129755,0.5555555555555571,0.7546391752577319,0.26654411764705876,0.10276679841897232
0.0,0.5434782608695627,0.5679012345679055,1.0,0.0735294117647057,0.12648221343873517
0.0,0.17391304347825098,0.2839506172839492,0.2254295532646049,0.755514705882353,0.02766798418972332
0.0,0.29347826086956275,0.3333333333333357,0.3628865979381444,0.6139705882352943,0.043478260869565216
0.0,0.4347826086956488,0.3703703703703738,0.8714776632302406,0.2426470588235293,0.5138339920948616
0.5,0.21739130434782084,0.308641975308646,0.9319587628865982,0.21507352941176458,0.16205533596837943
0.0,0.5760869565217348,0.6419753086419746,0.41786941580756043,0.6397058823529412,0.2964426877470355
0.5,0.4999999999999929,0.44444444444444997,0.3903780068728524,0.5349264705882353,0.41897233201581024
1.0,0.3152173913043441,0.3827160493827222,0.6020618556701032,0.49816176470588236,0.20948616600790512
0.0,0.29347826086956275,0.46913580246913966,0.4508591065292098,0.6066176470588236,0.1818181818181818
0.5,0.5217391304347814,0.7037037037037024,1.0,0.1672794117647057,0.05928853754940711
0.0,0.7391304347826093,0.5925925925925952,0.7257731958762887,0.33272058823529405,0.4229249011857707
1.0,0.8695652173913047,0.8395061728395063,0.21993127147766334,0.6801470588235294,0.4743083003952569
0.0,0.35869565217391397,0.3333333333333357,0.541580756013746,0.3970588235294117,0.09881422924901186
1.0,0.5652173913043441,0.6049382716049436,0.3340206185567012,0.6323529411764707,0.7944664031620553
0.0,0.5760869565217348,0.5432098765432158,0.5127147766323024,0.536764705882353,0.0909090909090909
0.0,0.2391304347826022,0.3209876543209944,0.57319587628866,0.36948529411764697,0.12648221343873517
0.0,0.8586956521739069,0.6790123456790127,0.2680412371134022,0.6231617647058825,0.11462450592885375
0.0,0.6630434782608603,0.654320987654323,0.7766323024054982,0.23713235294117632,0.7193675889328063
1.0,0.8695652173913047,0.6790123456790127,0.6034364261168386,0.3474264705882353,0.13438735177865613
0.5,0.5434782608695627,0.7283950617283992,0.19793814432989687,0.7463235294117648,0.5968379446640316
0.5,0.5326086956521721,0.7407407407407405,0.5319587628865978,0.4522058823529411,0.6679841897233201
0.0,0.6521739130434767,0.5802469135802468,0.7243986254295534,0.33272058823529405,0.4268774703557312
0.5,0.5760869565217348,0.8024691358024683,1.0,0.1047794117647057,0.37549407114624506
0.0,0.4021739130434767,0.5432098765432158,0.5704467353951892,0.42279411764705876,0.5612648221343873
1.0,0.6195652173912976,0.6790123456790127,0.5965635738831616,0.3658088235294118,0.07509881422924901
0.0,0.5869565217391255,0.46913580246913966,0.9374570446735397,0.21507352941176458,0.07509881422924901
0.0,0.7826086956521721,0.5802469135802468,0.4398625429553267,0.6544117647058825,0.5296442687747035
0.0,0.4130434782608674,0.3703703703703738,0.4536082474226806,0.47977941176470584,0.7154150197628458
0.0,0.6739130434782581,0.6172839506172849,0.40962199312714764,0.5661764705882354,0.22134387351778656
0.5,0.4999999999999929,0.45679012345679126,0.4329896907216497,0.4650735294117647,0.7628458498023715
0.0,0.6304347826086953,0.6666666666666714,0.3876288659793816,0.5606617647058824,0.6640316205533596
0.0,0.4347826086956488,0.4197530864197603,0.4192439862542958,0.5055147058823529,0.49407114624505927
0.0,0.7826086956521721,0.6666666666666714,0.5085910652920962,0.4411764705882353,0.8221343873517786
0.0,0.6086956521739069,0.7283950617283992,0.691408934707904,0.3805147058823529,0.5849802371541502
0.0,0.25,0.3580246913580325,0.29415807560137464,0.630514705882353,0.043478260869565216
0.5,0.4782608695652115,0.654320987654323,0.36701030927835054,0.6856617647058825,0.6640316205533596
0.0,0.3478260869565162,0.44444444444444997,0.5800687285223369,0.3878676470588235,0.4229249011857707
0.5,0.8369565217391255,0.827160493827158,0.4920962199312715,0.4283088235294118,0.5612648221343873
1.0,0.3260869565217348,0.4074074074074119,0.29003436426116846,0.5588235294117648,0.0
0.5,0.9130434782608674,0.827160493827158,0.6364261168384879,0.28860294117647056,0.5217391304347826
0.0,0.6739130434782581,0.654320987654323,0.448109965635739,0.5974264705882353,0.3913043478260869
0.0,0.22826086956521152,0.3950617283950635,0.8810996563573883,0.20220588235294104,0.5177865612648221
0.5,0.7065217391304301,0.6296296296296333,0.7189003436426118,0.3786764705882353,0.24505928853754938
0.5,0.3913043478260789,0.518518518518519,0.6556701030927834,0.34191176470588225,0.33992094861660077
0.5,0.5978260869565162,0.5925925925925952,0.22268041237113412,0.849264705882353,0.7509881422924901
0.0,0.44565217391303946,0.4074074074074119,0.36838487972508593,0.6452205882352942,0.2964426877470355
0.0,0.3369565217391255,0.5432098765432158,1.0,0.2003676470588234,0.32806324110671936
0.0,0.9239130434782581,0.9259259259259238,0.4907216494845361,0.5349264705882353,0.5731225296442687
1.0,0.6739130434782581,0.6172839506172849,0.5924398625429554,0.5073529411764706,0.2845849802371541
0.0,0.6630434782608603,0.5925925925925952,0.423367697594502,0.4852941176470589,0.8142292490118577
0.0,0.35869565217391397,0.46913580246913966,0.4329896907216497,0.5588235294117648,0.3636363636363636
0.5,0.30434782608695343,0.24691358024691112,0.35189003436426125,0.641544117647059,0.40711462450592883
0.5,0.4999999999999929,0.5061728395061778,0.6281786941580756,0.5220588235294119,0.43083003952569165
0.0,0.7173913043478208,0.654320987654323,0.6886597938144332,0.3566176470588236,0.7549407114624506
0.0,0.29347826086956275,0.2962962962963047,0.8948453608247422,0.19485294117647042,0.308300395256917
0.0,0.5869565217391255,0.5555555555555571,0.16219931271477672,0.9577205882352944,0.6324110671936758
0.5,0.7499999999999929,0.6049382716049436,0.24467353951890036,0.6691176470588237,0.5296442687747035
0.0,0.4891304347826093,0.4320987654321016,0.42749140893470816,0.5808823529411765,0.8458498023715414
0.5,0.38043478260869534,0.518518518518519,0.33951890034364274,0.7426470588235295,0.7667984189723319
0.5,0.7826086956521721,0.7530864197530889,0.5470790378006876,0.4558823529411765,0.2134387351778656
0.5,0.5326086956521721,0.6913580246913611,0.44398625429553285,0.4503676470588235,0.40316205533596833
0.5,0.5869565217391255,0.7654320987654302,0.6721649484536085,0.33272058823529405,0.458498023715415
0.0,0.3913043478260789,0.5432098765432158,0.9003436426116838,0.244485294117647,0.5177865612648221
0.5,0.4021739130434767,0.5061728395061778,1.0,0.056985294117646884,0.5691699604743082
0.5,0.8804347826086882,0.8888888888888857,0.19106529209621992,0.7628676470588236,0.26877470355731226
0.0,0.2717391304347814,0.3333333333333357,0.7821305841924402,0.27022058823529405,0.5770750988142292
0.5,0.4130434782608674,0.3333333333333357,0.22268041237113412,0.7500000000000001,0.24505928853754938
0.0,0.7717391304347743,0.5432098765432158,1.0,0.11213235294117627,0.23320158102766797
0.0,0.22826086956521152,0.3209876543209944,0.5402061855670106,0.46875,0.0
0.5,0.5326086956521721,0.7037037037037024,1.0,0.14889705882352924,0.07905138339920947
0.5,0.5869565217391255,0.8148148148148167,0.3601374570446736,0.6323529411764707,0.5177865612648221
0.5,0.17391304347825098,0.2716049382716008,0.3752577319587629,0.6397058823529412,0.23715415019762845
0.0,0.7717391304347743,0.5679012345679055,0.42886597938144355,0.6066176470588236,0.4861660079051383
0.0,0.4130434782608674,0.3950617283950635,0.7120274914089348,0.3088235294117647,0.4268774703557312
0.5,0.7282608695652115,0.6790123456790127,0.31890034364261166,0.6746323529411765,0.07905138339920947
0.0,0.7282608695652115,0.5802469135802468,0.3876288659793816,0.6213235294117648,0.6521739130434783
0.5,0.4891304347826093,0.44444444444444997,0.41512027491408965,0.5496323529411765,0.4703557312252964
0.0,0.9239130434782581,0.8888888888888857,0.6199312714776632,0.42095588235294124,0.7193675889328063
0.0,0.6413043478260789,0.6049382716049436,0.3312714776632304,0.7003676470588236,0.2608695652173913
0.0,0.30434782608695343,0.2839506172839492,0.7271477663230241,0.3345588235294117,0.6482213438735177
1.0,0.38043478260869534,0.49382716049382935,0.4027491408934707,0.7775735294117649,0.46640316205533594
0.5,0.5978260869565162,0.8148148148148167,0.50446735395189,0.5055147058823529,0.28063241106719367
0.5,0.6521739130434767,0.654320987654323,0.6501718213058418,0.3713235294117647,0.5731225296442687
0.5,0.7608695652173907,0.6419753086419746,0.7890034364261171,0.31066176470588225,0.541501976284585
0.5,0.22826086956521152,0.3456790123456841,0.33539518900343657,0.6011029411764707,0.19367588932806323
1.0,0.3913043478260789,0.5432098765432158,0.21443298969072178,0.7683823529411766,0.7312252964426877
0.5,0.4021739130434767,0.6049382716049436,0.8508591065292097,0.17279411764705868,0.758893280632411
0.5,0.29347826086956275,0.23456790123456983,0.8577319587628867,0.2426470588235293,0.4703557312252964
0.0,0.5869565217391255,0.5555555555555571,0.6515463917525772,0.36397058823529416,0.10276679841897232
0.0,0.8695652173913047,0.7037037037037024,1.0,0.15992647058823514,0.0
0.0,0.6195652173912976,0.6296296296296333,0.2845360824742269,0.8161764705882355,0.07905138339920947
0.0,0.9130434782608674,0.790123456790127,0.37800687285223367,0.6084558823529412,0.2924901185770751
0.5,0.6086956521739069,0.7654320987654302,0.42886597938144355,0.5165441176470589,0.11067193675889328
0.5,0.5652173913043441,0.7654320987654302,0.9718213058419245,0.17095588235294104,0.3952569169960474
0.0,0.20652173913043015,0.3333333333333357,0.6006872852233678,0.3161764705882353,0.7233201581027667
0.5,0.3260869565217348,0.48148148148148806,0.49896907216494846,0.5018382352941178,0.3201581027667984
0.0,0.4130434782608674,0.3827160493827222,0.20893470790378021,1.0,0.07905138339920947
0.5,0.2608695652173836,0.4320987654321016,0.7312714776632303,0.2683823529411764,0.6956521739130435
0.5,0.6521739130434767,0.6296296296296333,0.46872852233676987,0.5018382352941178,0.09881422924901186
0.0,0.7391304347826093,0.6172839506172849,0.26254295532646066,0.6709558823529412,0.16205533596837943
0.0,0.3152173913043441,0.45679012345679126,0.37800687285223367,0.599264705882353,0.7391304347826086
0.5,0.7499999999999929,0.7037037037037024,0.5085910652920962,0.4522058823529411,0.14624505928853754
0.0,0.20652173913043015,0.3456790123456841,0.8219931271477665,0.23897058823529402,0.02766798418972332
0.0,0.5760869565217348,0.7530864197530889,0.5099656357388316,0.44485294117647056,0.7391304347826086
0.5,0.4999999999999929,0.4320987654321016,0.7079037800687287,0.3253676470588235,0.05138339920948616
0.5,0.7608695652173907,0.654320987654323,0.3876288659793816,0.604779411764706,0.691699604743083
0.0,0.6739130434782581,0.6049382716049436,0.44261168384879745,0.6488970588235295,0.3201581027667984
0.0,0.6630434782608603,0.6172839506172849,0.6006872852233678,0.3933823529411765,0.37154150197628455
0.0,0.30434782608695343,0.2839506172839492,0.39587628865979374,0.5441176470588236,0.23320158102766797
0.5,0.1630434782608674,0.2716049382716008,0.7079037800687287,0.3492647058823529,0.30039525691699603
0.0,0.14130434782608603,0.20987654320987303,0.6364261168384879,0.40808823529411764,0.6640316205533596
0.0,0.5869565217391255,0.6296296296296333,0.4824742268041238,0.5716911764705883,0.21739130434782608
0.5,0.6086956521739069,0.6296296296296333,0.32164948453608244,0.6488970588235295,0.08695652173913043
0.0,0.46739130434782794,0.46913580246913966,0.872852233676976,0.2738970588235293,0.6284584980237153
0.0,0.4021739130434767,0.5802469135802468,0.270790378006873,0.667279411764706,0.8932806324110671
0.0,0.3260869565217348,0.3950617283950635,0.14020618556701048,0.7334558823529413,0.17391304347826086
0.0,0.9239130434782581,0.9135802469135825,0.1938144329896907,0.7904411764705883,0.7628458498023715
0.5,0.9239130434782581,0.8518518518518547,0.8247422680412373,0.20404411764705868,0.5889328063241106
0.0,0.6739130434782581,0.5802469135802468,1.0,0.16544117647058812,0.035573122529644265
0.0,0.4891304347826093,0.5802469135802468,0.723024054982818,0.3216911764705882,0.8063241106719367
0.5,0.5652173913043441,0.518518518518519,0.841237113402062,0.25183823529411753,0.3992094861660079
0.5,0.25,0.3703703703703738,0.2859106529209623,0.8658088235294119,0.2924901185770751
0.0,0.891304347826086,0.7407407407407405,1.0,0.17463235294117638,0.6205533596837944
0.0,0.30434782608695343,0.2716049382716008,1.0,0.08639705882352924,0.01976284584980237
0.0,0.09782608695651618,0.18518518518518334,0.38075601374570445,0.5330882352941176,0.07905138339920947
0.0,0.3260869565217348,0.5308641975308674,0.4013745704467353,0.6397058823529412,0.3992094861660079
0.0,0.5326086956521721,0.7037037037037024,0.9938144329896907,0.1801470588235293,0.33992094861660077
0.0,0.3260869565217348,0.2962962962963047,0.6927835051546394,0.5238970588235294,0.0
0.0,0.2391304347826022,0.3456790123456841,0.18969072164948453,0.6966911764705884,0.15019762845849802
0.0,0.10869565217390686,0.19753086419753174,0.3725085910652921,0.5275735294117647,0.8221343873517786
0.5,0.2391304347826022,0.46913580246913966,0.38487972508591084,0.568014705882353,0.1818181818181818
0.0,0.2717391304347814,0.4074074074074119,0.23642611683848802,0.8106617647058825,0.023715415019762844
0.5,0.3260869565217348,0.4320987654321016,0.26254295532646066,0.7095588235294118,0.08300395256916995
0.0,0.2608695652173836,0.18518518518518334,0.4810996563573884,0.42279411764705876,0.7707509881422925
0.5,0.9782608695652186,0.9629629629629619,1.0,0.042279411764705704,0.6798418972332015
0.0,0.38043478260869534,0.3456790123456841,0.3120274914089347,0.5808823529411765,0.13043478260869565
0.0,0.35869565217391397,0.518518518518519,0.6350515463917525,0.3272058823529411,0.007905138339920948
1.0,0.38043478260869534,0.518518518518519,0.4920962199312715,0.5386029411764707,0.11857707509881422
0.0,0.5978260869565162,0.7530864197530889,0.3422680412371135,0.5625,0.8814229249011857
1.0,0.3369565217391255,0.3456790123456841,0.3161512027491409,0.630514705882353,0.48221343873517786
0.0,0.7173913043478208,0.5679012345679055,1.0,0.15624999999999986,0.26482213438735175
0.5,0.3152173913043441,0.4074074074074119,0.33676975945017196,0.6452205882352942,0.38339920948616596
0.5,0.21739130434782084,0.2962962962963047,0.27766323024054995,0.8455882352941178,0.7865612648221343
1.0,0.30434782608695343,0.3333333333333357,0.4769759450171822,0.5698529411764706,0.023715415019762844
0.5,0.09782608695651618,0.16049382716049365,0.4783505154639176,0.4558823529411765,0.09881422924901186
0.5,0.5760869565217348,0.5308641975308674,0.4371134020618559,0.5220588235294119,0.5019762845849802
0.0,0.5543478260869534,0.7160493827160508,0.3752577319587629,0.5845588235294119,0.3794466403162055
0.0,0.6304347826086953,0.6666666666666714,0.41512027491408965,0.5165441176470589,0.49407114624505927
0.0,0.30434782608695343,0.24691358024691112,0.4494845360824744,0.6488970588235295,0.4387351778656126
1.0,0.3152173913043441,0.3703703703703738,0.48384879725085916,0.42095588235294124,0.15810276679841895
0.0,0.5434782608695627,0.7160493827160508,0.38213058419243984,0.5919117647058825,0.32411067193675885
0.0,0.05434782608695343,0.09876543209876587,0.4467353951890036,0.5091911764705883,0.3557312252964427
0.0,0.5869565217391255,0.6296296296296333,0.8879725085910652,0.1580882352941175,0.23320158102766797
0.0,0.30434782608695343,0.4320987654321016,0.8714776632302406,0.2591911764705881,0.32806324110671936
0.0,0.5978260869565162,0.6790123456790127,0.3601374570446736,0.7647058823529413,0.3359683794466403
0.0,0.4782608695652115,0.48148148148148806,0.7587628865979381,0.2628676470588235,0.5770750988142292
0.5,0.6086956521739069,0.6790123456790127,0.41786941580756043,0.5,0.3675889328063241
0.0,0.30434782608695343,0.3333333333333357,0.3711340206185567,0.6029411764705883,0.4150197628458498
0.0,0.6739130434782581,0.5925925925925952,0.30378006872852237,0.7738970588235294,0.7391304347826086
0.0,0.5652173913043441,0.7283950617283992,0.5127147766323024,0.6433823529411765,0.616600790513834
0.0,0.09782608695651618,0.17283950617284205,0.33676975945017196,0.7463235294117648,0.8023715415019762
0.0,0.7608695652173907,0.6419753086419746,0.6213058419243986,0.3216911764705882,0.4426877470355731
0.0,0.6086956521739069,0.6172839506172849,0.30378006872852237,0.6838235294117648,0.8458498023715414
0.0,0.7173913043478208,0.654320987654323,0.2859106529209623,0.5900735294117647,0.7351778656126482
0.0,0.13043478260868824,0.18518518518518334,0.43024054982817894,0.46691176470588247,0.6324110671936758
0.0,0.7282608695652115,0.6419753086419746,0.5195876288659793,0.3970588235294117,0.02766798418972332
0.5,0.3260869565217348,0.3333333333333357,0.37938144329896906,0.6378676470588236,0.7035573122529644
0.5,0.30434782608695343,0.5308641975308674,0.30927835051546393,0.5569852941176472,0.2569169960474308
0.5,0.9021739130434767,0.790123456790127,0.6309278350515464,0.3621323529411764,0.02766798418972332
0.5,0.5652173913043441,0.5802469135802468,0.5223367697594501,0.4503676470588235,0.2569169960474308
0.5,0.21739130434782084,0.3209876543209944,0.2378006872852234,0.7187500000000001,0.20158102766798416
0.0,0.5543478260869534,0.7283950617283992,0.6955326460481102,0.3713235294117647,0.6798418972332015
0.0,0.5978260869565162,0.5925925925925952,0.43161512027491433,0.4816176470588236,0.18577075098814227
0.0,0.7282608695652115,0.6049382716049436,0.2721649484536084,0.641544117647059,0.8142292490118577
0.0,0.3913043478260789,0.3703703703703738,0.536082474226804,0.5220588235294119,0.43478260869565216
1.0,0.9130434782608674,0.864197530864196,0.5443298969072168,0.5036764705882354,0.592885375494071
1.0,0.5434782608695627,0.518518518518519,0.3106529209621993,0.6231617647058825,0.8300395256916996
0.0,0.3152173913043441,0.2962962962963047,0.6185567010309279,0.4025735294117647,0.1541501976284585
0.0,0.5217391304347814,0.44444444444444997,0.9250859106529212,0.18749999999999986,0.49407114624505927
0.0,0.5869565217391255,0.6296296296296333,0.716151202749141,0.2959558823529411,0.3952569169960474
1.0,0.5652173913043441,0.45679012345679126,0.26391752577319605,0.6139705882352943,0.3675889328063241
0.0,0.5543478260869534,0.6666666666666714,1.0,0.13419117647058812,0.7707509881422925
0.0,0.5978260869565162,0.6172839506172849,0.5786941580756015,0.39522058823529405,0.5691699604743082
1.0,0.7065217391304301,0.518518518518519,0.3436426116838489,0.7077205882352942,0.458498023715415
0.5,0.38043478260869534,0.5679012345679055,0.4948453608247423,0.4466911764705883,0.3913043478260869
0.5,0.5108695652173907,0.48148148148148806,0.4247422680412374,0.4650735294117647,0.05138339920948616
0.0,0.5217391304347814,0.7160493827160508,0.36563573883161515,0.5147058823529411,0.3162055335968379
0.0,0.05434782608695343,0.08641975308641747,0.31752577319587627,0.6397058823529412,0.3320158102766798
0.0,0.8478260869565233,0.8518518518518547,0.4756013745704468,0.5386029411764707,0.5454545454545454
0.5,0.6195652173912976,0.6790123456790127,0.48522336769759455,0.42279411764705876,0.05138339920948616
0.5,0.5978260869565162,0.6913580246913611,0.40824742268041225,0.5588235294117648,0.44664031620553357
0.0,0.9130434782608674,0.8518518518518547,0.40962199312714764,0.5459558823529412,0.7233201581027667
0.0,0.7391304347826093,0.6913580246913611,0.6405498281786941,0.3272058823529411,0.1976284584980237
1.0,0.3478260869565162,0.45679012345679126,0.691408934707904,0.3492647058823529,0.4268774703557312
0.0,0.35869565217391397,0.3333333333333357,0.5374570446735398,0.4375,0.7430830039525691
0.0,0.5326086956521721,0.6049382716049436,0.361512027491409,0.5422794117647058,0.44664031620553357
0.0,0.9130434782608674,0.9012345679012341,0.8041237113402064,0.29779411764705876,0.1660079051383399
0.5,0.3913043478260789,0.308641975308646,0.3340206185567012,0.7077205882352942,0.16996047430830039
0.0,0.4782608695652115,0.6419753086419746,0.2969072164948454,0.6507352941176472,0.7430830039525691
0.0,0.3260869565217348,0.4320987654321016,0.29553264604811,0.7224264705882354,0.10276679841897232
0.5,0.5652173913043441,0.7654320987654302,0.47147766323024065,0.5827205882352942,0.11857707509881422
0.5,0.5978260869565162,0.7777777777777786,0.37800687285223367,0.7444852941176472,0.5968379446640316
0.0,0.5434782608695627,0.654320987654323,0.6116838487972509,0.4025735294117647,0.5612648221343873
0.0,0.4782608695652115,0.5555555555555571,0.4137457044673538,0.4908088235294118,0.10276679841897232
0.5,0.6195652173912976,0.6419753086419746,0.47010309278350526,0.5827205882352942,0.2608695652173913
0.0,0.2391304347826022,0.3456790123456841,0.22955326460481107,0.6470588235294119,0.5177865612648221
0.5,0.9021739130434767,0.9012345679012341,0.3134020618556701,0.46691176470588247,0.4624505928853755
0.0,0.5652173913043441,0.7654320987654302,0.29553264604811,0.693014705882353,0.13833992094861658
0.0,0.44565217391303946,0.4320987654321016,0.44123711340206206,0.5422794117647058,0.450592885375494
1.0,0.7391304347826093,0.6419753086419746,0.3903780068728524,0.5459558823529412,0.7826086956521738
0.0,0.09782608695651618,0.16049382716049365,0.33814432989690735,0.6525735294117647,0.6403162055335968
0.0,0.38043478260869534,0.3456790123456841,0.37938144329896906,0.5404411764705883,0.32806324110671936
0.0,0.3369565217391255,0.3580246913580325,0.44398625429553285,0.536764705882353,0.4743083003952569
0.0,0.5217391304347814,0.4320987654321016,0.8453608247422681,0.26654411764705876,0.46640316205533594
0.0,0.5217391304347814,0.49382716049382935,0.7037800687285225,0.38602941176470584,0.5533596837944663
0.0,0.8152173913043441,0.8518518518518547,0.4041237113402061,0.48897058823529416,0.08695652173913043
0.0,0.7717391304347743,0.7530864197530889,0.7683848797250858,0.25183823529411753,0.8418972332015809
0.5,0.6956521739130395,0.6296296296296333,0.45910652920962214,0.3970588235294117,0.6205533596837944
0.0,0.7282608695652115,0.654320987654323,0.7120274914089348,0.3621323529411764,0.09881422924901186
0.0,0.5978260869565162,0.7530864197530889,0.21305841924398639,0.8878676470588238,0.7035573122529644
0.0,0.6956521739130395,0.654320987654323,0.5195876288659793,0.5551470588235294,0.0909090909090909
0.0,0.6086956521739069,0.6419753086419746,0.6144329896907217,0.3529411764705882,0.7233201581027667
0.0,0.5434782608695627,0.4320987654321016,0.5553264604810999,0.3529411764705882,0.683794466403162
0.0,0.8478260869565233,0.6790123456790127,0.31752577319587627,0.6691176470588237,0.4387351778656126
0.0,0.35869565217391397,0.308641975308646,0.21580756013745717,0.7573529411764707,0.16205533596837943
1.0,0.3369565217391255,0.2716049382716008,0.6006872852233678,0.3345588235294117,0.07114624505928853
0.0,0.4239130434782581,0.3456790123456841,0.2721649484536084,0.6783088235294119,0.2924901185770751
0.0,0.4021739130434767,0.5432098765432158,0.38350515463917545,0.5514705882352942,0.4110671936758893
0.0,0.7173913043478208,0.654320987654323,0.25841924398625427,0.604779411764706,0.4703557312252964
0.0,0.6195652173912976,0.6790123456790127,0.41099656357388303,0.599264705882353,0.14229249011857706
1.0,0.21739130434782084,0.2716049382716008,0.4027491408934707,0.4540441176470589,0.6363636363636364
0.0,0.44565217391303946,0.3703703703703738,0.7051546391752579,0.3308823529411764,0.6758893280632411
0.5,0.3913043478260789,0.5432098765432158,0.4343642611683851,0.46139705882352944,0.2885375494071146
0.5,0.8043478260869534,0.6049382716049436,0.24879725085910653,0.7058823529411766,0.023715415019762844
0.5,0.5543478260869534,0.7407407407407405,0.3161512027491409,0.5477941176470589,0.6956521739130435
0.0,0.9021739130434767,0.8518518518518547,0.511340206185567,0.4963235294117647,0.08300395256916995
0.0,0.6521739130434767,0.5679012345679055,0.5319587628865978,0.5220588235294119,0.5177865612648221
0.0,0.5652173913043441,0.518518518518519,0.29415807560137464,0.6194852941176472,0.5296442687747035
0.5,0.2391304347826022,0.2716049382716008,0.5168384879725085,0.46139705882352944,0.5375494071146245
0.0,0.5760869565217348,0.518518518518519,0.42886597938144355,0.568014705882353,0.6047430830039525
0.5,0.8043478260869534,0.7283950617283992,0.45773195876288675,0.4779411764705882,0.6758893280632411
0.5,0.891304347826086,0.8888888888888857,0.3711340206185567,0.5514705882352942,0.41897233201581024
0.0,0.8152173913043441,0.827160493827158,0.4962199312714777,0.4411764705882353,0.9367588932806323
1.0,0.1630434782608674,0.2839506172839492,0.19656357388316148,0.8419117647058825,0.07509881422924901
0.0,0.2391304347826022,0.3456790123456841,0.38487972508591084,0.7628676470588236,0.32806324110671936
1.0,0.7499999999999929,0.7283950617283992,0.25979381443298966,0.5772058823529412,0.5612648221343873
0.0,0.891304347826086,0.7777777777777786,0.3752577319587629,0.8088235294117647,0.34782608695652173
0.5,0.2717391304347814,0.18518518518518334,0.39587628865979374,0.49264705882352944,0.7865612648221343
0.0,0.7391304347826093,0.654320987654323,0.7862542955326464,0.3308823529411764,0.7193675889328063
0.5,0.46739130434782794,0.4074074074074119,0.1058419243986255,0.9411764705882355,0.4743083003952569
0.0,0.28260869565216495,0.2962962962963047,0.30927835051546393,0.6893382352941178,0.7628458498023715
0.0,0.891304347826086,0.790123456790127,0.48659793814432994,0.4338235294117647,0.4229249011857707
0.5,0.17391304347825098,0.2716049382716008,1.0,0.11213235294117627,0.33992094861660077
0.0,0.7608695652173907,0.6296296296296333,0.6625429553264608,0.36029411764705876,0.10276679841897232
0.0,0.6521739130434767,0.6172839506172849,0.4618556701030929,0.6323529411764707,0.2924901185770751
0.0,0.25,0.3580246913580325,0.2515463917525773,0.7022058823529412,0.14624505928853754
0.0,0.9239130434782581,0.9012345679012341,0.3903780068728524,0.47426470588235303,0.2845849802371541
0.0,0.043478260869562746,0.06172839506172778,0.3986254295532645,0.511029411764706,0.40711462450592883
0.5,0.6304347826086953,0.7283950617283992,0.1347079037800687,0.7849264705882355,0.8300395256916996
0.0,0.5652173913043441,0.5061728395061778,0.18831615120274914,0.7150735294117648,0.7984189723320158
0.5,0.5869565217391255,0.46913580246913966,0.30927835051546393,0.5716911764705883,0.3201581027667984
0.5,0.3369565217391255,0.308641975308646,0.6075601374570447,0.40808823529411764,0.09486166007905138
0.0,0.28260869565216495,0.3580246913580325,0.4123711340206184,0.42647058823529416,0.6640316205533596
0.0,0.28260869565216495,0.2839506172839492,0.45773195876288675,0.43933823529411775,0.015810276679841896
0.5,0.4891304347826093,0.6666666666666714,0.541580756013746,0.42095588235294124,0.6719367588932806
0.0,0.9565217391304373,0.9259259259259238,0.5512027491408937,0.42279411764705876,0.5770750988142292
0.5,0.22826086956521152,0.3333333333333357,0.5443298969072168,0.40808823529411764,0.4150197628458498
0.0,0.29347826086956275,0.24691358024691112,0.34914089347079047,0.6029411764705883,0.5533596837944663
0.5,0.30434782608695343,0.24691358024691112,0.4536082474226806,0.46875,0.3201581027667984
0.0,0.29347826086956275,0.2592592592592595,0.6254295532646048,0.31433823529411753,0.09486166007905138
0.5,0.9347826086956488,0.9259259259259238,0.34914089347079047,0.6470588235294119,0.849802371541502
0.0,0.6847826086956488,0.5802469135802468,0.479725085910653,0.5202205882352942,0.6600790513833992
0.5,0.4021739130434767,0.5555555555555571,0.1786941580756014,0.8161764705882355,0.03952569169960474
0.0,0.5434782608695627,0.7037037037037024,0.2405498281786942,0.8253676470588238,0.5612648221343873
0.0,0.21739130434782084,0.3333333333333357,0.3752577319587629,0.5625,0.05533596837944664
0.5,0.45652173913043015,0.5432098765432158,0.6749140893470793,0.34375,0.17391304347826086
0.5,0.5217391304347814,0.45679012345679126,0.24879725085910653,0.7977941176470591,0.5019762845849802
1.0,0.8152173913043441,0.8148148148148167,0.4329896907216497,0.6323529411764707,0.8814229249011857
0.0,0.29347826086956275,0.2962962962963047,0.8371134020618558,0.2113970588235293,0.7905138339920948
0.0,0.8043478260869534,0.8148148148148167,0.3477663230240551,0.6562500000000001,0.0
0.0,0.38043478260869534,0.49382716049382935,0.07835051546391769,0.9301470588235297,0.14624505928853754
0.5,0.8260869565217348,0.654320987654323,0.5333333333333332,0.43566176470588236,0.17391304347826086
0.5,0.36956521739129755,0.5432098765432158,0.5237113402061855,0.5459558823529412,0.24110671936758893
1.0,0.5326086956521721,0.44444444444444997,0.4646048109965637,0.4191176470588236,0.24901185770750986
0.0,0.5543478260869534,0.49382716049382935,0.5030927835051546,0.5459558823529412,0.5019762845849802
0.5,0.22826086956521152,0.2716049382716008,0.6309278350515464,0.39522058823529405,0.6561264822134387
0.0,0.03260869565217206,0.06172839506172778,0.38213058419243984,0.6819852941176472,0.525691699604743
0.5,0.21739130434782084,0.308641975308646,0.3903780068728524,0.46691176470588247,0.17391304347826086
0.0,0.8369565217391255,0.6790123456790127,0.26529209621993144,0.6397058823529412,0.41897233201581024
1.0,0.22826086956521152,0.3703703703703738,0.6254295532646048,0.38602941176470584,0.5019762845849802
1.0,0.6739130434782581,0.6172839506172849,0.3106529209621993,0.6231617647058825,0.5138339920948616
0.0,0.6630434782608603,0.6172839506172849,1.0,0.16544117647058812,0.07509881422924901
1.0,0.5760869565217348,0.5802469135802468,0.42749140893470816,0.4191176470588236,0.592885375494071
0.0,0.6847826086956488,0.6296296296296333,0.2570446735395189,0.8272058823529413,0.7707509881422925
0.0,0.3369565217391255,0.2716049382716008,1.0,0.02573529411764683,0.6482213438735177
0.0,0.5108695652173907,0.46913580246913966,0.6969072164948455,0.31985294117647056,0.043478260869565216
1.0,0.30434782608695343,0.46913580246913966,0.49759450171821307,0.5036764705882354,0.2569169960474308
0.5,0.891304347826086,0.864197530864196,1.0,0.07169117647058806,0.17786561264822134
1.0,0.1630434782608674,0.2839506172839492,0.3917525773195878,0.7022058823529412,0.09486166007905138
0.5,0.3152173913043441,0.4197530864197603,0.6639175257731962,0.2941176470588235,0.7351778656126482
0.0,0.9130434782608674,0.8148148148148167,0.6020618556701032,0.4522058823529411,0.40711462450592883
1.0,0.29347826086956275,0.2592592592592595,0.20068728522336787,0.6433823529411765,0.07509881422924901
0.0,0.22826086956521152,0.3209876543209944,0.5223367697594501,0.6213235294117648,0.02766798418972332
1.0,0.2717391304347814,0.3950617283950635,0.6625429553264608,0.3566176470588236,0.7707509881422925
0.0,0.3478260869565162,0.2962962962963047,0.5443298969072168,0.33639705882352944,0.13438735177865613
1.0,0.6195652173912976,0.654320987654323,0.6487972508591064,0.4558823529411765,0.46640316205533594
0.0,0.6304347826086953,0.5925925925925952,0.5003436426116838,0.4540441176470589,0.4703557312252964
0.0,0.4891304347826093,0.6666666666666714,0.40962199312714764,0.6121323529411765,0.2292490118577075
0.0,0.7717391304347743,0.5555555555555571,0.46048109965635753,0.43014705882352944,0.6561264822134387
0.0,0.4782608695652115,0.4320987654321016,0.6556701030927834,0.3308823529411764,0.541501976284585
0.5,0.6195652173912976,0.6419753086419746,0.26254295532646066,0.7463235294117648,0.7114624505928854
0.0,0.3913043478260789,0.3580246913580325,0.43024054982817894,0.5128676470588236,0.49011857707509876
0.0,0.10869565217390686,0.18518518518518334,0.16907216494845367,0.8419117647058825,0.11462450592885375
0.0,0.9565217391304373,0.9753086419753103,0.6089347079037801,0.34191176470588225,0.5691699604743082
0.0,0.4239130434782581,0.3827160493827222,0.5140893470790378,0.4852941176470589,0.7075098814229248
1.0,0.4021739130434767,0.5925925925925952,0.23092783505154646,0.8088235294117647,0.5375494071146245
0.0,0.5869565217391255,0.6666666666666714,0.35463917525773203,0.6139705882352943,0.38339920948616596
0.5,0.2391304347826022,0.3580246913580325,0.3587628865979382,0.693014705882353,0.5098814229249011
0.0,0.5543478260869534,0.49382716049382935,0.20068728522336787,0.6875000000000001,0.7075098814229248
0.0,0.38043478260869534,0.5061728395061778,0.9993127147766323,0.1691176470588234,0.5296442687747035
0.5,0.5326086956521721,0.7407407407407405,0.5896907216494847,0.4908088235294118,0.26877470355731226
0.5,0.6630434782608603,0.654320987654323,0.3560137457044674,0.5588235294117648,0.05138339920948616
0.5,0.29347826086956275,0.308641975308646,0.40962199312714764,0.5477941176470589,0.007905138339920948
0.0,0.7717391304347743,0.7530864197530889,0.20893470790378021,0.8014705882352942,0.3952569169960474
0.5,0.8043478260869534,0.5925925925925952,0.9786941580756015,0.18198529411764694,0.8181818181818181
0.5,0.4999999999999929,0.4320987654321016,0.5580756013745707,0.43566176470588236,0.6996047430830039
0.5,0.7065217391304301,0.6666666666666714,0.6584192439862542,0.34558823529411764,0.023715415019762844
0.0,0.3478260869565162,0.45679012345679126,0.26391752577319605,0.8841911764705883,0.7391304347826086
0.0,0.3152173913043441,0.3950617283950635,0.2254295532646049,0.5808823529411765,0.3952569169960474
1.0,0.5652173913043441,0.7283950617283992,0.2515463917525773,0.7481617647058825,0.308300395256917
1.0,0.35869565217391397,0.46913580246913966,0.48797250859106533,0.3933823529411765,0.4703557312252964
0.0,0.7608695652173907,0.7037037037037024,0.47147766323024065,0.4025735294117647,0.2964426877470355
1.0,0.2608695652173836,0.3950617283950635,0.42749140893470816,0.5165441176470589,0.3438735177865612
0.5,0.5652173913043441,0.5061728395061778,0.5470790378006876,0.4246323529411764,0.8063241106719367
0.0,0.6956521739130395,0.6419753086419746,0.7381443298969073,0.33823529411764697,0.5770750988142292
0.0,0.25,0.3580246913580325,0.529209621993127,0.5091911764705883,0.533596837944664
0.0,0.4891304347826093,0.45679012345679126,0.4219931271477666,0.5625,0.20158102766798416
0.0,0.6630434782608603,0.6172839506172849,0.6941580756013748,0.27573529411764697,0.7154150197628458
0.0,0.4130434782608674,0.308641975308646,0.3312714776632304,0.6176470588235294,0.04743083003952569
0.0,0.4782608695652115,0.6049382716049436,0.6969072164948455,0.3400735294117647,0.5098814229249011
0.0,0.7282608695652115,0.5308641975308674,0.6817869415807563,0.2904411764705882,0.7509881422924901
0.0,0.4021739130434767,0.5679012345679055,0.4659793814432991,0.43933823529411775,0.683794466403162
0.5,0.2391304347826022,0.3703703703703738,0.2680412371134022,0.7500000000000001,0.7667984189723319
0.0,0.5869565217391255,0.6049382716049436,0.44398625429553285,0.5588235294117648,0.7391304347826086
0.5,0.1521739130434696,0.2592592592592595,0.16219931271477672,0.8768382352941178,0.0
0.0,0.14130434782608603,0.20987654320987303,0.36838487972508593,0.5514705882352942,0.616600790513834
0.0,0.22826086956521152,0.3580246913580325,0.6419243986254295,0.3253676470588235,0.6284584980237153
0.0,0.7934782608695627,0.7283950617283992,1.0,0.17647058823529396,0.7114624505928854
0.0,0.3478260869565162,0.3827160493827222,0.18831615120274914,0.8437500000000002,0.10276679841897232
0.0,0.09782608695651618,0.13580246913580396,0.6694158075601377,0.33639705882352944,0.5375494071146245
0.0,0.38043478260869534,0.5061728395061778,0.4673539518900345,0.43198529411764697,0.2727272727272727
0.5,0.7391304347826093,0.5308641975308674,0.2570446735395189,0.5937500000000001,0.023715415019762844
0.5,0.30434782608695343,0.4197530864197603,0.38487972508591084,0.729779411764706,0.592885375494071
0.0,0.44565217391303946,0.6049382716049436,0.24742268041237114,0.7665441176470589,0.08695652173913043
0.0,0.6521739130434767,0.5679012345679055,0.31890034364261166,0.5790441176470589,0.18577075098814227
0.5,0.8478260869565233,0.6790123456790127,0.44123711340206206,0.5827205882352942,0.1067193675889328
0.5,0.5217391304347814,0.6666666666666714,0.6158075601374571,0.41176470588235303,0.7233201581027667
0.5,0.22826086956521152,0.308641975308646,0.5058419243986254,0.4007352941176471,0.015810276679841896
0.0,0.20652173913043015,0.2962962962963047,0.38213058419243984,0.4724264705882353,0.6482213438735177
0.5,0.22826086956521152,0.44444444444444997,0.45498281786941597,0.4411764705882353,0.34782608695652173
0.0,0.6956521739130395,0.654320987654323,0.2405498281786942,0.6691176470588237,0.09881422924901186
0.5,0.7826086956521721,0.7777777777777786,0.5814432989690723,0.3051470588235293,0.758893280632411
0.5,0.3478260869565162,0.308641975308646,0.5443298969072168,0.4540441176470589,0.05928853754940711
0.0,0.4239130434782581,0.6172839506172849,0.50446735395189,0.5477941176470589,0.06719367588932806
1.0,0.5760869565217348,0.7654320987654302,0.5993127147766324,0.3253676470588235,0.17786561264822134
0.5,0.20652173913043015,0.3209876543209944,0.5993127147766324,0.48897058823529416,0.035573122529644265
0.0,0.5326086956521721,0.7283950617283992,0.38213058419243984,0.6341911764705883,0.2608695652173913
0.0,0.5760869565217348,0.5432098765432158,0.6707903780068731,0.3658088235294118,0.17391304347826086
0.5,0.5217391304347814,0.5925925925925952,0.22130584192439873,0.8198529411764708,0.3913043478260869
0.0,0.9239130434782581,0.864197530864196,0.5883161512027493,0.4375,0.5296442687747035
0.0,0.4239130434782581,0.3333333333333357,0.38075601374570445,0.5643382352941178,0.8853754940711462
0.0,0.7717391304347743,0.5432098765432158,0.7436426116838488,0.3492647058823529,0.3952569169960474
0.0,0.7934782608695627,0.8024691358024683,0.7243986254295534,0.2628676470588235,0.12648221343873517
0.5,0.6956521739130395,0.6296296296296333,0.4893470790378007,0.5238970588235294,0.5810276679841897
0.0,0.3913043478260789,0.3703703703703738,0.5553264604810999,0.3915441176470589,0.3162055335968379
0.0,0.3478260869565162,0.3209876543209944,0.3986254295532645,0.573529411764706,0.17391304347826086
0.0,0.5652173913043441,0.49382716049382935,0.5786941580756015,0.3253676470588235,0.7826086956521738
0.5,0.7282608695652115,0.49382716049382935,0.2996563573883162,0.9172794117647061,0.5612648221343873
1.0,0.3369565217391255,0.45679012345679126,0.47285223367697604,0.41360294117647056,0.20158102766798416
0.5,0.3152173913043441,0.2839506172839492,0.5814432989690723,0.3841911764705883,0.12648221343873517
0.0,0.7391304347826093,0.7037037037037024,0.99106529209622,0.18198529411764694,0.7667984189723319
1.0,0.3260869565217348,0.48148148148148806,0.5195876288659793,0.43014705882352944,0.6996047430830039
0.5,0.6413043478260789,0.6049382716049436,0.5608247422680415,0.49264705882352944,0.43083003952569165
0.0,0.4347826086956488,0.3456790123456841,0.4357388316151205,0.5863970588235295,0.308300395256917
1.0,0.17391304347825098,0.24691358024691112,0.6707903780068731,0.3308823529411764,0.7154150197628458
0.0,0.1521739130434696,0.2839506172839492,0.50446735395189,0.4411764705882353,0.8300395256916996
0.0,0.9565217391304373,0.9382716049382722,0.33951890034364274,0.6838235294117648,0.7272727272727272
1.0,0.4891304347826093,0.46913580246913966,0.3463917525773197,0.6231617647058825,0.5375494071146245
0.0,0.8043478260869534,0.5925925925925952,0.48384879725085916,0.4871323529411764,0.2885375494071146
0.0,0.5543478260869534,0.7530864197530889,1.0,0.03860294117647042,0.01976284584980237
0.0,0.1521739130434696,0.2592592592592595,0.29415807560137464,0.6378676470588236,0.14624505928853754
0.0,0.28260869565216495,0.4197530864197603,0.5154639175257731,0.4375,0.07905138339920947
0.5,0.19565217391303946,0.2962962962963047,0.9003436426116838,0.2113970588235293,0.8656126482213438
0.0,0.7934782608695627,0.5925925925925952,0.4027491408934707,0.599264705882353,0.0
0.0,0.19565217391303946,0.3333333333333357,0.5154639175257731,0.49264705882352944,0.8102766798418972
0.0,0.2717391304347814,0.5061728395061778,0.5017182130584192,0.4411764705882353,0.7826086956521738
0.0,0.6630434782608603,0.6049382716049436,0.65979381443299,0.32904411764705876,0.3557312252964427
0.0,0.4891304347826093,0.5308641975308674,0.7271477663230241,0.42647058823529416,0.691699604743083
0.0,0.6304347826086953,0.6666666666666714,0.99106529209622,0.20220588235294104,0.6719367588932806
0.0,0.9347826086956488,0.9259259259259238,0.511340206185567,0.5808823529411765,0.4703557312252964
1.0,0.4999999999999929,0.4320987654321016,0.4907216494845361,0.375,0.0
0.5,0.5652173913043441,0.6913580246913611,0.4659793814432991,0.5625,0.16205533596837943
0.0,0.18478260869564878,0.3209876543209944,0.44536082474226824,0.6488970588235295,0.541501976284585
0.0,0.19565217391303946,0.3333333333333357,0.34914089347079047,0.5386029411764707,0.5849802371541502
0.0,0.44565217391303946,0.3703703703703738,0.529209621993127,0.5496323529411765,0.5059288537549407
0.5,0.5217391304347814,0.4320987654321016,0.7752577319587628,0.3841911764705883,0.8616600790513833
0.5,0.5434782608695627,0.46913580246913966,0.20893470790378021,0.908088235294118,0.5612648221343873
0.5,0.6195652173912976,0.6790123456790127,0.3106529209621993,0.5238970588235294,0.06324110671936758
0.0,0.3152173913043441,0.3209876543209944,0.08522336769759464,0.8602941176470591,0.6403162055335968
0.0,0.30434782608695343,0.4074074074074119,0.8508591065292097,0.2720588235294117,0.18577075098814227
0.0,0.6630434782608603,0.6296296296296333,0.7037800687285225,0.34191176470588225,0.7312252964426877
1.0,0.5652173913043441,0.6049382716049436,0.2886597938144331,0.7113970588235295,0.6561264822134387
0.0,0.20652173913043015,0.3580246913580325,1.0,0.20772058823529402,0.2134387351778656
0.5,0.7391304347826093,0.7037037037037024,0.3450171821305843,0.43014705882352944,0.18577075098814227
0.5,0.3913043478260789,0.5432098765432158,0.47422680412371143,0.5275735294117647,0.3162055335968379
0.0,0.25,0.46913580246913966,0.2817869415807561,0.6948529411764707,0.21739130434782608
0.5,0.30434782608695343,0.24691358024691112,0.36701030927835054,0.5165441176470589,0.5810276679841897
0.5,0.5652173913043441,0.44444444444444997,0.5099656357388316,0.48345588235294124,0.8537549407114624
0.0,0.4891304347826093,0.46913580246913966,0.423367697594502,0.5808823529411765,0.05533596837944664
0.5,0.5652173913043441,0.7037037037037024,1.0,0.11029411764705868,0.2964426877470355
0.0,0.2608695652173836,0.3827160493827222,0.2556701030927835,0.6875000000000001,0.40711462450592883
0.0,0.29347826086956275,0.22222222222222143,0.8577319587628867,0.2775735294117646,0.8577075098814229
0.5,0.44565217391303946,0.3580246913580325,0.39450171821305835,0.5496323529411765,0.7233201581027667
0.5,0.6086956521739069,0.6296296296296333,0.7243986254295534,0.31985294117647056,0.7430830039525691
0.5,0.08695652173912549,0.14814814814814525,1.0,0.19301470588235284,0.15019762845849802
0.0,0.20652173913043015,0.2716049382716008,0.4137457044673538,0.6507352941176472,0.5691699604743082
1.0,0.7934782608695627,0.5555555555555571,0.9690721649484537,0.15624999999999986,0.3438735177865612
1.0,0.7934782608695627,0.7407407407407405,0.41649484536082504,0.6525735294117647,0.09881422924901186
0.0,0.5326086956521721,0.4320987654321016,0.3601374570446736,0.5625,0.09486166007905138
0.0,0.5978260869565162,0.8518518518518547,0.34914089347079047,0.6838235294117648,0.4624505928853755
1.0,0.17391304347825098,0.2592592592592595,0.5237113402061855,0.42279411764705876,0.8142292490118577
0.5,0.1521739130434696,0.20987654320987303,0.511340206185567,0.4761029411764707,0.17786561264822134
0.0,0.46739130434782794,0.46913580246913966,0.5525773195876291,0.41727941176470584,0.7470355731225296
0.0,0.5326086956521721,0.7530864197530889,0.29003436426116846,0.7022058823529412,0.1818181818181818
0.0,0.4021739130434767,0.3827160493827222,0.4494845360824744,0.47058823529411764,0.2964426877470355
0.5,0.29347826086956275,0.2716049382716008,0.8000000000000003,0.25367647058823517,0.26482213438735175
0.0,0.5543478260869534,0.48148148148148806,0.5058419243986254,0.39889705882352944,0.608695652173913
0.5,0.6847826086956488,0.6419753086419746,0.5594501718213061,0.5018382352941178,0.5494071146245059
0.0,0.6521739130434767,0.5925925925925952,0.3271477663230242,0.630514705882353,0.32806324110671936
0.0,0.35869565217391397,0.4320987654321016,0.5140893470790378,0.6544117647058825,0.1660079051383399
0.0,0.3152173913043441,0.4074074074074119,0.2872852233676977,0.8272058823529413,0.03162055335968379
0.5,0.3478260869565162,0.2839506172839492,0.7491408934707904,0.23897058823529402,0.608695652173913
0.0,0.21739130434782084,0.2839506172839492,0.3463917525773197,0.6194852941176472,0.2885375494071146
0.0,0.9347826086956488,0.9135802469135825,0.647422680412371,0.29779411764705876,0.37549407114624506
0.0,0.3260869565217348,0.3209876543209944,0.5896907216494847,0.36029411764705876,0.2727272727272727
0.0,0.7608695652173907,0.7530864197530889,0.27628865979381456,0.7977941176470591,0.8221343873517786
1.0,0.7934782608695627,0.5802469135802468,0.3312714776632304,0.7444852941176472,0.20553359683794464
0.0,0.17391304347825098,0.2839506172839492,0.2405498281786942,0.5827205882352942,0.05928853754940711
0.0,0.03260869565217206,0.06172839506172778,0.5512027491408937,0.4099264705882353,0.5533596837944663
0.5,0.4347826086956488,0.4197530864197603,0.2982817869415808,0.6029411764705883,0.13438735177865613
0.0,0.5217391304347814,0.7037037037037024,0.38213058419243984,0.511029411764706,0.5810276679841897
0.0,0.46739130434782794,0.6049382716049436,0.6515463917525772,0.4099264705882353,0.5889328063241106
0.0,0.5978260869565162,0.5802469135802468,0.5525773195876291,0.41176470588235303,0.0909090909090909
0.5,0.8369565217391255,0.827160493827158,0.6556701030927834,0.3088235294117647,0.5098814229249011
0.0,0.5978260869565162,0.49382716049382935,0.4027491408934707,0.5790441176470589,0.6245059288537549
0.5,0.6086956521739069,0.6296296296296333,1.0,0.1268382352941175,0.5375494071146245
0.0,0.18478260869564878,0.24691358024691112,0.9608247422680414,0.18382352941176458,0.46640316205533594
0.0,0.5543478260869534,0.46913580246913966,0.24879725085910653,0.6911764705882354,0.11857707509881422
0.0,0.36956521739129755,0.5432098765432158,0.32027491408934705,0.5974264705882353,0.26482213438735175
0.0,0.38043478260869534,0.4074074074074119,0.9085910652920965,0.18566176470588222,0.6798418972332015
0.5,0.3260869565217348,0.4074074074074119,0.8714776632302406,0.27022058823529405,0.28063241106719367
0.5,0.6521739130434767,0.6172839506172849,0.1814432989690722,0.8363970588235294,0.3636363636363636
0.0,0.6413043478260789,0.6419753086419746,0.41099656357388303,0.4466911764705883,0.6047430830039525
1.0,0.7173913043478208,0.654320987654323,0.16907216494845367,0.9338235294117649,0.541501976284585
0.0,0.5652173913043441,0.46913580246913966,0.666666666666667,0.2720588235294117,0.24505928853754938
0.5,0.2608695652173836,0.3950617283950635,0.21855670103092795,0.9356617647058827,0.08300395256916995
0.0,0.5760869565217348,0.5925925925925952,0.6515463917525772,0.31433823529411753,0.3952569169960474
1.0,0.4130434782608674,0.5308641975308674,0.6721649484536085,0.37316176470588236,0.7391304347826086
0.0,0.30434782608695343,0.3333333333333357,0.22955326460481107,0.5036764705882354,0.43083003952569165
0.5,0.7391304347826093,0.6666666666666714,0.35051546391752586,0.4411764705882353,0.3162055335968379
0.5,0.2717391304347814,0.3333333333333357,0.42749140893470816,0.5643382352941178,0.5652173913043478
0.0,0.5869565217391255,0.48148148148148806,0.22130584192439873,0.7628676470588236,0.3162055335968379
0.5,0.6086956521739069,0.6172839506172849,0.7257731958762887,0.26654411764705876,0.30039525691699603
0.0,0.4021739130434767,0.5925925925925952,0.8068728522336772,0.2775735294117646,0.22134387351778656
0.0,0.13043478260868824,0.22222222222222143,0.23642611683848802,0.8511029411764708,0.3517786561264822
0.5,0.891304347826086,0.9012345679012341,1.0,0.16176470588235284,0.23715415019762845
0.0,0.7608695652173907,0.7530864197530889,0.4384879725085913,0.5588235294117648,0.8142292490118577
0.5,0.5434782608695627,0.7407407407407405,0.09347079037800698,0.8216911764705883,0.04743083003952569
0.0,0.29347826086956275,0.2962962962963047,0.9745704467353953,0.2113970588235293,0.0
0.0,0.9782608695652186,0.9629629629629619,1.0,0.0,0.08300395256916995
0.0,0.6739130434782581,0.6419753086419746,0.691408934707904,0.33639705882352944,0.6719367588932806
1.0,0.6304347826086953,0.6666666666666714,0.6185567010309279,0.30698529411764697,0.6324110671936758
0.5,0.3478260869565162,0.48148148148148806,0.2694158075601376,0.8437500000000002,0.4861660079051383
0.5,0.3152173913043441,0.2592592592592595,0.5635738831615122,0.39889705882352944,0.5019762845849802
0.5,0.8804347826086882,0.7530864197530889,0.4769759450171822,0.5477941176470589,0.8063241106719367
0.5,0.29347826086956275,0.3703703703703738,0.6130584192439863,0.32904411764705876,0.41897233201581024
0.0,0.5760869565217348,0.5432098765432158,0.4494845360824744,0.5422794117647058,0.5217391304347826
0.0,0.6521739130434767,0.6172839506172849,0.604810996563574,0.34191176470588225,0.33992094861660077
0.0,0.6630434782608603,0.6172839506172849,0.2859106529209623,0.6948529411764707,0.09881422924901186
0.0,0.22826086956521152,0.3209876543209944,0.5539518900343645,0.45772058823529416,0.6403162055335968
0.0,0.18478260869564878,0.2592592592592595,0.48522336769759455,0.5036764705882354,0.7509881422924901
0.0,0.2608695652173836,0.45679012345679126,0.30790378006872854,0.5753676470588236,0.5533596837944663
0.0,0.4130434782608674,0.5432098765432158,0.23092783505154646,0.8915441176470589,0.37154150197628455
0.5,0.4130434782608674,0.5432098765432158,0.6611683848797254,0.34558823529411764,0.16205533596837943
0.0,0.8804347826086882,0.8148148148148167,0.45910652920962214,0.42647058823529416,0.2727272727272727
0.0,0.21739130434782084,0.308641975308646,0.38213058419243984,0.7481617647058825,0.02766798418972332
0.5,0.6630434782608603,0.5925925925925952,0.06735395189003435,0.8786764705882355,0.40711462450592883
0.5,0.08695652173912549,0.17283950617284205,0.36426116838487976,0.4724264705882353,0.05533596837944664
0.5,0.30434782608695343,0.3950617283950635,0.21305841924398639,0.7150735294117648,0.34782608695652173
0.0,0.7826086956521721,0.7160493827160508,0.6996563573883163,0.30147058823529405,0.19367588932806323
0.5,0.35869565217391397,0.5308641975308674,0.47285223367697604,0.4540441176470589,0.1067193675889328
0.0,0.5434782608695627,0.7037037037037024,0.24467353951890036,0.704044117647059,0.5810276679841897
0.5,0.3913043478260789,0.3456790123456841,0.39587628865979374,0.6838235294117648,0.616600790513834
0.0,0.4782608695652115,0.6666666666666714,0.5305841924398624,0.5183823529411765,0.758893280632411
0.5,0.5326086956521721,0.45679012345679126,0.39587628865979374,0.661764705882353,0.8102766798418972
0.5,0.22826086956521152,0.3950617283950635,0.2859106529209623,0.4816176470588236,0.7154150197628458
0.0,0.5760869565217348,0.49382716049382935,0.647422680412371,0.32352941176470584,0.47826086956521735
0.0,0.2391304347826022,0.3703703703703738,0.39587628865979374,0.5863970588235295,0.11462450592885375
1.0,0.21739130434782084,0.3703703703703738,0.3711340206185567,0.6139705882352943,0.06324110671936758
0.0,0.7608695652173907,0.6419753086419746,0.29003436426116846,0.6709558823529412,0.13438735177865613
0.5,0.021739130434781373,0.03703703703703809,0.6501718213058418,0.4375,0.08300395256916995
0.0,0.6739130434782581,0.6666666666666714,0.5965635738831616,0.39522058823529405,0.3952569169960474
1.0,0.8369565217391255,0.8024691358024683,0.6268041237113402,0.2941176470588235,0.4624505928853755
0.0,0.4130434782608674,0.5925925925925952,0.3697594501718213,0.5569852941176472,0.15810276679841895
0.0,0.45652173913043015,0.6172839506172849,0.5786941580756015,0.3805147058823529,0.01976284584980237
0.0,0.44565217391303946,0.3703703703703738,0.4907216494845361,0.4816176470588236,0.3557312252964427
0.0,0.2717391304347814,0.2592592592592595,0.3903780068728524,0.4963235294117647,0.08300395256916995
0.5,0.6956521739130395,0.6049382716049436,0.4632302405498283,0.5827205882352942,0.5770750988142292
0.5,0.6195652173912976,0.7283950617283992,0.3931271477663232,0.5,0.5533596837944663
0.0,0.3369565217391255,0.4320987654321016,1.0,0.09007352941176452,0.8300395256916996
0.5,0.2608695652173836,0.3950617283950635,0.7051546391752579,0.2849264705882353,0.458498023715415
0.0,0.7717391304347743,0.5555555555555571,0.38075601374570445,0.6176470588235294,0.49407114624505927
0.5,0.4999999999999929,0.5308641975308674,0.4343642611683851,0.5386029411764707,0.7193675889328063
1.0,0.3369565217391255,0.44444444444444997,1.0,0.11764705882352924,0.5217391304347826
0.0,0.4239130434782581,0.3333333333333357,0.32164948453608244,0.641544117647059,0.09486166007905138
0.5,0.5217391304347814,0.6913580246913611,0.4810996563573884,0.5036764705882354,0.5138339920948616
0.0,0.5978260869565162,0.827160493827158,0.4467353951890036,0.48345588235294124,0.31225296442687744
0.0,0.14130434782608603,0.2839506172839492,1.0,0.17463235294117638,0.8221343873517786
0.0,0.6630434782608603,0.5802469135802468,0.5649484536082476,0.4430147058823529,0.525691699604743
0.5,0.8152173913043441,0.8024691358024683,0.3903780068728524,0.6893382352941178,0.23715415019762845
0.0,0.45652173913043015,0.3950617283950635,0.48384879725085916,0.46875,0.48221343873517786
0.5,0.29347826086956275,0.2839506172839492,0.6213058419243986,0.3051470588235293,0.2964426877470355
0.0,0.5760869565217348,0.5555555555555571,0.65979381443299,0.3474264705882353,0.1818181818181818
0.0,0.22826086956521152,0.3456790123456841,0.5512027491408937,0.3933823529411765,0.2845849802371541
0.0,0.6739130434782581,0.6296296296296333,0.45635738831615136,0.5183823529411765,0.46640316205533594
0.0,0.8804347826086882,0.7530864197530889,0.45498281786941597,0.5919117647058825,0.06324110671936758
0.5,0.25,0.3703703703703738,0.30790378006872854,0.5220588235294119,0.7035573122529644
0.0,0.5652173913043441,0.7654320987654302,0.32302405498281805,0.604779411764706,0.2134387351778656
0.5,0.36956521739129755,0.4320987654321016,0.35051546391752586,0.6636029411764707,0.7391304347826086
1.0,0.7826086956521721,0.6419753086419746,0.25841924398625427,0.7849264705882355,0.3992094861660079
1.0,0.5326086956521721,0.7037037037037024,0.4646048109965637,0.4283088235294118,0.5573122529644269
0.0,0.9239130434782581,0.9135802469135825,1.0,0.0036764705882350868,0.01976284584980237
0.0,0.7065217391304301,0.5308641975308674,0.4467353951890036,0.5055147058823529,0.7312252964426877
0.0,0.2391304347826022,0.308641975308646,0.3450171821305843,0.6562500000000001,0.4268774703557312
0.0,0.7282608695652115,0.5061728395061778,0.6611683848797254,0.3345588235294117,0.6007905138339921
0.5,0.35869565217391397,0.4197530864197603,0.23505154639175263,0.704044117647059,0.13438735177865613
0.0,0.25,0.2962962962963047,0.3697594501718213,0.6158088235294118,0.5889328063241106
0.5,0.5543478260869534,0.4320987654321016,0.4948453608247423,0.44852941176470595,0.901185770750988
0.0,0.1630434782608674,0.2839506172839492,0.5718213058419246,0.5073529411764706,0.8972332015810276
0.5,0.38043478260869534,0.5432098765432158,0.57319587628866,0.3400735294117647,0.5810276679841897
0.0,0.5108695652173907,0.48148148148148806,0.6185567010309279,0.29227941176470584,0.20948616600790512
0.0,0.21739130434782084,0.2716049382716008,0.3422680412371135,0.5330882352941176,0.7351778656126482
1.0,0.5434782608695627,0.518518518518519,0.46872852233676987,0.6213235294117648,0.49407114624505927
0.0,0.25,0.3580246913580325,1.0,0.029411764705882165,0.6758893280632411
0.5,0.9239130434782581,0.864197530864196,0.5319587628865978,0.3786764705882353,0.5059288537549407
1.0,0.4021739130434767,0.3703703703703738,1.0,0.13051470588235278,0.38735177865612647
0.5,0.6413043478260789,0.5432098765432158,0.536082474226804,0.36397058823529416,0.13438735177865613
0.5,0.5978260869565162,0.5679012345679055,0.3986254295532645,0.5625,0.0
0.0,0.891304347826086,0.8148148148148167,0.5718213058419246,0.41176470588235303,0.2924901185770751
0.5,0.4130434782608674,0.3950617283950635,0.21580756013745717,0.6544117647058825,0.8695652173913043
0.0,0.4999999999999929,0.5555555555555571,0.42749140893470816,0.6158088235294118,0.683794466403162
0.0,0.7173913043478208,0.6172839506172849,0.3587628865979382,0.7022058823529412,0.30039525691699603
0.0,0.38043478260869534,0.49382716049382935,0.6061855670103093,0.5073529411764706,0.6679841897233201
0.0,0.7173913043478208,0.6790123456790127,0.36701030927835054,0.5772058823529412,0.06324110671936758
0.5,0.8369565217391255,0.654320987654323,0.3312714776632304,0.5312500000000001,0.4743083003952569
0.5,0.5108695652173907,0.48148148148148806,0.44398625429553285,0.536764705882353,0.11462450592885375
0.5,0.8043478260869534,0.7777777777777786,1.0,0.1580882352941175,0.28063241106719367
0.0,0.3369565217391255,0.4197530864197603,0.26666666666666683,0.6121323529411765,0.14624505928853754
0.0,0.6304347826086953,0.6913580246913611,0.4536082474226806,0.4558823529411765,0.043478260869565216
0.0,0.3152173913043441,0.3827160493827222,0.26666666666666683,0.818014705882353,0.11067193675889328
0.0,0.7608695652173907,0.7037037037037024,0.36563573883161515,0.5055147058823529,0.525691699604743
0.0,0.17391304347825098,0.2592592592592595,0.666666666666667,0.31066176470588225,0.541501976284585
0.0,0.36956521739129755,0.5061728395061778,0.017869415807560296,0.976102941176471,0.8023715415019762
0.0,0.5217391304347814,0.7160493827160508,0.45498281786941597,0.5625,0.2569169960474308
0.0,0.46739130434782794,0.6419753086419746,0.4384879725085913,0.5459558823529412,0.6482213438735177
0.0,0.17391304347825098,0.23456790123456983,0.3903780068728524,0.604779411764706,0.48221343873517786
0.5,0.9673913043478208,0.9629629629629619,0.30515463917525776,0.6433823529411765,0.32806324110671936
0.5,0.22826086956521152,0.2716049382716008,0.23367697594501724,0.6562500000000001,0.6245059288537549
0.5,0.6521739130434767,0.6296296296296333,0.3436426116838489,0.599264705882353,0.23320158102766797
0.5,0.9456521739130395,0.9506172839506135,0.30378006872852237,0.6066176470588236,0.4861660079051383
0.5,0.2608695652173836,0.308641975308646,0.27766323024054995,0.7463235294117648,0.6403162055335968
0.5,0.4239130434782581,0.3827160493827222,0.7312714776632303,0.3805147058823529,0.7312252964426877
0.5,0.6086956521739069,0.6913580246913611,0.597938144329897,0.3492647058823529,0.7509881422924901
0.0,0.30434782608695343,0.308641975308646,0.43161512027491433,0.46139705882352944,0.06719367588932806
0.0,0.5978260869565162,0.654320987654323,0.5635738831615122,0.5808823529411765,0.33992094861660077
0.5,0.8804347826086882,0.8024691358024683,1.0,0.19669117647058812,0.23320158102766797
0.0,0.3152173913043441,0.3209876543209944,0.31890034364261166,0.6599264705882354,0.7667984189723319
0.0,0.6086956521739069,0.6790123456790127,0.8536082474226805,0.23345588235294104,0.450592885375494
0.5,0.11956521739129755,0.18518518518518334,1.0,0.12132352941176452,0.7233201581027667
0.0,0.8260869565217348,0.8148148148148167,0.4769759450171822,0.5147058823529411,0.7233201581027667
0.5,0.5652173913043441,0.7407407407407405,0.1388316151202751,0.9411764705882355,0.3438735177865612
1.0,0.7499999999999929,0.6913580246913611,0.8109965635738834,0.24999999999999986,0.015810276679841896
0.5,0.8695652173913047,0.8518518518518547,0.43161512027491433,0.5808823529411765,0.2885375494071146
0.0,0.2391304347826022,0.3209876543209944,0.302405498281787,0.6580882352941178,0.1067193675889328
0.0,0.45652173913043015,0.45679012345679126,0.30515463917525776,0.8455882352941178,0.7707509881422925
0.0,0.3260869565217348,0.45679012345679126,0.5195876288659793,0.4283088235294118,0.37154150197628455
0.5,0.6956521739130395,0.6666666666666714,0.4646048109965637,0.4908088235294118,0.6245059288537549
1.0,0.6847826086956488,0.6790123456790127,0.3120274914089347,0.625,0.37549407114624506
0.0,0.1630434782608674,0.23456790123456983,0.36563573883161515,0.6525735294117647,0.5454545454545454
0.0,0.46739130434782794,0.4320987654321016,0.3876288659793816,0.5569852941176472,0.6324110671936758
0.5,0.5869565217391255,0.6049382716049436,0.3725085910652921,0.5312500000000001,0.7272727272727272
0.0,0.6195652173912976,0.6419753086419746,0.3876288659793816,0.6084558823529412,0.13833992094861658
0.0,0.8695652173913047,0.7037037037037024,0.4522336769759452,0.6102941176470589,0.924901185770751
0.0,0.3913043478260789,0.3703703703703738,0.5443298969072168,0.3915441176470589,0.3913043478260869
0.0,0.1630434782608674,0.2592592592592595,0.2817869415807561,0.5533088235294118,0.2924901185770751
0.0,0.8260869565217348,0.8395061728395063,0.7079037800687287,0.35477941176470584,0.3359683794466403
0.5,0.3478260869565162,0.3827160493827222,0.5347079037800686,0.42647058823529416,0.08300395256916995
1.0,0.8369565217391255,0.8395061728395063,0.4659793814432991,0.46139705882352944,0.6442687747035573
0.0,0.3913043478260789,0.3456790123456841,0.566323024054983,0.48345588235294124,0.4703557312252964
0.5,0.5760869565217348,0.48148148148148806,0.46048109965635753,0.47058823529411764,0.26877470355731226
0.5,0.4347826086956488,0.6049382716049436,0.6061855670103093,0.34191176470588225,0.3913043478260869
0.0,0.9130434782608674,0.8395061728395063,0.6900343642611686,0.244485294117647,0.5494071146245059
0.0,0.38043478260869534,0.5432098765432158,0.6034364261168386,0.4908088235294118,0.4150197628458498
0.0,0.22826086956521152,0.3333333333333357,0.5773195876288661,0.3621323529411764,0.8181818181818181
0.5,0.3260869565217348,0.2839506172839492,0.4054982817869415,0.5459558823529412,0.7509881422924901
0.5,0.4130434782608674,0.3580246913580325,0.3752577319587629,0.43014705882352944,0.6679841897233201
0.5,0.5543478260869534,0.518518518518519,0.33951890034364274,0.3492647058823529,0.758893280632411
0.0,0.4130434782608674,0.5432098765432158,0.2817869415807561,0.786764705882353,0.4268774703557312
0.0,0.5869565217391255,0.6172839506172849,0.2268041237113403,0.8860294117647061,0.6996047430830039
0.0,0.45652173913043015,0.44444444444444997,0.48384879725085916,0.5422794117647058,0.5889328063241106
0.5,0.5978260869565162,0.5555555555555571,0.18694158075601375,0.729779411764706,0.6205533596837944
0.0,0.5652173913043441,0.7777777777777786,0.536082474226804,0.43933823529411775,0.44664031620553357
0.0,0.9565217391304373,0.9135802469135825,0.684536082474227,0.4007352941176471,0.13043478260869565
0.0,0.4130434782608674,0.5308641975308674,0.2735395189003438,0.7996323529411766,0.8023715415019762
0.0,0.5760869565217348,0.5802469135802468,0.604810996563574,0.4852941176470589,0.8735177865612648
0.5,0.5217391304347814,0.5679012345679055,0.2501718213058419,0.661764705882353,0.1976284584980237
0.5,0.35869565217391397,0.49382716049382935,0.20068728522336787,0.6783088235294119,0.5375494071146245
0.5,0.7065217391304301,0.654320987654323,0.9223367697594504,0.19852941176470576,0.11857707509881422
1.0,0.28260869565216495,0.20987654320987303,0.5993127147766324,0.4283088235294118,0.8893280632411067
0.5,0.20652173913043015,0.3580246913580325,0.47422680412371143,0.4816176470588236,0.308300395256917
0.0,0.22826086956521152,0.3333333333333357,0.2886597938144331,0.49816176470588236,0.24901185770750986
0.0,0.3478260869565162,0.5061728395061778,0.5841924398625431,0.4099264705882353,0.8023715415019762
0.0,0.9130434782608674,0.864197530864196,0.511340206185567,0.5882352941176471,0.7747035573122529
0.0,0.9130434782608674,0.8395061728395063,0.3147766323024055,0.604779411764706,0.7391304347826086
0.0,0.6086956521739069,0.6172839506172849,0.5567010309278353,0.33823529411764697,0.007905138339920948
0.0,0.9021739130434767,0.8024691358024683,0.7257731958762887,0.32904411764705876,0.01976284584980237
0.0,0.6956521739130395,0.6913580246913611,0.7422680412371134,0.3253676470588235,0.3043478260869565
0.5,0.6847826086956488,0.6049382716049436,0.5924398625429554,0.4283088235294118,0.8221343873517786
0.0,0.7391304347826093,0.7037037037037024,0.38213058419243984,0.4944852941176472,0.37549407114624506
0.0,0.8043478260869534,0.6666666666666714,0.772508591065292,0.28125,0.533596837944664
0.5,0.3369565217391255,0.5432098765432158,0.22955326460481107,0.8272058823529413,0.3794466403162055
1.0,0.6847826086956488,0.518518518518519,0.35051546391752586,0.7500000000000001,0.37549407114624506
0.5,0.9565217391304373,0.9382716049382722,0.7037800687285225,0.3033088235294117,0.6245059288537549
0.0,0.2717391304347814,0.3333333333333357,1.0,0.11764705882352924,0.5849802371541502
0.5,0.18478260869564878,0.2962962962963047,0.2570446735395189,0.7095588235294118,0.30039525691699603
0.0,0.36956521739129755,0.48148148148148806,0.6831615120274916,0.33639705882352944,0.7035573122529644
0.0,0.5869565217391255,0.654320987654323,0.23092783505154646,0.7444852941176472,0.26877470355731226
0.5,0.9347826086956488,0.9259259259259238,0.6350515463917525,0.3033088235294117,0.4110671936758893
1.0,0.8369565217391255,0.827160493827158,0.6309278350515464,0.4466911764705883,0.6640316205533596
0.0,0.891304347826086,0.864197530864196,0.30927835051546393,0.6709558823529412,0.32411067193675885
0.0,0.22826086956521152,0.3456790123456841,0.4508591065292098,0.4338235294117647,0.4980237154150197
0.0,0.7499999999999929,0.7407407407407405,0.5333333333333332,0.47426470588235303,0.5731225296442687
0.0,0.9130434782608674,0.8148148148148167,0.2845360824742269,0.6139705882352943,0.38735177865612647
0.0,0.891304347826086,0.7654320987654302,0.32577319587628883,0.6029411764705883,0.03952569169960474
0.0,0.3260869565217348,0.2716049382716008,0.8219931271477665,0.25183823529411753,0.5731225296442687
0.5,0.7065217391304301,0.6419753086419746,0.9800687285223368,0.14889705882352924,0.0909090909090909
0.5,0.30434782608695343,0.44444444444444997,0.802749140893471,0.22794117647058812,0.3043478260869565
0.0,0.9456521739130395,0.9259259259259238,0.5718213058419246,0.4761029411764707,0.4110671936758893
0.5,0.5652173913043441,0.6049382716049436,0.622680412371134,0.3529411764705882,0.7272727272727272
0.0,0.5543478260869534,0.6790123456790127,0.41786941580756043,0.4503676470588235,0.7391304347826086
0.0,0.6521739130434767,0.6913580246913611,0.4206185567010312,0.6966911764705884,0.03952569169960474
0.5,0.8369565217391255,0.6790123456790127,0.4824742268041238,0.4632352941176471,0.5494071146245059
0.0,0.5652173913043441,0.5925925925925952,0.5443298969072168,0.46691176470588247,0.7865612648221343
0.0,0.9347826086956488,0.9012345679012341,0.42886597938144355,0.49816176470588236,0.6956521739130435
1.0,0.35869565217391397,0.3827160493827222,0.5470790378006876,0.48345588235294124,0.14229249011857706
0.0,0.8369565217391255,0.6790123456790127,0.2378006872852234,0.7022058823529412,0.6877470355731224
0.0,0.7282608695652115,0.5308641975308674,0.38625429553264623,0.661764705882353,0.7154150197628458
0.0,0.8260869565217348,0.8024691358024683,0.23642611683848802,0.8272058823529413,0.3557312252964427
0.0,0.20652173913043015,0.3209876543209944,0.7216494845360826,0.27941176470588225,0.7430830039525691
0.0,0.7608695652173907,0.654320987654323,0.22130584192439873,0.7113970588235295,0.608695652173913
0.5,0.6086956521739069,0.7037037037037024,0.5003436426116838,0.5275735294117647,0.4980237154150197
1.0,0.11956521739129755,0.20987654320987303,0.5745704467353954,0.41727941176470584,0.0
0.0,0.8478260869565233,0.6913580246913611,0.6721649484536085,0.3492647058823529,0.8577075098814229
0.5,0.5760869565217348,0.5308641975308674,0.18419243986254297,0.9209558823529413,0.3438735177865612
0.0,0.21739130434782084,0.3333333333333357,0.4398625429553267,0.4522058823529411,0.2727272727272727
0.0,0.4021739130434767,0.5555555555555571,0.2872852233676977,0.9136029411764708,0.3636363636363636
0.0,0.5543478260869534,0.7530864197530889,0.14295532646048126,0.8529411764705885,0.7826086956521738
0.5,0.5760869565217348,0.6172839506172849,0.39725085910652913,0.43933823529411775,0.7628458498023715
0.5,0.5978260869565162,0.6172839506172849,0.2996563573883162,0.5386029411764707,0.6719367588932806
0.0,0.5326086956521721,0.5555555555555571,0.3738831615120275,0.5533088235294118,0.7549407114624506
0.5,0.35869565217391397,0.5308641975308674,0.7051546391752579,0.41727941176470584,0.17391304347826086
0.0,0.5217391304347814,0.5061728395061778,0.4646048109965637,0.41176470588235303,0.08300395256916995
0.0,0.7173913043478208,0.6419753086419746,0.5896907216494847,0.4430147058823529,0.1976284584980237
0.0,0.8260869565217348,0.6666666666666714,0.5333333333333332,0.5974264705882353,0.533596837944664
0.0,0.4999999999999929,0.5061728395061778,0.4247422680412374,0.641544117647059,0.4426877470355731
0.5,0.4239130434782581,0.3456790123456841,0.5855670103092785,0.42279411764705876,0.6324110671936758
1.0,0.03260869565217206,0.06172839506172778,0.33814432989690735,0.5459558823529412,0.2727272727272727
0.0,0.7391304347826093,0.6172839506172849,0.21580756013745717,0.5937500000000001,0.8221343873517786
0.5,0.1630434782608674,0.2962962962963047,0.927835051546392,0.20955882352941166,0.8379446640316205
0.5,0.3152173913043441,0.4074074074074119,0.7628865979381443,0.25367647058823517,0.6640316205533596
0.0,0.7391304347826093,0.7037037037037024,0.30652920962199315,0.6691176470588237,0.20553359683794464
0.0,0.13043478260868824,0.20987654320987303,0.17044673539518906,0.729779411764706,0.24505928853754938
0.0,0.7826086956521721,0.7654320987654302,0.32027491408934705,0.5900735294117647,0.8023715415019762
0.0,0.5652173913043441,0.7037037037037024,0.7436426116838488,0.3584558823529411,0.25296442687747034
0.5,0.7608695652173907,0.6419753086419746,0.48797250859106533,0.5588235294117648,0.8300395256916996
0.5,0.22826086956521152,0.3456790123456841,0.4522336769759452,0.4338235294117647,0.22134387351778656
0.5,0.9673913043478208,0.9259259259259238,0.29140893470790385,0.6599264705882354,0.06719367588932806
0.5,0.30434782608695343,0.3580246913580325,0.7532646048109966,0.32904411764705876,0.4703557312252964
0.5,0.2391304347826022,0.2839506172839492,0.3601374570446736,0.5827205882352942,0.7035573122529644
0.5,0.36956521739129755,0.3209876543209944,0.24879725085910653,0.6213235294117648,0.2924901185770751
0.0,0.7717391304347743,0.7283950617283992,0.6240549828178694,0.40808823529411764,0.26877470355731226
0.0,0.2717391304347814,0.18518518518518334,0.9786941580756015,0.18749999999999986,0.6956521739130435
0.0,0.38043478260869534,0.49382716049382935,0.5690721649484538,0.5919117647058825,0.043478260869565216
0.5,0.6195652173912976,0.8024691358024683,0.45498281786941597,0.5275735294117647,0.5533596837944663
0.0,0.45652173913043015,0.44444444444444997,0.2268041237113403,0.7591911764705884,0.5810276679841897
0.5,0.8695652173913047,0.7530864197530889,0.5223367697594501,0.3805147058823529,0.2964426877470355
1.0,0.5652173913043441,0.6790123456790127,0.3147766323024055,0.5955882352941178,0.007905138339920948
0.5,0.5217391304347814,0.4320987654321016,0.2982817869415808,0.6121323529411765,0.4743083003952569
0.0,0.5543478260869534,0.5432098765432158,0.5168384879725085,0.5349264705882353,0.7272727272727272
0.5,0.44565217391303946,0.4197530864197603,0.45635738831615136,0.5606617647058824,0.03952569169960474
0.0,0.7499999999999929,0.7530864197530889,1.0,0.16544117647058812,0.14229249011857706
0.0,0.10869565217390686,0.17283950617284205,0.6790378006872855,0.36948529411764697,0.7509881422924901
0.0,0.6521739130434767,0.6419753086419746,0.8137457044673542,0.20404411764705868,0.30039525691699603
1.0,0.6739130434782581,0.6172839506172849,0.8549828178694159,0.24632352941176458,0.03162055335968379
0.0,0.7717391304347743,0.654320987654323,0.23367697594501724,1.0,0.7667984189723319
0.0,0.30434782608695343,0.22222222222222143,0.7092783505154641,0.37316176470588236,0.7905138339920948
0.0,0.44565217391303946,0.4320987654321016,0.37938144329896906,0.6507352941176472,0.09486166007905138
0.0,0.4239130434782581,0.4197530864197603,0.3010309278350516,0.6599264705882354,0.015810276679841896
0.5,0.7608695652173907,0.7160493827160508,0.38075601374570445,0.5882352941176471,0.2569169960474308
0.0,0.5217391304347814,0.48148148148148806,0.5127147766323024,0.44485294117647056,0.3794466403162055
0.0,0.6739130434782581,0.5432098765432158,0.647422680412371,0.3786764705882353,0.18577075098814227
0.0,0.7391304347826093,0.6790123456790127,0.44536082474226824,0.5919117647058825,0.6403162055335968
0.0,0.6739130434782581,0.6049382716049436,0.5635738831615122,0.3915441176470589,0.4743083003952569
0.0,0.7391304347826093,0.6913580246913611,0.48522336769759455,0.34375,0.7984189723320158
0.5,0.5326086956521721,0.7283950617283992,0.5017182130584192,0.6176470588235294,0.09486166007905138
0.0,0.4239130434782581,0.5555555555555571,0.7271477663230241,0.3272058823529411,0.04743083003952569
0.5,0.6521739130434767,0.5802469135802468,0.5621993127147769,0.6525735294117647,0.308300395256917
1.0,0.5652173913043441,0.518518518518519,0.3147766323024055,0.6084558823529412,0.8300395256916996
1.0,0.5869565217391255,0.8024691358024683,0.22955326460481107,0.6654411764705883,0.24505928853754938
0.5,0.7608695652173907,0.7407407407407405,0.50446735395189,0.46875,0.01976284584980237
0.0,0.6847826086956488,0.6419753086419746,0.5374570446735398,0.5036764705882354,0.7549407114624506
0.0,0.3152173913043441,0.4197530864197603,0.41099656357388303,0.5827205882352942,0.3162055335968379
0.0,0.3913043478260789,0.3827160493827222,0.4962199312714777,0.3658088235294118,0.20948616600790512
0.5,0.2717391304347814,0.3209876543209944,0.548453608247423,0.4191176470588236,0.5177865612648221
0.5,0.021739130434781373,0.02469135802468969,0.4810996563573884,0.5753676470588236,0.7667984189723319
0.5,0.5760869565217348,0.7283950617283992,0.6350515463917525,0.3492647058823529,0.20553359683794464
0.0,0.46739130434782794,0.46913580246913966,0.3917525773195878,0.5257352941176471,0.6640316205533596
1.0,0.4999999999999929,0.48148148148148806,0.3326460481099658,0.7058823529411766,0.38735177865612647
0.0,0.38043478260869534,0.518518518518519,0.43161512027491433,0.48345588235294124,0.17786561264822134
0.0,0.6739130434782581,0.6049382716049436,0.4824742268041238,0.5128676470588236,0.8221343873517786
0.0,0.5326086956521721,0.45679012345679126,1.0,0.1580882352941175,0.17391304347826086
1.0,0.3478260869565162,0.44444444444444997,0.3477663230240551,0.6893382352941178,0.49011857707509876
0.0,0.4891304347826093,0.45679012345679126,1.0,0.056985294117646884,0.7944664031620553
0.5,0.9239130434782581,0.8395061728395063,0.2721649484536084,0.5937500000000001,0.5652173913043478
0.5,0.4999999999999929,0.5925925925925952,0.5608247422680415,0.48897058823529416,0.7233201581027667
0.0,0.19565217391303946,0.3333333333333357,0.5250859106529209,0.44485294117647056,0.6600790513833992
0.0,0.7282608695652115,0.6419753086419746,0.2886597938144331,0.7408088235294119,0.8379446640316205
0.0,0.29347826086956275,0.308641975308646,0.3999999999999999,0.5386029411764707,0.5770750988142292
0.5,0.6413043478260789,0.654320987654323,0.35189003436426125,0.5257352941176471,0.5177865612648221
0.0,0.11956521739129755,0.20987654320987303,0.32302405498281805,0.6544117647058825,0.27667984189723316
0.0,0.4130434782608674,0.5061728395061778,0.3161512027491409,0.7830882352941178,0.8577075098814229
0.5,0.5760869565217348,0.45679012345679126,0.48522336769759455,0.44852941176470595,0.3557312252964427
0.5,0.6521739130434767,0.654320987654323,0.3326460481099658,0.7334558823529413,0.6363636363636364
0.5,0.9673913043478208,0.9629629629629619,0.5003436426116838,0.5238970588235294,0.6363636363636364
0.0,0.5978260869565162,0.6049382716049436,0.34089347079037813,0.5404411764705883,0.8893280632411067
0.0,0.5869565217391255,0.827160493827158,0.5800687285223369,0.46139705882352944,0.38735177865612647
0.0,0.5760869565217348,0.45679012345679126,0.4123711340206184,0.5753676470588236,0.30039525691699603
1.0,0.891304347826086,0.8148148148148167,0.2996563573883162,0.6654411764705883,0.13833992094861658
1.0,0.4999999999999929,0.6790123456790127,0.4494845360824744,0.42279411764705876,0.691699604743083
0.5,0.4021739130434767,0.45679012345679126,0.5402061855670106,0.4503676470588235,0.27667984189723316
0.5,0.19565217391303946,0.3333333333333357,0.5773195876288661,0.3786764705882353,0.8063241106719367
0.0,0.36956521739129755,0.48148148148148806,0.45910652920962214,0.6231617647058825,0.7826086956521738
0.0,0.7608695652173907,0.6913580246913611,0.21443298969072178,0.6433823529411765,0.5177865612648221
1.0,0.28260869565216495,0.3950617283950635,0.34089347079037813,0.49264705882352944,0.17786561264822134
0.5,0.3478260869565162,0.48148148148148806,0.44536082474226824,0.5312500000000001,0.3952569169960474
0.0,0.2391304347826022,0.45679012345679126,0.20618556701030943,0.8345588235294119,0.5770750988142292
0.5,0.44565217391303946,0.518518518518519,0.548453608247423,0.511029411764706,0.3438735177865612
0.0,0.38043478260869534,0.3580246913580325,0.7037800687285225,0.3051470588235293,0.37549407114624506
0.0,0.19565217391303946,0.3456790123456841,0.747766323024055,0.35477941176470584,0.18972332015810275
0.0,0.20652173913043015,0.3703703703703738,0.46872852233676987,0.4871323529411764,0.2608695652173913
0.5,0.2608695652173836,0.3456790123456841,0.5374570446735398,0.41176470588235303,0.5019762845849802
0.0,0.18478260869564878,0.2716049382716008,0.6419243986254295,0.34558823529411764,0.5810276679841897
0.0,0.4239130434782581,0.3703703703703738,0.6625429553264608,0.3253676470588235,0.3675889328063241
0.0,0.891304347826086,0.827160493827158,0.15945017182130594,1.0,0.37154150197628455
0.5,0.8478260869565233,0.827160493827158,0.2886597938144331,0.6856617647058825,0.4110671936758893
0.0,0.2608695652173836,0.3703703703703738,0.9085910652920965,0.22242647058823514,0.06719367588932806
0.0,0.8043478260869534,0.7160493827160508,0.448109965635739,0.5257352941176471,0.5889328063241106
0.0,0.5326086956521721,0.49382716049382935,0.7010309278350517,0.3253676470588235,0.5612648221343873
0.0,0.6847826086956488,0.6049382716049436,1.0,0.1268382352941175,0.04743083003952569
0.0,0.3369565217391255,0.44444444444444997,0.5140893470790378,0.4154411764705882,0.8221343873517786
0.0,0.3152173913043441,0.44444444444444997,0.2570446735395189,0.5698529411764706,0.5612648221343873
1.0,0.38043478260869534,0.4320987654321016,0.18969072164948453,0.7665441176470589,0.1976284584980237
0.5,0.7826086956521721,0.5802469135802468,0.389003436426117,0.7500000000000001,0.7667984189723319
0.0,0.5869565217391255,0.6296296296296333,0.4219931271477666,0.536764705882353,0.5810276679841897
0.0,0.6413043478260789,0.654320987654323,0.8151202749140896,0.2996323529411764,0.7707509881422925
0.0,0.5652173913043441,0.7654320987654302,0.8000000000000003,0.2849264705882353,0.8181818181818181
0.0,0.5652173913043441,0.7283950617283992,0.7917525773195879,0.25735294117647045,0.37154150197628455
0.0,0.4239130434782581,0.3333333333333357,0.566323024054983,0.36397058823529416,0.5612648221343873
0.0,0.22826086956521152,0.3456790123456841,0.8439862542955328,0.24080882352941166,0.2134387351778656
0.5,0.9130434782608674,0.864197530864196,0.5003436426116838,0.5496323529411765,0.7667984189723319
0.5,0.6847826086956488,0.6049382716049436,0.7189003436426118,0.3180147058823529,0.15810276679841895
0.0,0.891304347826086,0.827160493827158,0.46048109965635753,0.43566176470588236,0.7549407114624506
0.5,0.30434782608695343,0.3827160493827222,0.36426116838487976,0.6507352941176472,0.24505928853754938
0.0,0.5326086956521721,0.7160493827160508,0.4494845360824744,0.4724264705882353,0.2727272727272727
0.5,0.4891304347826093,0.5308641975308674,0.4013745704467353,0.4466911764705883,0.6679841897233201
0.5,0.3913043478260789,0.44444444444444997,0.5676975945017184,0.32904411764705876,0.2569169960474308
0.0,0.7934782608695627,0.5555555555555571,0.21580756013745717,0.911764705882353,0.3636363636363636
0.5,0.17391304347825098,0.2839506172839492,0.3312714776632304,0.6966911764705884,0.16996047430830039
0.5,0.35869565217391397,0.5432098765432158,0.5883161512027493,0.3713235294117647,0.05928853754940711
1.0,0.29347826086956275,0.23456790123456983,0.3463917525773197,0.6066176470588236,0.592885375494071
0.5,0.21739130434782084,0.3580246913580325,0.361512027491409,0.7389705882352943,0.6324110671936758
0.0,0.4782608695652115,0.4320987654321016,0.42611683848797277,0.4779411764705882,0.7865612648221343
1.0,0.4782608695652115,0.4320987654321016,0.5305841924398624,0.5294117647058825,0.24505928853754938
0.5,0.4999999999999929,0.4197530864197603,0.47422680412371143,0.5698529411764706,0.7430830039525691
0.5,0.4021739130434767,0.5308641975308674,0.4398625429553267,0.6158088235294118,0.7826086956521738
0.0,0.36956521739129755,0.3456790123456841,0.5168384879725085,0.41176470588235303,0.6284584980237153
0.0,0.29347826086956275,0.308641975308646,0.25979381443298966,0.6507352941176472,0.02766798418972332
1.0,0.11956521739129755,0.22222222222222143,0.5883161512027493,0.4099264705882353,0.2964426877470355
0.0,0.4782608695652115,0.48148148148148806,0.2103092783505156,0.7463235294117648,0.6561264822134387
0.5,0.8804347826086882,0.7283950617283992,0.35326460481099664,0.599264705882353,0.7272727272727272
0.0,0.5869565217391255,0.46913580246913966,0.4027491408934707,0.6819852941176472,0.0
0.5,0.4347826086956488,0.3456790123456841,0.2996563573883162,0.5404411764705883,0.11857707509881422
0.0,0.6739130434782581,0.5925925925925952,0.3917525773195878,0.5772058823529412,0.5098814229249011
1.0,0.3913043478260789,0.48148148148148806,0.5195876288659793,0.41360294117647056,0.7509881422924901
0.0,0.3913043478260789,0.3703703703703738,0.5195876288659793,0.5625,0.450592885375494
0.0,0.9891304347826022,0.9753086419753103,0.57319587628866,0.47977941176470584,0.035573122529644265
0.0,0.09782608695651618,0.18518518518518334,0.29415807560137464,0.7205882352941178,0.7944664031620553
0.5,0.5543478260869534,0.7037037037037024,0.2570446735395189,0.7977941176470591,0.48221343873517786
0.0,0.22826086956521152,0.3827160493827222,0.5085910652920962,0.5220588235294119,0.4980237154150197
0.0,0.6086956521739069,0.5802469135802468,0.5058419243986254,0.3933823529411765,0.17786561264822134
0.0,0.5760869565217348,0.45679012345679126,0.4206185567010312,0.5128676470588236,0.3438735177865612
0.0,0.4021739130434767,0.5555555555555571,0.7175257731958764,0.32904411764705876,0.9644268774703557
0.0,0.13043478260868824,0.23456790123456983,0.47285223367697604,0.5661764705882354,0.3636363636363636
0.0,0.5652173913043441,0.5802469135802468,0.8151202749140896,0.25183823529411753,0.04743083003952569
1.0,0.3152173913043441,0.4074074074074119,0.26391752577319605,0.8088235294117647,0.4229249011857707
0.5,0.35869565217391397,0.308641975308646,0.4398625429553267,0.573529411764706,0.16996047430830039
0.0,0.13043478260868824,0.23456790123456983,0.361512027491409,0.5955882352941178,0.3557312252964427
0.5,0.7608695652173907,0.7407407407407405,0.479725085910653,0.4558823529411765,0.49011857707509876
0.5,0.45652173913043015,0.4074074074074119,0.31752577319587627,0.6783088235294119,0.8181818181818181
0.0,0.4782608695652115,0.4320987654321016,0.8426116838487974,0.3088235294117647,0.7944664031620553
0.0,0.8043478260869534,0.5925925925925952,0.2515463917525773,0.5330882352941176,0.03952569169960474
0.0,0.29347826086956275,0.518518518518519,0.32302405498281805,0.641544117647059,0.16996047430830039
0.0,0.9021739130434767,0.827160493827158,0.302405498281787,0.5349264705882353,0.8735177865612648
0.0,0.6195652173912976,0.6172839506172849,0.7683848797250858,0.39889705882352944,0.5019762845849802
0.0,0.08695652173912549,0.12345679012345556,0.3312714776632304,0.5514705882352942,0.5296442687747035
0.0,0.8043478260869534,0.6666666666666714,0.3738831615120275,0.4908088235294118,0.5770750988142292
1.0,0.5434782608695627,0.7160493827160508,0.40687285223367686,0.5183823529411765,0.11462450592885375
0.0,0.6956521739130395,0.6790123456790127,0.479725085910653,0.5441176470588236,0.44664031620553357
0.0,0.36956521739129755,0.49382716049382935,0.4041237113402061,0.625,0.015810276679841896
